v 2.542591 3.226544 -0.889367
v 2.525733 3.514922 -0.888732
v 2.589959 3.529715 -0.830214
v 2.713758 3.709247 -0.863399
v 2.722783 3.208751 -0.881726
v 2.690674 3.331528 -0.842994
v 2.856025 3.332615 -0.882402
v 2.869075 3.246361 -0.758565
v 2.827903 3.574228 -0.861032
v 2.891543 3.672295 -0.807347
v 2.956300 3.321990 -0.842904
v 2.996657 3.654059 -0.867525
v 2.982779 3.374783 -0.791490
v 3.045208 3.376104 -0.827641
v 2.967569 3.400174 -0.886694
v 2.940387 3.489451 -0.811806
v 3.125833 3.375677 -0.824965
v 3.139614 3.406002 -0.828462
v 3.075000 3.425000 -0.817346
v 3.129087 3.426074 -0.824858
v 3.141634 3.675712 -0.871470
v 3.087448 3.678938 -0.745168
v 3.177672 3.364177 -0.849175
v 3.124499 3.496325 -0.861643
v 8.025000 4.283914 0.125000
v 8.075000 4.279860 0.175000
v 8.071329 4.286129 0.348110
v 7.956918 4.281040 0.669128
v 8.175000 4.263673 0.125000
v 8.125000 4.265749 0.125000
v 8.075000 4.267307 0.075000
v 8.150000 4.271121 0.174352
v 8.224999 4.267091 0.075000
v 8.224999 4.272646 0.225000
v 8.318749 4.278554 0.672410
v 8.312500 4.273532 0.050331
v 8.265908 4.280471 0.074843
v 8.093822 4.273354 0.793985
v 8.245831 4.276670 0.291275
v 8.375000 4.259778 0.075000
v 8.375000 4.275000 0.031657
v 8.325000 4.272328 0.125000
v 8.425000 4.261066 0.075000
v 8.325000 4.269122 0.762500
v 8.425235 4.272408 0.675490
v 8.480785 4.267795 0.298618
v 8.474999 4.285274 0.675000
v 8.500000 4.283293 0.225000
v 8.365304 4.269036 0.300000
v 8.525000 4.273866 0.625000
v 8.520932 4.280661 0.654194
v 8.534666 4.277040 0.725000
v 8.604479 4.275000 0.355475
v 8.653445 4.264594 0.384193
v 8.766487 4.266744 0.622370
v 8.605268 4.277365 0.325000
v 8.724999 4.264964 0.125000
v 8.792573 4.258077 0.204286
v 8.775000 4.269775 0.446343
v 8.687500 4.269163 0.491534
v 8.787500 4.265846 0.575000
v 8.775000 4.281836 0.375000
v 8.825000 4.284899 0.325000
v 8.687500 4.278041 0.662500
v 8.812500 4.275332 0.725000
v 8.850000 4.266601 0.225000
v 8.775000 4.275000 0.247448
v 8.860258 4.260098 0.802332
v -3.054572 -3.322165 0.201169
v -3.052325 -3.332583 0.590389
v -3.070338 -3.227179 0.630834
v -3.057913 -3.332228 0.915270
v -2.858570 -3.348709 0.746999
v -3.009326 -3.347464 -0.030996
v -2.824499 -3.353181 0.484468
v -2.468987 -3.361056 0.728330
v -2.476382 -3.352830 0.181766
v -2.401879 -3.821877 0.748693
v -2.431437 -3.798675 0.823349
v -2.375892 -3.441023 0.546724
v 12.084857 -0.945958 2.150314
v 12.284625 -1.415573 2.147293
v 12.326891 -1.133965 2.162406
v 12.319273 -0.897964 2.150788
v 12.675657 -1.399068 2.147995
v 12.622672 -1.063988 2.143857
v 12.527187 -1.567872 2.150535
v 12.789502 -1.476208 2.166921
v 12.798065 -0.912139 2.156296
v 12.863441 -1.129847 2.154675
v 2.470050 3.344986 -0.227458
v 2.470378 3.388262 -0.345525
v 2.484212 3.820924 -0.222964
v 2.522424 3.295758 -0.407857
v 2.510908 3.327793 -0.252284
v 2.500308 3.353958 -0.472620
v 2.557530 3.278685 -0.521416
v 2.610544 3.274694 -0.447908
v 2.615548 3.249335 -0.357924
v 2.640677 3.458783 -0.479045
v 2.536506 3.811255 -0.611066
v 2.554547 3.818406 -0.049246
v 2.671397 3.145215 -0.517437
v 2.623017 3.833249 -0.531948
v 2.557387 3.861874 -0.354659
v 2.620137 3.796080 -0.261864
v 2.623289 3.343406 -0.530220
v 2.674295 3.320372 -0.480502
v 2.685418 3.646483 -0.239559
v 2.684820 3.729803 -0.420191
v 2.626498 3.818199 -0.804392
v 2.585048 3.876978 -0.158478
v 2.727637 3.951914 -0.158795
v 2.652361 3.938628 -0.380464
v 2.790631 3.561988 -0.454154
v 2.758163 3.540156 -0.543741
v 2.688308 3.729090 -0.607243
v 2.674539 3.992895 -0.431544
v 3.075175 3.600877 -0.176559
v 2.632421 3.634151 -0.178343
v 2.794567 3.387806 -0.556433
v 2.813741 3.386416 -0.753699
v 2.804565 3.358260 -0.654869
v 2.818827 3.553274 -0.810753
v 2.819852 3.524544 -0.677418
v 2.816323 3.722272 -0.070970
v 2.950934 3.744636 -0.327050
v 2.713420 3.864962 -0.325940
v 2.748500 3.931814 -0.378216
v 2.799845 4.040274 -0.016127
v 2.825283 3.217247 -0.605015
v 2.889779 3.450138 -0.673547
v 2.818481 3.817897 -0.133695
v 2.934026 3.200891 -0.818277
v 2.906892 3.315585 -0.739650
v 2.901846 3.555240 -0.606179
v 2.958998 3.777437 -0.055503
v 2.978143 3.826549 -0.107864
v 2.929585 3.968473 -0.111104
v 2.868786 4.024143 -0.377390
v 2.930739 4.006462 0.181452
v 2.894050 3.264621 -0.663514
v 2.939903 3.405568 -0.463268
v 2.988990 3.649185 -0.561489
v 2.866448 3.693719 -0.630895
v 3.010017 3.704438 -0.406417
v 3.040946 3.743170 -0.157898
v 2.986275 4.060963 -0.375444
v 2.982810 3.455351 -0.589449
v 3.008901 3.616866 -0.224525
v 3.024748 3.600466 -0.306625
v 3.011076 3.671597 -0.584309
v 2.902648 3.798673 -0.376655
v 2.938846 3.911957 -0.379425
v 3.041449 3.984617 -0.173410
v 3.081900 3.523140 -0.436485
v 2.963671 3.587459 -0.447991
v 3.064978 3.667210 -0.362307
v 3.088003 3.632454 -0.413858
v 3.135405 3.450415 -0.466569
v 3.072302 3.601679 -0.281170
v 3.074931 3.768175 -0.372431
v 3.079576 4.277492 -0.177773
v 3.099943 3.156795 -0.584026
v 3.176947 3.300819 -0.268904
v 3.122401 3.430598 -0.621306
v 3.150140 3.455934 -0.551210
v 3.153694 3.446979 -0.274498
v 3.085079 3.598184 -0.535979
v 3.176355 3.396445 -0.348319
v 3.177245 3.585268 -0.353588
v 3.183987 3.643651 -0.632695
v 3.125920 3.625793 -0.225609
v 3.216613 3.751989 -0.288948
v 3.187470 3.238768 -0.390208
v 3.226475 3.307978 -0.322954
v 3.167034 3.352865 -0.468171
v 3.237876 3.388908 -0.317417
v 3.376583 3.606403 -0.223256
v 3.154734 4.018055 -0.474108
v 4.071503 -8.054646 0.825000
v 4.070146 -7.982385 0.801146
v 4.120700 -7.963185 0.825000
v 4.064059 -7.975000 0.707226
v 4.275000 -7.975000 0.820250
v 4.325000 -8.025001 0.824058
v 4.325000 -7.925000 0.782137
v 3.328670 4.173291 -0.381844
v 3.284187 4.180611 -0.480618
v 3.389931 4.280027 -0.129677
v 3.202805 4.062472 -0.339024
v 3.574430 4.095834 -0.471972
v 3.597022 4.143704 -0.323281
v 3.523030 4.203020 -0.168087
v 3.431491 4.281659 0.014310
v 3.747826 4.171939 -0.481842
v 3.526330 4.053664 -0.275744
v 3.743031 4.110399 -0.320886
v 3.587154 4.175107 -0.415831
v 3.823697 4.180828 -0.404197
v 3.843197 4.276204 -0.138523
v 3.929052 4.188380 -0.355655
v 3.981959 4.023400 -0.467957
v 10.440552 -9.563656 1.600555
v 10.667110 -9.560079 1.488635
v 10.724999 -9.568839 1.487500
v 7.092151 -3.143343 2.131815
v 7.250695 -2.705480 2.122847
v 7.605951 -2.670803 2.126520
v 7.366474 -3.133675 2.125021
v 7.768532 -2.914803 2.114463
v 7.379758 -2.877347 2.108063
v 7.863713 -3.139608 2.128958
v 7.757215 -2.709821 2.133324
v 7.700183 -2.311561 2.129001
v 8.033533 -2.765731 2.120535
v 6.675000 1.613257 0.098720
v -3.474501 1.718959 0.928251
v -3.488755 1.781094 1.612405
v -3.491748 1.788983 1.080809
v -3.488044 2.323337 1.330581
v 0.867512 3.220552 -0.406843
v 0.900929 3.231181 -0.128523
v 0.893616 3.916815 -0.322526
v 1.022256 3.857595 -0.284145
v 0.925313 4.007398 -0.403026
v 0.891209 4.034287 -0.081335
v 0.975775 3.228900 -0.220773
v 0.934637 3.220061 -0.001372
v 0.912440 3.906169 -0.126908
v 0.981613 3.885761 -0.170808
v 0.952268 4.034072 0.019756
v 0.971900 4.001322 -0.648852
v 0.989013 4.001749 -0.331901
v 1.012085 3.783857 -0.034274
v 1.010911 3.919872 -0.561615
v 1.029249 3.980604 -0.830355
v 1.064406 3.831919 -0.136412
v 1.117990 3.749684 0.016516
v 1.054278 3.781898 -0.491847
v 1.080278 3.816010 -0.580706
v 1.270643 3.787577 -0.095402
v 1.329733 3.918296 -0.075669
v 1.373464 4.129413 -0.114509
v 1.440257 3.705145 -0.436207
v 1.425234 3.761612 -0.101261
v 1.481251 3.800615 -0.538245
v 1.526098 3.920552 -0.490212
v 1.482201 3.773409 -0.404626
v 1.506900 3.958360 -0.121390
v 1.520530 4.017296 -0.130523
v 1.571044 4.018553 -0.082503
v 1.641466 3.190107 -0.107093
v 1.605720 3.273481 -0.039280
v 1.609701 3.877199 -0.129624
v -1.523337 -3.426957 0.247507
v -1.477669 -3.416269 0.330603
v -1.421746 -3.445276 0.263337
v -1.288266 -3.226280 0.109325
v -1.325430 -3.107945 0.179685
v -1.269118 -3.461120 0.676980
v -1.282675 -3.224378 -0.073746
v -1.317010 -3.421181 0.051089
v -1.184456 -3.090756 0.224760
v -1.217675 -3.252435 0.181690
v -0.975000 -3.766791 0.818736
v -0.951660 -3.429626 0.235542
v -1.191605 -3.266299 0.102577
v -1.101556 -3.283095 -0.002168
v -1.021574 -3.218052 0.069485
v -1.054413 -3.137688 0.176487
v -0.998626 -3.428882 0.127474
v -0.987591 -3.272565 0.130694
v -0.937447 -3.173316 0.011898
v -0.865431 -3.422096 0.009250
v -0.964610 -3.359740 0.102995
v -1.065866 -3.738234 0.886867
v -1.036163 -3.454706 0.616862
v 0.879911 3.924166 -0.902855
v 0.944036 4.006545 -0.874319
v 1.007673 3.899884 -0.866952
v 0.927448 3.228484 -0.901120
v 1.075347 3.806808 -0.894431
v 1.486116 3.791330 -0.874595
v 1.284475 3.474416 -0.893494
v 1.465748 3.696857 -0.899525
v 1.573129 3.239553 -0.830773
v 1.545312 3.338072 -0.897147
v 1.535738 3.896724 -0.871218
v 12.837910 1.213264 0.808993
v 12.810725 1.225000 0.675000
v 13.070272 1.325000 0.775000
v 13.074147 1.412500 0.650000
v 13.075996 1.470272 0.759448
v 13.049921 1.643128 0.736684
v 13.073940 1.496620 0.635257
v 13.108969 1.619733 0.852455
v 13.089064 1.663022 0.672842
v -2.126791 -2.926506 2.085385
v -2.171981 -2.623642 2.088337
v -2.203528 -2.281902 2.093030
v -2.070834 -2.619013 2.072378
v -2.076247 -2.842840 2.069897
v -2.032087 -3.117173 2.082460
v -1.653380 -2.631397 2.072529
v -1.684847 -2.894184 2.070708
v 2.571817 4.301801 -0.070393
v 2.618661 4.288585 -0.184837
v 2.755358 4.125574 -0.170559
v 2.814218 4.286583 -0.156158
v 2.838047 4.249237 -0.143758
v 2.903515 4.282941 -0.100580
v 2.989747 4.176437 -0.149502
v 3.089936 4.026193 -0.377046
v 2.946125 4.285327 0.085290
v 3.105703 4.185800 -0.382250
v -2.379938 3.976241 1.169799
v -2.380141 3.886684 0.915484
v -2.231413 4.069918 1.142714
v -2.227751 3.933216 0.964209
v -2.245749 3.979794 1.116842
v -2.164302 4.024266 0.977468
v -1.986115 3.966966 0.943207
v -1.925825 4.027281 0.884494
v -1.723948 3.920754 0.874428
v -1.755039 4.024423 0.861760
v -1.587359 4.051641 0.928630
v -1.619882 3.923878 0.875015
v -1.608767 4.034665 0.833245
v 3.240338 3.545793 -0.887281
v 3.372007 3.599644 -0.663684
v 3.373068 3.639472 -0.883485
v 3.567425 3.434806 -0.886223
v 3.450697 3.649974 -0.851628
v 3.649611 3.665365 -0.670082
v 3.819330 3.526839 -0.846663
v 3.850326 3.501369 -0.883167
v 3.984758 3.340841 -0.888626
v -0.148038 0.800920 -0.193054
v -0.005361 0.810629 -0.318708
v 0.019340 0.910321 -0.231835
v 0.952111 2.243026 0.920766
v 1.026790 2.271735 0.148035
v 1.044598 2.325000 0.225000
v 1.029931 2.268867 0.866663
v 1.075000 2.374869 0.225000
v 1.075040 2.375047 0.225750
v 1.042009 2.368544 0.432862
v 1.075000 2.376561 0.175000
v 1.076906 2.378597 0.157412
v 1.075482 2.375000 0.175000
v 1.075047 2.375000 0.225000
v -0.543681 2.459533 0.654992
v -0.763394 2.515783 0.240752
v -0.720452 2.474028 0.421616
v -0.757408 2.811612 0.142795
v -0.767497 2.851523 0.414672
v -0.813330 3.083449 0.415354
v -0.703002 2.468953 0.232629
v -0.829177 2.441561 0.509248
v -0.634677 2.536321 0.133110
v -0.692794 2.612666 0.099006
v -0.715599 2.616441 0.218134
v -0.479857 2.489082 0.041936
v -0.593461 2.855726 0.410707
v -0.493419 2.469008 0.254225
v -0.616989 2.795652 0.234054
v -0.513444 3.011026 0.373708
v -0.535371 3.000833 0.175874
v -0.578412 3.084829 0.425112
v -0.511641 3.021826 0.102168
v -0.417589 2.508767 0.173570
v -0.332990 2.516761 0.489107
v -0.478359 2.822164 0.110744
v -0.331339 2.516679 0.244363
v -0.338663 2.503295 0.825486
v -0.401283 2.670701 0.035608
v -0.382977 2.831254 0.162438
v -0.419222 2.995832 0.093365
v -0.396617 3.053190 -0.045734
v -0.365165 2.599521 0.104827
v -0.337954 2.886595 0.322989
v -0.390708 3.008718 0.375092
v -0.337736 3.092394 0.401791
v -0.383057 3.128218 0.010269
v -0.319811 2.594834 0.265461
v -0.316391 2.679801 0.112950
v -0.281469 2.635172 0.355226
v -0.275157 3.110825 0.562072
v -0.295016 3.177856 0.042053
v -0.281120 3.174599 0.440519
v -0.266682 2.576455 0.538169
v -0.287128 2.919539 0.505443
v -0.263802 3.005181 0.745686
v -0.108184 2.659950 0.257827
v -0.147551 2.931694 0.259061
v -0.128681 2.677869 0.024754
v -0.082382 2.571331 0.275342
v -0.069355 2.862106 0.531499
v -0.117763 2.902098 0.458810
v -0.122662 3.082367 0.053422
v -0.076666 3.167385 0.406623
v -0.022409 2.503784 0.068158
v -0.062692 2.602326 -0.030960
v -0.036536 2.548998 0.589455
v -0.041980 2.565587 0.813306
v -0.036277 2.776842 0.819460
v -0.042032 3.016009 0.824203
v -0.075684 3.178367 0.065091
v 0.042633 2.504708 0.338230
v -0.455675 1.202292 -0.905557
v -0.002181 1.090450 -0.889104
v 3.265449 3.370461 -0.031455
v 3.186499 3.651984 -0.456070
v 3.331597 3.889069 -0.303403
v 3.243407 3.963877 -0.168093
v 3.355197 3.399552 -0.315981
v 3.342556 3.482562 -0.172183
v 3.344079 3.641369 -0.590628
v 3.497269 3.906673 -0.441767
v 3.310346 3.183962 -0.418504
v 3.425564 3.169301 -0.068319
v 3.327592 3.474277 -0.021779
v 3.400381 3.476361 -0.505265
v 3.352981 3.473821 -0.408688
v 3.470424 3.529623 -0.277953
v 3.367820 3.613955 -0.166177
v 3.427637 3.621782 -0.539686
v 3.440665 3.689131 -0.266072
v 3.547407 3.220004 -0.150308
v 3.422315 3.460118 -0.061414
v 3.445031 3.561483 -0.482486
v 3.432510 3.611821 -0.396260
v 3.469463 3.632248 -0.334839
v 3.409330 3.647546 -0.467676
v 3.506404 3.310625 -0.435984
v 3.493639 3.286203 -0.330287
v 3.517098 3.281720 -0.272137
v 3.546470 3.469073 -0.166027
v 3.525394 3.441198 -0.281625
v 3.585542 3.452038 -0.421134
v 3.491211 3.524631 -0.381800
v 3.430169 3.529677 -0.154304
v 3.527792 3.518069 -0.268406
v 3.523840 3.846596 -0.301796
v 3.479623 3.191755 -0.520913
v 3.657259 3.627228 -0.482615
v 3.572743 3.654827 -0.441522
v 3.529829 3.646195 -0.339535
v 3.757941 3.337242 -0.109084
v 3.730006 3.393178 0.027298
v 3.610499 3.427194 -0.262889
v 3.732888 3.764819 -0.325992
v 3.712501 3.463787 -0.478147
v 3.792930 3.507798 -0.305824
v 3.520450 3.979840 -0.484270
v 3.698284 3.971017 -0.334884
v 3.778304 3.493433 -0.488754
v 3.690998 3.784653 -0.445913
v 3.588313 3.270808 -0.210575
v 3.938829 3.279299 -0.054897
v 3.824896 3.635773 -0.315283
v 3.968234 4.224755 -0.170851
v 3.924888 3.249551 -0.448435
v 3.878227 3.405978 -0.070680
v 3.863054 3.525217 -0.422079
v 3.837526 3.646667 -0.832281
v 3.852894 3.626551 -0.494314
v 3.686382 3.918365 -0.462002
v 3.876930 3.968955 -0.295844
v 3.936437 3.240943 -0.501127
v 3.939796 3.130075 -0.193003
v 3.895500 3.379193 -0.220394
v 3.914644 3.474465 -0.302507
v 3.878922 3.674848 -0.455754
v 4.019135 3.847336 -0.333309
v 3.946952 3.467637 -0.475439
v 3.947724 3.432471 -0.115987
v 3.851636 3.523514 -0.556363
v 3.966512 3.782323 -0.166047
v 3.976789 4.005467 -0.323502
v 3.992130 3.262855 -0.220695
v 4.082087 3.302991 -0.122818
v 3.996849 3.811008 -0.420079
v 4.015801 3.827689 -0.123846
v 3.995780 3.919417 -0.482441
v 4.006461 4.268307 -0.129715
v 0.933207 2.521795 -0.106933
v 0.919085 2.574060 -0.360507
v 0.913978 2.672260 -0.651820
v 0.887748 2.698627 -0.115342
v 0.846025 2.726689 -0.462053
v 0.844750 2.764114 -0.344119
v 0.830999 2.772251 -0.178222
v 0.839615 2.907415 -0.109252
v 0.825641 2.963825 -0.659293
v 0.994451 2.439606 -0.049095
v 0.875153 2.520720 -0.430310
v 0.949715 2.836986 -0.325958
v 0.867847 2.918981 -0.026002
v 0.866232 3.142021 0.002616
v 0.933137 3.127743 -0.495135
v 0.961447 2.565791 -0.637413
v 0.947722 2.804178 -0.205728
v 0.940139 2.873905 -0.087897
v 0.955564 3.038804 -0.554275
v 0.975000 3.077297 -0.525000
v 1.012684 3.081746 -0.329455
v 0.994034 3.091576 -0.155022
v 0.975336 2.613141 -0.244186
v 0.986953 2.565644 -0.883381
v 0.978184 2.569452 -0.381003
v 1.006714 2.705569 -0.157692
v 0.981835 2.866841 -0.483577
v 1.005105 2.932765 -0.146560
v 1.031173 2.938235 0.007469
v 1.031654 2.923141 -0.227269
v 0.963970 3.031451 0.039184
v 0.996415 3.025000 -0.425000
v 1.027570 3.024424 0.008902
v 0.976970 3.075000 -0.525000
v 1.025000 3.074358 -0.475000
v 1.025000 3.075000 -0.475321
v 1.025000 3.073980 -0.425000
v 1.025300 3.075295 -0.422525
v 1.025000 3.075512 -0.475000
v 1.001773 3.179296 -0.004276
v 1.009210 2.495167 -0.192150
v 1.025218 3.075000 -0.475000
v 1.025415 3.075000 -0.425000
v 1.540651 2.751026 -0.779804
v 1.574068 2.879287 -0.721598
v 1.577785 3.092577 -0.140967
v 1.571278 3.053133 -0.287245
v 1.592479 2.666486 -0.778806
v 1.580833 2.688470 -0.709523
v 1.574108 3.177270 -0.272987
v 1.601576 3.177046 0.071895
v 1.639949 3.196840 -0.286194
v 2.584334 2.130740 0.227270
v 2.509315 2.305339 0.741936
v 2.844457 2.117280 0.308761
v 2.591648 2.126225 0.748900
v 2.988719 2.283181 0.622175
v 2.810687 2.326869 0.051905
v 2.771438 2.314114 0.262440
v 3.127317 2.098277 0.729752
v 3.024831 2.304101 0.163650
v 3.005570 2.288181 0.497965
v 3.290552 2.098085 -0.014186
v 3.297366 2.279030 0.054301
v 3.299577 2.284383 0.500500
v -1.532588 2.770470 -0.815145
v -1.623690 2.828520 -0.901564
v -1.497031 2.822733 -0.879703
v -1.486821 3.018553 -0.891519
v -1.422526 3.076972 -0.901036
v -1.550921 3.203800 -0.913484
v -1.179684 3.011544 -0.885790
v -1.279738 3.127090 -0.908269
v -1.222973 3.033095 -0.906835
v -1.117405 3.132356 -0.860778
v -1.076710 2.530611 -0.796365
v -1.039599 2.584087 -0.757298
v -1.086573 2.678735 -0.828036
v -1.052241 2.856269 -0.796818
v -1.011109 3.171258 -0.902474
v -0.901461 2.974979 -0.788674
v -0.842344 3.115993 -0.784271
v -0.737967 3.182593 -0.903104
v -0.766018 3.126526 -0.709815
v 10.675000 -7.925000 2.106171
v 10.779916 -8.009888 2.100034
v 10.950653 -7.962384 2.109667
v 10.925000 -7.875000 2.109011
v 10.974999 -7.925000 2.087407
v 11.186114 -7.102367 2.083906
v 4.279276 -5.370957 2.063374
v 4.503293 -5.103571 2.059790
v 4.259975 -5.177430 2.090380
v 4.510577 -5.499184 2.069431
v 4.613896 -5.230757 2.077485
v 4.467657 -4.956690 2.078051
v 4.766941 -5.442231 2.085165
v 4.672185 -4.817226 2.087848
v 4.659184 -5.525000 2.225000
v 4.700613 -5.395926 2.200387
v 4.675000 -5.344028 2.225000
v 4.705778 -5.530067 2.188266
v 4.837530 -5.340656 2.090850
v 4.832743 -5.022966 2.076441
v -1.552365 2.169379 0.447683
v -1.170203 2.206177 0.002010
v -1.382107 2.160326 0.873805
v -1.410263 2.186692 0.296655
v -1.383698 2.404090 0.802469
v -1.287663 1.699832 0.029508
v -0.857382 2.215122 0.539620
v -2.369134 4.206074 -0.479611
v -2.345503 4.340578 -0.567294
v -2.368197 4.303685 -0.125425
v -2.232908 4.148851 -0.490237
v -2.196648 4.344427 -0.356034
v -2.228202 4.335328 -0.491082
v -2.219420 4.329477 -0.582678
v -2.314877 4.358088 -0.094624
v -2.006944 4.325448 -0.397702
v -2.087876 4.342234 -0.344074
v -1.895421 4.341975 0.125661
v -1.839039 4.148159 -0.341436
v -1.856249 4.321047 -0.369683
v -1.822436 4.090380 -0.275040
v -1.777626 4.148416 -0.274790
v -1.707063 4.142631 -0.233759
v -1.766985 4.244201 -0.353025
v -1.760921 4.325573 -0.193237
v -1.685579 4.340781 -0.012906
v 5.700000 4.290569 0.962500
v 5.675000 4.289796 1.250000
v 5.756780 4.288980 1.698793
v 6.075000 4.277777 0.850000
v 5.820540 4.283418 1.418685
v 5.768133 4.290495 1.057656
v 5.994649 4.273214 1.470470
v 5.823167 4.281097 1.572786
v 5.918727 4.278603 1.157281
v 6.023310 4.279984 0.933936
v 6.213975 4.280428 1.566798
v 6.144900 4.282494 0.914840
v 6.331250 4.287125 0.875000
v 6.226149 4.277089 1.087705
v 6.157421 4.267334 1.261142
v 6.398901 4.278593 1.125963
v 6.327207 4.273819 1.394698
v -0.698160 -1.660759 -0.901656
v -0.594125 -0.742605 -0.899123
v -0.132993 -1.236834 -0.893346
v 6.336501 4.255929 1.660774
v 6.567086 4.253153 1.897175
v 6.612856 4.234307 2.068388
v 6.685079 4.261868 1.681399
v 6.915642 4.252861 1.706760
v 6.848575 4.261602 1.961568
v 7.131449 4.244335 2.081337
v 7.049251 4.258911 1.919952
v 7.265287 4.259783 1.962913
v 0.094906 -0.492781 -0.839741
v 0.022571 -0.390144 -0.870799
v 0.095574 -0.755288 -0.877621
v 0.180085 -0.620782 -0.777979
v 0.217755 -0.564797 -0.851183
v 0.220037 -0.343924 -0.884185
v 0.080922 -0.631664 -0.896555
v 0.172245 -0.200188 -0.892820
v 0.349600 -0.421660 -0.836049
v 0.229755 -0.396757 -0.790284
v 0.268584 -0.596076 -0.772187
v 0.239794 -0.236216 -0.864318
v 0.325067 -0.366102 -0.860430
v 0.438610 -0.772773 -0.884437
v 0.436294 -0.524684 -0.893037
v 0.456948 -0.395912 -0.882697
v 0.496788 -0.439073 -0.844147
v 0.432167 -0.100449 -0.896197
v 0.591395 -0.480687 -0.818351
v 0.625160 -0.488173 -0.883660
v 0.669307 -0.249203 -0.886519
v 0.641339 -0.450116 -0.847857
v 0.738613 -0.375744 -0.863746
v 0.885877 -0.489353 -0.846537
v 0.827731 -0.543684 -0.775719
v 0.722817 -0.226983 -0.818183
v 0.733251 -0.154438 -0.891052
v -2.468601 2.782586 -0.787996
v -2.325531 3.039362 -0.942370
v -2.276566 2.925630 -0.879345
v -2.109964 2.939670 -0.879207
v -2.192620 3.027551 -0.899044
v -2.160069 3.136018 -0.871898
v -2.225117 3.242568 -0.950469
v -1.956064 2.717001 -0.781277
v -2.052152 2.781980 -0.872173
v -1.868965 3.035875 -0.908628
v -1.868440 2.833105 -0.847215
v -1.740108 2.920185 -0.910416
v -1.969352 3.243753 -0.921374
v -3.058444 -11.025001 0.475000
v -3.087500 -10.982870 0.325000
v -2.969329 -11.002473 0.421687
v -2.875000 -11.021772 0.525000
v -2.892856 -11.144258 0.575000
v -2.870000 -11.104786 0.563249
v -2.925000 -11.007812 0.350000
v -2.825000 -11.075001 0.543512
v -2.825000 -11.034480 0.425000
v 12.914316 2.909807 2.171904
v 12.848331 3.075000 2.175000
v 12.825000 3.075000 2.168822
v 12.847804 2.551396 2.172515
v 13.033998 2.983629 2.079131
v 12.988085 3.100790 2.175000
v 13.041832 3.090185 2.120977
v 13.048463 2.487249 2.124090
v 12.977983 2.510216 2.162824
v 13.018750 2.881396 2.129999
v 13.027307 3.253131 2.175000
v 13.057609 2.439308 1.666543
v 13.076100 2.573666 1.904633
v 13.081166 2.676014 1.862081
v 13.023447 2.725774 2.134092
v 13.104785 2.900783 1.853254
v 13.059910 2.921039 1.913764
v 13.062788 2.511626 1.848378
v 13.078794 2.552735 1.994489
v 13.110316 2.671986 1.700482
v 13.089542 2.722117 1.942528
v 13.099051 2.794296 1.648390
v 13.091761 3.064883 1.732966
v 13.130682 3.201511 1.679603
v 13.115808 3.213154 1.816479
v 6.492120 2.425788 2.130752
v 6.388371 2.710649 2.111032
v 6.681511 2.991771 2.112676
v 7.143446 2.728640 2.111936
v 6.818084 2.474325 2.134926
v 6.787786 2.864093 2.137730
v 7.181374 2.404512 2.121793
v -2.339668 -3.473846 -0.708961
v -2.356081 -3.464895 -0.387122
v -2.335073 -3.474920 -0.156323
v -2.134053 -3.440965 -0.163925
v -2.178858 -3.434741 -0.441176
v -2.131488 -3.441126 -0.748370
v -1.817402 -3.437040 -0.394613
v -1.940857 -3.442423 -0.250565
v -1.745146 -3.443696 0.061104
v -1.757977 -3.453322 -0.778898
v -1.529824 -3.450745 -0.377210
v -1.538096 -3.453966 -0.100460
v -1.477088 3.720921 -0.906690
v -1.495247 3.847254 -0.808955
v -1.342829 3.301526 -0.925784
v -1.150996 3.764908 -0.811782
v -1.346746 3.982239 -0.787575
v -1.163210 3.945966 -0.812353
v -1.110521 3.405908 -0.901594
v -1.108504 3.499725 -0.874435
v -1.128742 3.717396 -0.902641
v -0.790100 3.350448 -0.906155
v -0.821741 3.347536 -0.775166
v -0.689230 3.494703 -0.817894
v 12.391212 -4.017914 1.572510
v 12.412848 -4.275000 1.475000
v 12.439936 -4.325000 1.650000
v 12.401355 -4.234428 1.552985
v 12.411942 -4.096751 1.583124
v 12.420212 -4.065660 1.635554
v 12.412202 -3.943310 1.521219
v 12.410053 -4.115625 1.409000
v 4.135280 0.825317 -0.462214
v 2.495001 2.762500 -0.884695
v 2.476751 2.814318 -0.878491
v 2.458872 2.882786 -0.838070
v 2.450000 2.556061 -0.896207
v 2.570020 3.025000 -0.921959
v 2.418116 3.030415 -0.901837
v 2.568890 2.494482 -0.927821
v 2.629306 3.110291 -0.898505
v 2.717584 2.460741 -0.907305
v 2.681445 2.578885 -0.940282
v 2.525000 2.575000 -0.941241
v 2.850000 2.975000 -0.897958
v 2.709552 3.089573 -0.849962
v 2.797943 3.251656 -0.813844
v 2.780624 3.022645 -0.913186
v 3.025265 2.413302 -0.872233
v 2.822679 2.584972 -0.871531
v 2.894451 3.063424 -0.849228
v 2.905658 3.175102 -0.873462
v 2.948054 2.676998 -0.913949
v 3.025133 2.929483 -0.931814
v 2.950000 2.750000 -0.919246
v 3.052861 3.002084 -0.875451
v 2.984175 3.102546 -0.800584
v 3.070555 2.927522 -0.877686
v 3.105716 2.604269 -0.884652
v 3.006005 3.165833 -0.848630
v 3.173925 3.237528 -0.897711
v -1.517571 3.767443 -0.571367
v -1.656060 3.783358 -0.310571
v -1.538878 3.836287 -0.684541
v -1.528696 3.708176 -0.323649
v -1.506830 3.720994 -0.381203
v -1.532356 3.846837 -0.271617
v -1.486972 3.984530 -0.335497
v -1.441500 3.931689 -0.725131
v -1.420090 4.014119 -0.583715
v -1.367556 3.836763 -0.371558
v -1.399613 3.846973 -0.623521
v -1.348979 3.837623 -0.430625
v -1.351709 3.943122 -0.588744
v -1.334429 3.985369 -0.589053
v -1.207651 3.980117 -0.567639
v -1.136375 3.792534 -0.018970
v -1.137870 3.748420 -0.043151
v -1.141675 3.981932 -0.398095
v -1.195289 4.054676 -0.512378
v -1.125781 4.220633 -0.019190
v -1.093593 3.517711 -0.631498
v -1.067935 3.673313 -0.617695
v -1.114578 3.743669 -0.665987
v -1.039149 3.771870 -0.656394
v -1.054226 3.785201 -0.426152
v -0.959410 3.846519 -0.675425
v -0.875647 3.823413 -0.757624
v -0.880865 3.868614 -0.214510
v -0.910909 3.865440 -0.073978
v -1.044113 3.791040 -0.054136
v -0.867650 3.907000 -0.676757
v -0.825532 3.477046 -0.713196
v -0.924482 3.889966 -0.317006
v 2.424836 2.440891 -0.595929
v 2.517526 2.477789 -0.709965
v 2.507248 2.429717 -0.419446
v 2.473926 2.551426 -0.684495
v 2.572662 3.256311 -0.263431
v 2.578615 2.426404 -0.635552
v 2.606888 3.165555 -0.328151
v 2.693925 3.091548 -0.399258
v 2.711202 3.147996 -0.379452
v 2.629475 3.172346 -0.268561
v 2.703655 3.061486 -0.304241
v 2.649604 3.172008 -0.434455
v 2.732705 3.240239 -0.432881
v 2.761794 3.023108 -0.393064
v 2.776945 3.083366 -0.352389
v 2.812440 3.058856 -0.230359
v 2.833589 2.972607 -0.328333
v 2.885972 3.146218 -0.329192
v 2.782518 3.190545 -0.262468
v 2.920104 2.954878 -0.431834
v 2.858088 2.913178 -0.027514
v 2.857929 3.044621 -0.574140
v 2.803070 3.091431 -0.465600
v 2.913765 2.867538 -0.022714
v 2.947165 2.903988 -0.182097
v 2.969159 3.006583 -0.031195
v 2.823778 2.975678 -0.067065
v 2.945643 3.031085 -0.441552
v 2.889082 3.112422 -0.274035
v 3.010393 3.146469 -0.226835
v 2.842459 3.017251 -0.522585
v 3.025130 3.225633 -0.317145
v 3.041589 2.854488 -0.068503
v 3.055234 3.026351 -0.426295
v 3.155638 3.145527 -0.428060
v 3.060630 2.928381 -0.006830
v 3.173100 3.226894 -0.519767
v 3.094955 3.208752 -0.354883
v 3.181771 3.239272 -0.149644
v 3.156043 2.926659 -0.113698
v 3.165893 3.008302 -0.030147
v 3.127800 2.992891 -0.340210
v 3.137967 2.966945 -0.168493
v 3.130735 3.125930 -0.046257
v 3.198178 3.026198 0.016452
v 3.226011 3.143240 -0.023329
v 3.218017 3.158629 -0.252169
v 3.217757 3.213587 -0.104330
v -1.477694 -2.404623 -0.896709
v -1.420464 -2.287540 -0.808650
v -1.368442 -2.207969 -0.903875
v -1.148882 -2.310473 -0.890032
v -1.160856 -2.196062 -0.904509
v -1.299556 -1.765329 -0.906721
v 3.270813 2.723085 -0.900625
v 3.159990 2.968706 -0.880657
v 3.276884 2.896135 -0.886640
v 3.352803 2.627936 -0.872319
v 3.421847 2.973409 -0.898827
v 3.461756 2.697213 -0.891636
v 3.296512 3.080068 -0.891930
v 3.322968 2.394957 -0.886543
v 3.738632 2.543993 -0.885441
v 4.113297 3.169488 -0.881660
v 3.344576 -9.518491 1.533342
v 3.414642 -9.558397 1.414639
v 3.427912 -9.571805 1.267661
v 3.587085 -9.476614 1.553838
v 3.680425 -9.480110 1.564749
v 3.904280 -9.538869 1.509323
v -1.507260 -2.316261 -0.346335
v -1.354895 -2.331529 -0.164070
v -1.470496 -2.296483 -0.350652
v -1.373387 -2.221004 -0.273299
v -1.172664 -2.295292 -0.600800
v -1.172578 -2.304321 -0.314383
v -1.172822 -2.215878 -0.241984
v -0.982058 -2.311643 -0.175934
v -0.993227 -2.354947 -0.295688
v -0.966675 -2.264048 -0.223472
v 3.246716 3.132376 0.034983
v 3.290327 3.168177 -0.269099
v 3.309860 3.035142 -0.155000
v 3.286912 3.018264 -0.037333
v 3.369327 3.055400 -0.172638
v 3.381727 3.086605 -0.034317
v 3.385681 3.097139 -0.484639
v 3.427616 2.543329 -0.177286
v 3.399965 2.861534 -0.171871
v 3.428814 3.086283 -0.075560
v 3.436300 3.087378 -0.475213
v 3.482472 2.492751 -0.137308
v 3.477694 3.102024 -0.219316
v 3.413992 3.018402 -0.046638
v 3.378395 3.080950 -0.251695
v 3.507014 2.526532 -0.043479
v 3.565612 3.183018 -0.051524
v 3.610860 2.519085 -0.078143
v 3.480622 3.041771 -0.030440
v 3.426460 2.442352 -0.236419
v 3.600929 2.672585 -0.075379
v 3.550425 2.816845 -0.118917
v 3.627804 2.898313 -0.002779
v 3.437845 2.750446 -0.227036
v 3.595552 2.912287 -0.072641
v 3.569954 2.529100 -0.151703
v 3.702293 2.691530 -0.224901
v 3.598019 3.106861 -0.474912
v 3.624791 3.127835 0.024425
v 3.767952 2.475987 -0.074547
v 3.768111 2.536205 -0.049807
v 3.692605 3.118103 -0.023282
v 3.897179 3.031934 -0.052334
v 4.068351 2.427026 -0.089219
v 3.877624 2.499361 -0.045574
v 3.981369 2.810670 -0.035135
v 3.948967 2.596942 -0.199952
v 3.943051 2.427749 -0.279342
v 3.939219 2.851844 -0.500843
v 3.954668 2.670041 -0.280601
v 3.945684 2.629709 0.003571
v 3.939314 2.651058 -0.620696
v 3.950292 3.200769 -0.282991
v 3.987919 3.118323 -0.225044
v 3.923957 3.119257 -0.473922
v 3.947542 3.127768 -0.626393
v 3.984932 2.558188 -0.223461
v 4.128579 3.175519 -0.698739
v 12.124619 2.566992 2.125418
v 12.114248 3.032875 2.158531
v 12.007641 3.114726 2.168587
v 12.200000 2.716632 2.156148
v 12.125000 3.075000 2.155259
v 12.160702 2.669867 2.141494
v 12.133526 2.984923 2.144459
v 12.353398 2.500540 2.152002
v 12.138762 2.485025 2.148392
v 12.384544 2.670583 2.125000
v 12.324241 2.774227 2.126318
v 12.325000 2.775000 2.123987
v 12.305244 2.775000 2.125000
v 12.365928 2.725000 2.125000
v 12.375000 2.725000 2.123881
v 12.400000 2.776229 2.167399
v 12.375000 2.775000 2.126738
v 12.496356 2.825000 2.175000
v 12.474999 2.825000 2.157911
v 12.474999 2.866309 2.125000
v 12.504343 2.925000 2.175000
v 12.162500 3.185922 2.162968
v 12.497591 2.662031 2.145838
v 12.715895 2.752395 2.175000
v 12.507648 2.889556 2.122473
v 12.657996 2.673100 2.169330
v 12.525000 2.875000 2.125316
v 12.620167 3.130711 2.159685
v 12.517872 2.507077 2.160429
v 12.575000 3.050000 2.157262
v 12.841868 2.713400 2.161979
v 12.775000 3.025000 2.165117
v 12.775000 3.083215 2.175000
v 12.811630 3.097514 2.175000
v -1.287685 3.776233 0.589648
v -1.585329 3.755107 0.635687
v -1.575348 3.783267 0.854425
v -1.522784 3.836851 0.227147
v -1.500308 3.771838 0.182609
v -1.517610 4.014155 0.363990
v -1.187879 4.046160 0.608237
v -1.424844 4.039688 0.392885
v -1.299236 3.741050 0.638290
v -1.411536 3.914988 0.451856
v -1.262825 4.047292 0.167295
v -1.492255 3.748067 0.125387
v -1.271763 3.910203 0.099049
v -1.481169 3.781426 0.413851
v -1.195766 3.800474 0.668438
v -1.220786 3.786218 0.848052
v -1.052089 3.742902 0.388176
v -1.103124 3.744123 0.717524
v -1.158801 3.735006 0.125336
v -1.105411 4.011478 0.161713
v -1.109250 4.005697 0.390998
v -1.149618 3.746635 0.444587
v -1.073314 3.782406 0.557544
v -1.111588 3.848105 0.450565
v -0.960543 4.005779 0.361585
v -1.121119 3.724119 0.615426
v -0.851730 3.795458 0.676491
v -0.938796 3.842972 0.406392
v -0.823867 3.826731 0.881681
v -0.818966 4.003057 0.396818
v -0.718796 3.733608 0.616283
v -0.691029 3.969783 0.603017
v 2.895122 2.992202 0.187956
v 2.930623 3.025577 0.125152
v 3.167265 3.135517 0.195055
v 3.020813 2.925499 0.144966
v 2.950028 2.944209 0.103155
v 3.098063 3.145189 0.151023
v 3.217597 3.053455 0.144386
v 3.200773 3.128041 0.103202
v 12.807901 0.868131 1.020608
v 12.894531 0.955526 1.021197
v 12.802183 1.050956 1.018668
v 12.824753 1.219664 0.963290
v 13.053473 1.133896 1.074435
v 12.932443 1.292757 0.850814
v 12.926758 1.287106 0.926527
v 13.064429 0.881534 1.075719
v 13.032355 1.392507 0.798619
v 13.034158 1.390781 0.915530
v 13.072826 0.761952 1.470431
v 13.042457 0.869332 1.359575
v 13.053092 0.776456 1.614564
v 13.084882 0.881209 1.222928
v 13.063217 0.973046 1.503361
v 13.075393 1.036896 1.092645
v 13.044035 1.368569 1.168960
v 13.071406 1.427857 0.873766
v 13.083391 1.378613 1.038209
v 13.063356 1.368067 1.333305
v 13.084560 1.379306 1.435377
v 13.085108 1.490814 1.048999
v 13.068759 1.603802 1.365467
v 13.076064 1.594572 1.175845
v 13.084679 1.491123 1.276044
v 13.080601 1.155753 1.541616
v 13.081670 1.013268 1.272308
v 13.067092 1.279136 1.071278
v 13.071996 1.254918 1.371019
v 13.085315 1.244699 1.252238
v 13.093213 1.284637 1.569396
v 13.075414 1.405585 1.647382
v 13.107714 1.687676 0.909927
v 13.082346 1.668273 1.450378
v 13.105240 1.621256 1.631171
v 2.522194 3.773589 -0.007421
v 2.579051 3.929417 0.307912
v 2.534245 3.755071 0.416145
v 2.647335 4.015266 0.420214
v 2.531194 3.987613 0.489845
v 2.820010 3.725143 0.207510
v 2.911191 3.801792 0.179372
v 2.918641 3.921916 -0.002694
v 4.075235 -0.576393 0.058304
v 4.138741 -0.697788 -0.244504
v 4.136624 -0.661964 -0.087781
v 4.137781 -0.676726 -0.537466
v 4.090368 -0.644654 -0.349307
v 4.109760 -0.666496 -0.714963
v 4.160019 -0.690385 -0.422883
v 4.175150 -0.137758 -0.766894
v 4.223445 -0.353017 -0.838762
v -3.155809 2.016887 -0.873242
v -3.224685 2.177490 -0.907353
v -3.011297 1.991081 -0.906239
v -3.026125 1.634713 -0.920029
v -2.983897 1.764202 -0.880580
v -3.109276 2.447726 -0.921648
v -2.870789 1.652508 -0.913285
v -2.863968 1.932724 -0.910640
v -2.917996 1.912126 -0.877594
v -2.693839 2.222472 -0.903391
v -2.686536 2.388192 -0.908372
v -2.671857 2.310699 -0.791223
v -2.531173 2.194348 -0.872292
v -2.349167 1.679042 -0.887118
v 0.980891 -4.484736 2.082790
v 0.793229 -4.181030 2.077042
v 1.502804 -4.195801 2.081794
v 1.264926 -4.694422 2.075073
v 1.443074 -4.330846 2.085964
v -1.507877 -2.793577 -0.905049
v -1.410555 -2.383793 -0.825534
v -1.246002 -2.411616 -0.898818
v -0.817877 -2.957377 -0.868136
v -0.983505 -2.570104 -0.907075
v -2.330828 3.560101 -0.695931
v -2.379823 3.567541 -0.186291
v -2.315597 3.659652 -0.564070
v -2.411701 3.689732 -0.768215
v -2.364599 3.761490 -0.734118
v -2.380518 3.858301 -0.544202
v -2.342952 3.566832 -0.430483
v -2.294876 3.835551 -0.671975
v -2.206984 3.756293 -0.822537
v -2.176628 3.765228 -0.357110
v -2.271713 3.840199 -0.498714
v -2.083852 3.749164 -0.359911
v -2.001021 3.811630 -0.770703
v -2.003178 3.801650 -0.439677
v -2.022181 3.870791 -0.365554
v -1.836334 3.789427 -0.561287
v -1.838032 3.833705 -0.345553
v -1.825016 3.825000 -0.275000
v -1.824990 3.824944 -0.275005
v -1.825000 3.825000 -0.274962
v -1.825138 3.875000 -0.275000
v -1.825000 3.875000 -0.275779
v -1.825000 3.875000 -0.274597
v -1.828644 3.925000 -0.275000
v -1.820323 3.884852 -0.276072
v -1.825000 3.925000 -0.264172
v -1.774404 3.826029 -0.303507
v -1.744558 3.738986 -0.378257
v -1.783409 3.788921 -0.593235
v -1.725995 3.690609 -0.324000
v -1.720130 3.874083 -0.294486
v -1.694081 4.039190 -0.333818
v 3.583786 3.037606 0.042305
v 3.640143 2.605364 0.080111
v 3.617513 2.677278 0.179827
v 3.637703 2.935165 0.212315
v 3.608123 2.930118 0.120979
v 3.651327 3.026408 0.362730
v 3.656567 3.173791 0.320903
v 3.663930 3.099027 0.433697
v 3.561549 3.282044 0.041430
v 3.735731 3.128223 0.037924
v 3.649404 3.116353 0.228294
v 3.745779 2.669357 0.195273
v 3.744090 2.881284 0.195432
v 3.757693 3.174122 0.434037
v 3.860908 2.568367 0.121692
v 3.820290 2.846004 0.171701
v 3.754498 3.033809 0.120156
v 3.816670 3.210743 0.305118
v 3.857376 2.915350 0.125981
v 3.891619 3.028687 0.162141
v 3.901676 2.820287 0.126959
v 3.891218 3.001548 0.406319
v 3.957619 3.054438 0.246120
v 3.946689 3.083246 0.325342
v 3.884412 3.110016 0.433637
v -1.226543 -6.931631 0.590453
v -1.318068 -6.753379 0.600000
v -1.194628 -6.657455 0.489032
v -1.276874 -6.541301 0.584483
v -1.322265 -6.450000 0.492329
v -1.269838 -7.037500 0.598140
v -1.261743 -7.004042 0.579370
v -1.225000 -7.039891 0.538491
v -1.258169 -6.995147 0.554704
v -1.270874 -6.705409 0.609023
v -1.204641 -6.675983 0.615097
v -1.275674 -6.658476 0.673636
v -1.266382 -6.525000 0.481613
v -1.214630 -6.463763 0.606595
v -1.204467 -6.441275 0.525000
v -1.259706 -6.465381 0.526042
v -1.287500 -6.612500 0.503764
v -1.269167 -6.639574 0.571421
v -1.172166 -6.325000 0.525000
v -1.242933 -6.377909 0.610149
v -1.086622 -6.853575 0.570927
v -1.193865 -6.861819 0.623335
v -1.119667 -6.689090 0.486996
v -1.125000 -6.378071 0.625000
v -1.075000 -6.414966 0.600000
v -1.150798 -6.350000 0.625433
v -1.087121 -6.875000 0.505387
v -1.100000 -6.769659 0.575000
v -1.078523 -6.705570 0.450000
v -1.075000 -6.607942 0.425000
v 0.079300 2.249856 0.919396
v 0.286465 2.354467 0.952981
v 4.012255 3.828882 0.137680
v 4.018044 3.829619 0.494666
v 4.004496 4.017065 0.429047
v 8.881339 -9.533775 2.073481
v 8.830523 -8.666673 2.111248
v 8.880395 -9.564932 1.704288
v 8.953023 -9.561589 1.976252
v 8.973088 -9.531837 2.116957
v 8.967063 -8.849745 2.125000
v 8.929463 -8.918168 2.118001
v 9.042158 -9.567752 1.663820
v 9.052929 -9.457198 2.145792
v 8.981250 -9.008276 2.124233
v 9.171801 -9.574694 1.678584
v 9.250000 -9.325001 2.147344
v 9.139277 -9.570756 1.869077
v 9.098999 -9.631577 2.030638
v 9.214774 -9.530635 1.644501
v 9.253437 -9.549083 1.807837
v 9.226240 -9.590489 2.017546
v 9.228366 -9.442335 2.145617
v 9.363473 -9.571856 2.044430
v 9.474999 -9.375001 2.134226
v 9.373635 -9.574750 1.681533
v 9.487741 -9.551312 1.852661
v 9.395079 -9.576190 1.897842
v 9.410854 -9.275001 2.125000
v 9.470434 -9.234089 2.125000
v 9.412466 -9.516806 1.622768
v 9.530200 -9.533280 2.124378
v 9.460981 -9.273462 2.113717
v 9.533672 -9.571094 1.659400
v 9.408819 -9.471528 2.135625
v 9.690547 -9.561670 1.956571
v 9.564065 -9.568967 2.029677
v 9.718750 -9.403861 2.129127
v 2.475000 1.075000 2.120696
v 2.475000 1.125000 2.125000
v 2.475000 1.125000 2.125000
v 2.425000 1.125000 2.123743
v 2.475000 1.125000 2.125000
v 2.475000 1.125000 2.125000
v 2.475000 1.175000 2.124856
v 2.470787 1.344277 2.128702
v 2.475000 1.125000 2.125000
v 2.525000 1.125000 2.121448
v 2.671321 1.270442 2.125205
v 2.721541 1.466278 2.114409
v 2.834235 0.932759 2.118168
v 3.002369 1.535538 2.125863
v 3.065943 1.286883 2.126135
v 3.089848 0.962733 2.122273
v -0.748732 -3.282117 -0.494418
v -0.724714 -3.126270 -0.484448
v -0.762885 -3.091891 -0.374591
v -0.774171 -2.965461 -0.371550
v -0.757719 -2.974621 -0.093271
v -0.745153 -2.990247 -0.619425
v -0.778726 -2.852499 -0.157694
v -0.781408 -2.837996 -0.548680
v -0.773559 -2.786305 -0.273921
v -0.684102 -2.653773 -0.444138
v -0.752812 -2.660527 -0.244208
v -0.675902 -3.118416 -0.616003
v -0.713864 -3.072497 -0.352985
v -0.673514 -3.005672 -0.321969
v -0.724945 -2.838675 -0.460503
v -0.615814 -2.947795 -0.636572
v -0.729184 -2.817361 -0.397545
v -0.725466 -2.639340 -0.143990
v -0.692414 -2.595435 -0.022153
v -0.679749 -2.561404 -0.323281
v -0.707389 -2.293512 -0.026386
v -0.630877 -3.261072 -0.340616
v -0.607212 -2.951823 -0.339609
v -0.685934 -2.700569 -0.533753
v -0.592706 -2.655135 -0.785617
v -0.669233 -2.556491 -0.564556
v -0.484960 -3.187853 -0.313502
v -0.587965 -2.735187 -0.024216
v -0.629021 -3.056868 -0.175888
v -0.464117 -3.004284 -0.378528
v -0.509168 -2.876319 -0.701060
v -0.640601 -2.757817 -0.110198
v -0.516512 -2.615900 0.031807
v -0.625000 -3.100000 -0.629942
v -0.551359 -2.959443 -0.492409
v -0.568099 -2.820708 -0.637855
v -0.368931 -2.691833 -0.011035
v -0.526257 -2.639859 -0.520082
v -0.558899 -2.641272 -0.582828
v -0.514909 -2.640839 -0.305447
v -0.459282 -2.962500 -0.651006
v -0.435734 -2.576209 -0.492984
v -0.640755 -2.500806 0.000916
v -0.336416 -3.158577 -0.372532
v -0.336183 -3.107161 -0.178796
v -0.398837 -2.947718 -0.022160
v -0.286010 -2.737772 -0.161890
v -0.392082 -2.752230 -0.578263
v -0.297491 -2.711959 -0.503228
v -0.337023 -2.676548 -0.354547
v -0.473179 -2.554208 -0.242571
v -0.388774 -3.180208 -0.021191
v -0.315348 -2.975277 -0.092332
v -0.335652 -2.780792 -0.436841
v -0.300305 -2.721294 -0.590616
v -0.398171 -2.525000 -0.217528
v -0.152891 -3.045936 0.020574
v -0.254383 -2.864359 -0.021062
v -0.392440 -2.829588 -0.595936
v -0.266933 -2.759554 -0.415886
v -0.205249 -2.762178 -0.350285
v -0.277885 -2.730702 -0.260312
v -0.375776 -2.710608 -0.110627
v -0.405893 -2.577229 -0.167755
v -0.356250 -2.569987 -0.506250
v -0.267622 -3.079606 -0.120150
v -0.201539 -3.007311 -0.171494
v -0.322694 -2.639041 -0.162300
v -0.175000 -2.525000 -0.220117
v -0.172772 -3.132458 -0.162982
v -0.281250 -2.937500 -0.585998
v -0.292276 -2.878255 -0.568738
v -0.175000 -2.918210 -0.075000
v -0.135381 -2.731658 -0.511798
v -0.221355 -2.585801 -0.005412
v -0.151906 -3.178160 -0.028968
v -0.125000 -2.975000 -0.097100
v -0.125000 -2.925000 -0.075000
v -0.125000 -2.925000 -0.075000
v -0.125000 -2.925000 -0.075000
v -0.096325 -2.692883 -0.417646
v -0.155860 -2.696452 -0.169209
v -0.092104 -2.569411 -0.308928
v -0.180466 -2.601032 -0.079671
v -0.073764 -3.069067 0.002020
v -0.125000 -2.925000 -0.651109
v -0.121147 -3.131970 -0.100623
v -0.075000 -2.975000 -0.033427
v -0.042512 -2.957389 -0.606541
v -0.062191 -2.916449 -0.026019
v -0.037500 -2.747542 -0.846304
v -0.163471 -2.712570 -0.212962
v -0.182324 -2.647106 -0.038770
v -0.039947 -2.613379 -0.394028
v -0.019884 -2.621506 -0.189299
v -0.125000 -2.565099 -0.625000
v -0.040061 -2.854435 -0.618539
v 0.001210 -2.743500 -0.125047
v -0.023929 -2.589559 -0.564767
v -0.001886 -2.667000 -0.322861
v -0.004375 -2.642507 -0.429631
v 0.108659 -2.588736 -0.008919
v 3.958726 -3.119843 2.110217
v 3.295411 -3.864288 2.098799
v 3.955848 -3.487307 2.071739
v 3.725745 -3.939878 2.084874
v 3.854499 -3.803647 2.103594
v 3.562147 -3.606294 2.101222
v 3.998417 -3.594041 1.970090
v 3.967025 -3.472439 1.626923
v 3.961195 -3.670972 1.742714
v 3.973094 -3.582197 2.095620
v 4.009789 -3.812870 1.470737
v 3.999352 -4.024573 2.011604
v 4.035446 -3.383851 1.957928
v 3.984647 -3.420545 2.098489
v -3.137334 2.052287 -0.449587
v -3.112729 2.088263 -0.734231
v -2.940642 2.049643 -0.311377
v -2.992925 1.772447 -0.127673
v -2.903271 2.016207 -0.728822
v -2.883863 1.703803 -0.768675
v -2.882581 1.867345 -0.205968
v -2.940779 2.035115 -0.172800
v -2.689952 2.226057 -0.369682
v -2.692137 2.286373 -0.288704
v -2.623574 2.155728 -0.412555
v -2.653514 2.218473 -0.742398
v -2.575846 2.029993 -0.439885
v -2.575696 2.043970 -0.640312
v -2.572360 2.268417 -0.469368
v -2.602456 2.315051 -0.644379
v -2.626483 2.365781 -0.157502
v -2.626373 2.409330 -0.655354
v -2.580548 2.460636 -0.018091
v -2.528286 2.010301 -0.453764
v -2.526340 2.034624 -0.613416
v -2.529523 2.375319 -0.402394
v -2.538862 2.396289 -0.568050
v -2.461902 2.049453 -0.499362
v -2.479349 2.126712 -0.497733
v -2.582882 2.139226 -0.368268
v -2.575271 2.169464 -0.662229
v -2.396295 2.171493 -0.472915
v -2.554873 2.348655 -0.292958
v -2.412142 1.658061 -0.273454
v -2.405454 2.389795 -0.315841
v -2.444236 1.637435 -0.331856
v -2.402141 2.448226 -0.380685
v 1.530125 0.274920 -0.341526
v 1.628662 0.653920 -0.170606
v 1.733895 0.796461 -0.568801
v 1.675277 0.141987 -0.173707
v 1.678396 0.163029 -0.074793
v 1.839582 0.221107 -0.163051
v 1.745431 0.470582 -0.132675
v 1.704486 0.555205 -0.061914
v 1.769703 0.231327 -0.063913
v 1.790291 0.339604 -0.075320
v 1.560180 0.520738 -0.249910
v 2.047881 0.097296 -0.692922
v 1.793996 0.509966 -0.170144
v 1.871829 0.525258 -0.268880
v 1.875667 0.681430 -0.524886
v 1.853457 0.799992 -0.495059
v 1.941727 0.270414 -0.345678
v 1.958618 0.463564 -0.263873
v 1.864385 0.858912 -0.272512
v 1.849349 0.699530 -0.177260
v 1.889948 0.721646 -0.247849
v 2.037981 0.823162 -0.171967
v 2.109247 0.243931 -0.687916
v 2.186758 0.705170 -0.253553
v 2.127792 0.504699 -0.167379
v 2.090701 0.723645 -0.479473
v 1.991102 0.313527 -0.262911
v 2.181240 0.701875 -0.483692
v 2.517080 0.282152 -0.356267
v 1.890383 0.277304 -0.651951
v 2.253552 0.163010 -0.169382
v 2.281453 0.664372 -0.287124
v 2.303516 0.762214 -0.464826
v 2.477477 0.763592 -0.268906
v 2.517513 0.219216 -0.700921
v 2.628371 0.590638 -0.171477
v -2.642338 2.160740 0.323143
v -2.686063 2.275126 0.059496
v -2.672692 2.251475 0.687919
v -2.677062 2.217696 0.243260
v -2.617402 2.355694 0.042159
v -2.615813 2.326513 0.259964
v -2.571929 2.322181 0.662450
v -2.491953 2.382797 0.173154
v -2.564147 2.128939 0.466823
v -2.451994 2.345259 0.770299
v -2.536881 2.426513 0.118540
v -3.139618 2.825351 -0.425611
v -3.062074 3.063556 -0.628989
v -3.152183 3.116598 -0.498369
v -3.098887 3.077060 -0.421203
v -3.051661 2.889912 -0.812311
v -3.062840 2.887666 -0.381188
v -2.627702 2.466470 -0.168543
v -2.638581 2.573550 -0.260211
v -2.611663 2.514291 -0.527894
v -2.555390 2.457985 -0.238694
v -2.567656 2.437313 -0.162551
v -2.626552 2.536432 -0.746667
v -2.616466 2.619482 -0.685251
v -2.518286 2.667935 -0.456310
v -2.584845 2.683696 -0.269660
v -2.516801 2.646423 -0.163503
v -2.529856 2.527500 -0.297583
v -2.485808 2.717858 -0.224860
v -2.507222 2.518296 -0.394438
v -2.502069 2.646409 -0.367399
v -2.541592 2.756282 -0.665433
v -2.432050 2.631576 0.025970
v -2.330803 2.651444 -0.346520
v -2.468446 2.684104 -0.570869
v -1.293570 -10.695430 1.656224
v -1.308618 -10.975000 1.625000
v -1.300216 -10.403396 1.606365
v 1.680176 2.150430 0.276407
v 1.647246 2.183769 0.052102
v 1.661673 2.152946 0.919410
v 1.632747 2.264495 0.660445
v 1.739035 2.142874 0.922855
v 1.943193 2.346423 0.451103
v 1.977939 2.358786 0.153864
v 1.934808 2.151541 0.462496
v 2.429389 2.123553 0.857294
v 2.448046 2.130073 0.210862
v 2.500310 2.317603 0.240196
v 2.151403 2.345222 0.016392
v 4.027136 -4.073401 0.757266
v 4.011412 -3.967015 1.007533
v 4.007032 -3.956409 1.197567
v 3.328089 0.508425 -0.790183
v 3.429857 0.656958 -0.779346
v 3.275885 0.698754 -0.869863
v 3.403565 0.369574 -0.774296
v 3.273073 0.393857 -0.886095
v 3.411023 0.472929 -0.857502
v 3.555041 0.669943 -0.861937
v 3.353809 0.838419 -0.888219
v 3.542236 0.122234 -0.880404
v 3.479988 0.629137 -0.885718
v 3.478335 0.447878 -0.879140
v 3.586265 0.162517 -0.796521
v 3.532595 0.356196 -0.876148
v 3.600740 0.459313 -0.868185
v 3.654871 0.561526 -0.773964
v 3.595800 0.396183 -0.785112
v 3.726068 0.069986 -0.870012
v 3.672894 0.534220 -0.858470
v 3.623610 0.901564 -0.884382
v 3.683207 0.453901 -0.877829
v 3.840863 0.736541 -0.884097
v -2.568026 2.658880 0.276015
v -2.607311 2.547710 0.008359
v -2.508469 2.615551 0.702151
v -2.517376 2.659505 0.214319
v -2.569727 2.648911 0.602679
v -2.534782 2.427011 0.679440
v -2.472421 2.729342 0.274864
v -2.385653 2.478489 0.744168
v -2.493982 2.656295 0.107720
v -2.426215 2.561746 0.791675
v -2.236378 2.667779 0.230154
v -2.208938 1.621786 -0.432578
v -2.322416 1.654347 -0.534820
v -2.259851 1.645691 -0.357481
v -2.250903 1.669470 -0.276780
v -2.146031 1.619373 -0.521810
v -1.896957 2.183382 -0.134181
v -2.252841 2.171347 -0.238467
v -2.047565 2.433464 -0.488184
v -2.188998 2.160062 0.148710
v -1.929049 1.579552 -0.266468
v -1.835044 1.632719 -0.293520
v -1.946718 2.200906 -0.571273
v -1.641966 1.648641 -0.225743
v -1.489282 2.196031 -0.262703
v 4.021477 -1.318983 -0.879733
v 4.032743 -1.225204 -0.846115
v 4.043317 -0.809031 -0.841009
v 4.125000 -1.225000 -0.838983
v 4.075276 -1.044190 -0.835924
v 4.175000 -1.225823 -0.875000
v 4.173890 -1.225000 -0.875000
v 4.175000 -1.225000 -0.875472
v 4.127662 -1.125332 -0.848134
v 4.175000 -1.175000 -0.875201
v 4.175000 -1.025000 -0.867208
v 4.148236 -1.004786 -0.740246
v 4.097853 -0.774172 -0.852791
v 4.175532 -1.175000 -0.875000
v 4.175000 -1.169065 -0.875000
v -2.295660 2.392687 0.145334
v -2.334128 2.120332 0.878295
v -2.288477 2.399702 0.693481
v -2.086271 2.364523 0.813615
v -1.802237 2.160803 0.531564
v -2.117940 2.458762 0.709055
v -1.952891 2.410705 0.646045
v -1.828812 2.172447 0.138696
v -1.840630 2.137528 0.873995
v -1.759911 2.427704 0.703962
v -1.651423 2.178875 0.271381
v -2.300104 2.627975 0.100482
v -2.248993 2.734334 -0.444619
v -2.168168 2.501026 -0.399988
v -2.255009 2.582692 -0.172666
v -2.280052 2.588610 -0.014880
v -2.234586 2.779060 -0.612529
v -2.224452 2.778888 -0.877241
v -2.193882 2.425390 -0.478936
v -2.256912 2.611182 -0.366374
v -2.050568 2.561017 -0.009584
v -2.160281 2.714447 -0.770989
v -2.187352 2.591111 -0.491037
v -2.138720 2.727991 -0.525064
v -2.173015 2.748228 -0.654245
v -2.031296 2.568374 -0.181440
v -2.322533 2.646410 -0.194422
v -1.980150 2.666104 -0.279294
v -1.945861 2.465391 -0.394354
v -2.026792 2.624041 -0.453511
v -1.862425 2.477291 -0.481353
v -1.832610 2.554170 0.000552
v -1.874113 2.703841 -0.392052
v -1.938617 2.722361 -0.498716
v -1.886183 2.774307 -0.752671
v -1.869870 2.735492 -0.690484
v -1.907923 2.573628 -0.337974
v -1.801269 2.560771 -0.144006
v -1.755534 2.723534 -0.215436
v -1.746040 2.810577 -0.424909
v -1.690430 2.454388 0.129986
v -1.762778 2.781491 -0.793838
v -1.742478 2.606717 -0.373126
v -1.778512 2.772135 -0.667260
v -1.649167 2.808800 -0.513412
v -1.670215 2.443166 -0.110969
v -1.554221 2.612001 -0.337085
v -1.601684 2.747331 -0.431760
v -1.633484 2.617721 -0.140248
v -1.767093 2.380904 0.880918
v -1.331339 2.382323 0.920809
v -1.409260 2.243895 0.922185
v -1.521176 2.317110 0.936679
v -0.970442 2.192146 0.873459
v -1.027702 2.428221 0.871930
v 4.073428 0.132891 0.999204
v 4.061265 -0.097826 1.293004
v 4.066636 0.119514 1.266811
v 4.030260 0.475925 0.914388
v 4.053110 0.356559 1.286996
v 4.063072 0.335739 1.028857
v 4.030050 0.685005 1.265958
v 4.030396 0.710336 0.896702
v 4.172312 0.036243 1.247097
v 4.172752 0.157000 0.873330
v 4.131695 0.122830 0.828220
v 4.202365 0.081418 0.934869
v 4.226550 0.040829 1.052165
v 4.229485 0.031031 1.288740
v 4.227660 0.297858 0.836966
v 4.167181 0.423093 0.809114
v 4.162021 0.594417 0.832748
v 4.199357 0.124381 0.825683
v 4.267113 0.026330 0.981503
v 4.239254 0.619182 0.864963
v 4.281004 0.025000 0.825000
v 4.350493 0.770047 0.874930
v 0.054387 -2.147772 -0.026336
v 0.086498 -2.210437 0.010608
v 0.112247 -2.151765 -0.866716
v 0.148636 -2.181741 -0.023138
v 0.428768 -2.351628 -0.621944
v 0.831352 -2.262651 -0.769721
v 0.479690 -2.098930 -0.762318
v 0.618860 -2.184572 -0.781188
v 0.428876 -2.334593 -0.789134
v -2.533578 2.456182 0.258182
v -2.442782 2.732064 0.628311
v -2.243409 2.438907 0.037205
v -2.281969 2.502406 0.658904
v -2.258281 2.674110 0.629485
v -2.166569 2.427956 0.247209
v -2.090820 2.427362 0.122781
v -2.040195 2.646650 0.617332
v -2.168893 2.709235 0.565899
v -1.997792 2.486616 0.176848
v -2.115631 2.624017 0.702520
v -2.040891 2.473205 0.207396
v -1.931603 2.678356 0.213222
v -1.915938 2.687822 0.400240
v -1.893003 2.698436 0.516573
v -1.944011 2.484632 0.612356
v -1.922634 2.585997 0.158375
v -1.926078 2.719676 0.273844
v -1.861834 2.643221 0.581259
v -1.872348 2.658493 0.102239
v -1.862744 2.762536 0.178355
v -1.784247 2.461951 0.017968
v -1.782768 2.578049 0.078653
v -1.664384 2.704077 0.634170
v -1.788160 2.700187 0.372505
v -1.729078 2.729056 0.558589
v -1.644721 2.478600 0.085227
v -1.750344 2.635061 0.464520
v -1.628660 2.571380 0.427027
v -1.575273 2.625498 0.558684
v -1.625077 2.773131 0.175974
v -1.652403 2.496267 0.657192
v -1.585329 2.570805 0.679101
v -1.598578 2.623121 0.056488
v -1.530687 2.673655 0.386478
v -1.543845 2.656156 0.140910
v 7.336771 4.277788 0.830453
v 7.382731 4.266950 1.012047
v 7.250169 4.280282 0.904563
v 7.456563 4.278858 0.864011
v 7.460008 4.264641 1.216970
v 7.325589 4.274330 1.263223
v 7.514101 4.262804 1.524971
v 7.694798 4.259018 1.724039
v 7.582786 4.285446 0.921463
v 7.678222 4.280517 0.862909
v 7.705078 4.279798 0.950325
v 7.829746 4.273866 0.855597
v 7.668164 4.263656 1.162055
v 7.863052 4.268875 0.984171
v 7.930501 4.273705 0.910395
v 8.005078 4.244722 1.218026
v 7.901530 4.255412 1.358100
v -2.374617 -0.193105 -0.562210
v -2.358525 -0.428474 -0.420021
v -2.353707 -0.191356 -0.379016
v -2.425504 -0.176143 -0.199985
v -2.290289 -0.077042 -0.517920
v -2.319524 -0.514754 -0.466556
v -2.390125 -0.108152 -0.447673
v -2.253279 -0.028517 -0.356009
v -2.297218 0.065606 -0.403533
v -2.232367 -0.733941 -0.337347
v -2.340282 -0.479106 -0.364278
v -2.232541 -0.240838 -0.523204
v -2.104435 -0.174099 -0.355918
v -2.262559 -0.099581 -0.470913
v -2.148930 -0.066918 -0.389465
v -2.243743 -0.744830 -0.507015
v -2.206046 -0.666644 -0.744326
v -2.213583 -0.093884 -0.543231
v -2.211411 0.050956 -0.437595
v -2.123075 -0.706048 -0.761729
v -2.126095 -0.831974 -0.312239
v -2.103356 -0.489261 -0.670717
v -2.087871 -0.589065 -0.746491
v -2.105002 -0.588715 -0.346329
v -2.070370 -0.535045 -0.477079
v -2.104320 -0.451998 -0.380851
v -2.062975 -0.112338 -0.464845
v -2.080971 -0.013797 -0.120706
v -2.071290 -0.723202 -0.727452
v -2.083858 -0.743888 -0.489035
v -1.941604 -0.657167 -0.664908
v -1.991060 -0.532068 -0.738446
v -2.051361 -0.550326 -0.575070
v -1.982899 -0.474553 -0.516974
v -2.009485 -0.475284 -0.427007
v -2.116932 -0.329576 -0.380990
v -2.024747 -0.405859 -0.471881
v -2.027059 -0.073027 -0.193844
v -2.087639 -0.219360 -0.676802
v -2.023725 -0.116402 -0.694646
v -2.030274 -0.126969 -0.108698
v -2.051019 -0.076795 -0.669202
v -1.995723 -0.746828 -0.319437
v -1.981981 -0.745487 -0.474143
v -2.074719 -0.670833 -0.678467
v -1.936364 -0.642875 -0.405283
v -2.018553 -0.473182 -0.738822
v -1.981203 -0.416551 -0.621501
v -1.972704 -0.132952 -0.191927
v -1.966617 -0.102559 -0.110409
v -1.811365 -0.427130 -0.205484
v -1.917983 -0.633454 -0.471198
v -1.838434 -0.602363 -0.722104
v -1.852903 -0.420859 -0.687011
v -1.946375 -0.186327 -0.630718
v -1.974701 -0.258113 -0.352551
v -1.905954 -0.759151 -0.299772
v -1.859546 -0.417210 -0.621107
v -1.866745 -0.394433 -0.391095
v -1.868167 -0.049777 -0.621024
v -1.877798 -0.021709 -0.676194
v -1.832373 -0.625508 -0.383261
v -1.823293 -0.494122 -0.421141
v -1.796078 -0.398253 -0.438673
v -1.742862 -0.212705 -0.373847
v -1.768899 -0.677779 -0.755370
v -1.847885 -0.611287 -0.570668
v -1.766856 -0.573559 -0.372147
v -1.722451 -0.618869 -0.690055
v -1.770485 -0.527744 -0.607406
v -1.775879 -0.363714 -0.185300
v -1.697870 0.014720 -0.202244
v -1.765951 -0.692541 -0.350159
v -1.788571 -0.317057 -0.101112
v -1.714598 -0.041001 0.002374
v -1.678116 -0.735240 -0.782246
v -1.736462 -0.649198 -0.666440
v -1.606245 -0.493627 -0.382954
v -1.732758 -0.378070 -0.015787
v -1.682169 -0.088078 -0.149477
v -1.618531 -0.672087 -0.681954
v -1.611787 -0.686220 -0.358697
v -1.696077 -0.316003 -0.523065
v -1.656353 -0.326580 -0.576964
v -1.624225 -0.385256 -0.343058
v -1.663730 -0.673873 -0.814413
v -1.630668 -0.541219 -0.578562
v -1.539318 -0.216040 -0.674053
v -1.484085 -0.193003 -0.438828
v -1.626474 -0.214138 -0.541765
v -1.611238 -0.283255 -0.378739
v -1.622806 -0.124199 -0.105054
v -1.939250 2.308735 0.932134
v -2.221503 2.337295 0.893604
v -1.586216 2.415651 0.690676
v -1.439708 2.628752 0.737263
v -1.479385 2.703677 0.672254
v -1.422905 2.496928 0.741210
v -1.397555 2.602885 0.145003
v -1.455650 2.615840 0.197959
v -1.247647 2.542986 0.184734
v -1.488315 2.720782 0.275392
v -1.280223 2.715888 0.469741
v -1.107545 2.721541 0.273720
v -1.138896 2.533697 0.175628
v -0.994338 2.437909 0.699099
v -1.246329 2.482024 0.691020
v -1.091293 2.696146 0.238932
v -1.137901 2.691435 0.671149
v -1.094774 2.583621 0.714876
v -1.015300 2.687283 0.167168
v -1.059298 2.655061 0.474385
v -1.059436 2.652968 0.119778
v -1.035867 2.726470 0.071968
v -1.005147 2.504353 0.508949
v -0.980196 2.598280 0.501290
v -1.036668 2.601402 0.666311
v -1.027879 2.872089 0.124621
v -0.832089 2.694215 0.143971
v -0.850144 2.682715 0.460135
v -0.910203 2.757466 0.125841
v -0.807332 2.870414 0.422234
v -0.842353 2.911366 0.143552
v -0.820318 2.498685 0.455738
v -0.758917 2.608095 0.386017
v 12.979353 -1.097375 2.122985
v 12.900232 -0.880058 2.119385
v 12.928254 -0.892355 2.022434
v 13.042967 -0.973252 1.653426
v 13.008076 -0.929869 1.787112
v 12.926822 -0.771616 1.589241
v 12.927954 -0.661532 1.921398
v 12.978411 -1.527897 1.767585
v 13.013268 -1.029018 2.036438
v 12.994079 -0.837081 1.936538
v 13.038386 -1.538001 2.121032
v 13.075788 -1.424142 1.582378
v 13.075506 -1.311664 2.079433
v 13.070478 -1.128953 2.020715
v 13.126229 -1.411073 2.053694
v 13.109076 -1.474262 1.828722
v 13.081395 -1.286159 1.611485
v 13.093216 -1.305283 1.873456
v 13.097052 -1.238062 1.707825
v 6.600000 4.276336 0.525000
v 6.541378 4.278928 0.174715
v 6.625000 4.277070 0.398401
v 6.545797 4.288633 0.105518
v 6.539321 4.285985 0.623049
v 6.567949 4.284138 0.776080
v 6.800000 4.285630 0.387500
v 6.807499 4.276246 0.651615
v 6.868750 4.282516 0.296575
v 6.676862 4.285395 0.480428
v 6.830702 4.277245 0.831244
v 6.939835 4.277684 0.522465
v 6.902352 4.292621 0.744383
v 7.000073 4.270426 0.946029
v 7.208162 4.285191 0.259375
v 6.972063 4.278603 0.388323
v 7.027743 4.270422 0.642188
v 7.032592 4.274514 0.276261
v 7.121719 4.281303 0.489047
v 7.050027 4.279309 0.729393
v 7.215839 4.272817 0.364940
v 0.005438 -2.361952 2.094447
v 0.184158 -2.950429 2.091437
v 0.189142 -2.586433 2.099873
v 0.648952 -2.607685 2.094183
v 0.655229 -2.926488 2.074563
v 0.682045 -2.330757 2.098160
v 0.739246 -2.793087 2.112116
v 1.776211 -1.413511 2.102088
v 1.774175 -1.012158 2.098978
v 2.235258 -1.506965 2.107387
v 2.279611 -1.099201 2.103786
v -1.498079 1.894569 2.107970
v -1.212197 1.878369 2.107348
v -1.396386 2.365847 2.101473
v -0.909351 2.022531 2.106564
v -0.895514 1.574085 2.102359
v -2.287488 -9.315087 2.067717
v -2.211683 -8.799290 2.063116
v -2.254791 -9.438839 2.051406
v -2.075213 -9.629703 2.049993
v -2.047549 -9.079843 2.057791
v 3.087409 -0.217341 -0.879740
v 3.141030 -0.111795 -0.878782
v 3.468426 -0.005838 -0.875096
v 3.401487 0.025792 -0.769060
v 3.254323 -0.109509 -0.847039
v 3.620184 -0.130932 -0.891882
v 3.583724 -0.144188 -0.770932
v 3.576746 -0.449068 -0.893408
v 3.596127 -0.054652 -0.879570
v 3.837242 -0.755501 -0.892934
v 3.834750 0.129966 -0.885955
v 3.876706 -0.671021 -0.783002
v 3.833720 -0.407314 -0.883031
v 3.874949 -0.091884 -0.817476
v 3.797509 -0.057060 -0.887720
v 3.948900 -0.697134 -0.752136
v 0.073360 -4.722864 2.072386
v 0.290437 -4.620421 2.069806
v 0.576631 -4.685801 2.078595
v 0.349297 -4.259059 2.078817
v 0.659945 -4.348550 2.070810
v 0.407289 -4.477379 2.075889
v 0.524351 -3.998719 2.078373
v 0.771422 -4.682917 2.074327
v -2.356248 3.631663 0.119804
v -2.327913 3.763417 0.569021
v -2.316675 3.791048 0.659372
v -2.333258 3.779085 0.243279
v -2.367413 3.869560 0.567727
v -2.419025 3.820997 0.266476
v -2.201487 3.843019 0.599227
v -2.272844 3.814303 0.869709
v -2.325524 3.973528 0.287757
v -2.345749 3.999438 0.455330
v -2.338531 3.739517 0.118694
v -2.346235 3.958654 0.085525
v -2.158531 3.787861 0.171089
v -2.184484 3.846240 0.246677
v -2.162772 3.965168 0.414552
v -1.943125 3.768138 0.637057
v -2.053398 3.751427 0.568569
v -1.984858 3.808197 0.677978
v -1.782282 3.992725 0.602807
v -2.115367 3.785217 0.372085
v -1.895808 3.932009 0.089680
v -1.867844 3.801874 0.377132
v -1.972186 3.835412 0.859892
v -2.003298 3.898389 0.424672
v -1.913124 3.958246 0.706462
v -1.813042 3.769915 0.369323
v -1.692440 3.939326 0.096577
v -1.734866 4.005663 0.668067
v -1.715388 3.780297 0.567404
v -1.880598 3.756947 0.125845
v -1.730686 3.767560 0.169658
v -1.526508 3.853168 0.374893
v -1.656183 4.051099 0.678875
v -1.625832 3.884020 0.684543
v -1.606750 1.690546 -0.274748
v -1.436361 1.652112 -0.466639
v -1.430128 1.675215 -0.355482
v -1.459168 1.711523 -0.282272
v -1.258064 1.602602 -0.240215
v -1.390985 1.692292 -0.184290
v -1.285573 1.706511 -0.065146
v -1.062077 2.232061 -0.671933
v -0.932444 2.224777 -0.149934
v -0.687525 2.235144 0.090856
v -0.657129 2.235264 -0.532545
v -0.888514 2.232921 -0.367276
v -0.126981 2.258456 -0.134047
v 8.949900 -7.712956 2.099719
v 8.875000 -7.375957 2.125000
v 8.917656 -7.225000 2.125000
v 8.825000 -7.475000 2.075353
v 9.025202 -7.518307 2.106692
v 9.078320 -7.397851 2.111984
v 8.981289 -7.324543 2.119513
v 8.975692 -7.210518 2.109807
v 9.194770 -7.731693 2.113024
v 9.181912 -7.607994 2.125000
v 9.053034 -7.542115 2.125000
v 9.113655 -7.257353 2.114057
v 8.937500 -7.812757 2.073473
v 9.271966 -7.525000 2.114054
v 9.279430 -7.542343 2.117103
v 9.312500 -7.760020 2.093895
v 9.387501 -7.612500 2.119239
v 9.462996 -7.201450 2.098479
v 9.425000 -7.775000 2.095464
v 9.401392 -7.175000 2.125000
v 9.572166 -7.283107 2.105427
v 9.725307 -7.615942 2.125000
v 9.538198 -7.300000 2.116235
v 9.590671 -7.142205 2.125000
v -2.373465 4.087484 0.531015
v -2.374653 4.171883 0.121869
v -2.349125 4.335516 0.477676
v -2.346627 4.336829 0.581016
v -2.340230 4.247313 0.609900
v -2.335027 4.354128 0.129436
v -2.315151 4.304026 0.162541
v -2.158312 4.111689 0.157126
v -2.270672 4.082744 0.459838
v -2.173266 4.301501 0.475208
v -2.002097 4.325805 0.493182
v -2.017308 4.131424 0.476889
v -1.976566 4.325922 0.419900
v -1.920172 4.183117 0.399168
v -1.824747 4.022537 0.663260
v -1.836957 4.118372 0.421493
v -1.870885 4.326224 0.500100
v -1.826201 4.320543 0.576904
v -1.828888 4.319099 0.424100
v -1.801043 4.013668 0.418953
v -1.831365 4.027902 0.826003
v -1.817569 4.119028 0.534080
v -1.680172 4.148830 0.601682
v -1.755180 4.297756 0.158744
v -1.519855 4.049698 0.147914
v -1.540525 4.258005 0.580261
v -1.494553 4.107612 -0.327458
v -1.548749 4.167338 -0.244610
v -1.475000 4.136662 -0.741506
v -1.477868 4.056206 -0.740448
v -1.475000 4.063908 -0.625000
v -1.427472 4.237413 -0.373302
v -1.327700 4.226490 -0.782187
v -1.367970 4.193611 -0.695498
v -1.425000 4.310796 -0.575000
v -1.359447 4.331463 -0.571898
v -1.433732 4.330457 -0.425303
v -1.425000 4.276272 -0.726597
v -1.415913 4.329477 -0.235905
v -1.309099 4.192844 -0.584308
v -1.319233 4.320427 -0.413846
v -1.308341 4.236866 -0.542306
v -1.306285 4.261917 -0.486629
v -1.244528 4.250228 -0.387533
v -1.281235 4.201280 -0.281398
v -1.289878 4.332243 -0.246033
v -1.168554 4.164450 -0.332784
v -1.205368 4.313266 -0.536420
v -1.186472 4.326940 -0.272912
v -1.140753 4.256637 -0.267608
v -1.142077 4.325649 0.005564
v -0.918533 4.268934 -0.038835
v -0.837263 4.326773 -0.019413
v -1.542110 4.029727 0.428167
v -1.477295 4.105656 0.533214
v -1.438533 4.297894 0.569062
v -1.419826 4.327110 0.480689
v -1.461744 4.081860 0.344488
v -1.224847 4.242770 0.170039
v -1.415102 4.162792 0.433759
v -1.304530 4.073700 0.371411
v -1.301604 4.138086 0.409453
v -1.141496 4.119153 0.302833
v -1.197693 4.254918 0.319280
v -1.203112 4.334190 0.476145
v -1.111018 4.292430 0.321071
v -1.106278 4.293945 0.470131
v -1.200054 4.334752 0.125294
v -1.073731 4.057824 0.482837
v -1.012149 4.259476 0.175934
v -1.076041 4.323378 0.518077
v -0.799867 3.968997 0.169898
v -0.958228 4.062725 0.615358
v -0.865463 4.323152 0.515580
v -0.807674 4.096808 0.460661
v -1.061788 4.256561 0.608504
v -1.057347 4.315837 0.582547
v -0.619853 4.223165 0.611900
v -0.823256 4.277265 0.471624
v -0.762532 4.329568 0.148842
v -3.007451 3.387647 -0.376845
v -2.936043 3.354325 -0.715360
v -2.829838 3.458533 0.114160
v -2.695611 3.384897 -0.475009
v -2.513259 3.424959 -0.000861
v -2.441579 3.361696 -0.677967
v -2.441490 3.778940 -0.715796
v -2.419741 3.762873 -0.251107
v -2.430662 3.422219 -0.334352
v -2.370683 3.462201 -0.593360
v -2.395561 3.674589 -0.519079
v -2.373862 3.590708 0.001770
v -2.436453 3.786428 -0.402078
v -2.402022 3.796256 -0.010301
v -2.388723 3.889007 -0.024060
v -2.379600 3.976006 -0.473165
v -1.146004 1.652934 -0.908764
v -0.382586 2.259916 -0.769999
v -0.888423 2.236949 -0.876654
v -0.672895 1.638359 -0.903952
v -0.412970 2.201915 -0.900719
v 4.078364 -2.374193 1.224749
v 4.068929 -3.108163 1.218176
v 4.111716 -2.868889 0.873699
v 4.109462 -2.437922 0.878109
v 4.068311 -2.571969 1.217641
v 4.118842 -2.452130 1.352360
v 4.143706 -2.477521 1.173176
v 4.101953 -2.365047 0.881911
v 4.172747 -2.495706 1.585291
v 4.248638 -3.038873 0.927274
v 4.194137 -2.557736 1.359934
v 4.201962 -2.537509 0.937738
v 4.249067 -2.541870 1.204062
v 4.263895 -2.489348 1.468432
v 4.223928 -3.173105 1.219481
v 4.274355 -2.517310 1.037853
v 4.263144 -2.376059 1.517371
v 4.288225 -2.994825 1.336311
v 4.301898 -3.284583 1.272876
v 4.325558 -2.399418 1.319019
v 4.293190 -2.420369 1.192599
v 4.285996 -2.442215 1.862385
v 4.323731 -2.552582 1.356446
v 4.373426 -2.549788 0.984847
v 4.340256 -2.531487 1.259633
v 4.356424 -2.434989 1.014757
v 4.384803 -2.972393 0.916629
v 4.428629 -2.417169 0.900000
v -1.439364 2.669843 -0.288896
v -1.562878 2.791742 -0.499092
v -1.532871 2.812296 -0.618951
v -1.532140 2.900642 -0.542476
v -1.522205 3.026202 -0.527301
v -1.476234 2.526122 -0.528537
v -1.479429 2.519128 -0.429767
v -1.513239 2.706357 -0.491550
v -1.492135 2.616203 -0.330683
v -1.366374 2.649854 -0.167076
v -1.474568 2.923900 -0.677316
v -1.516955 3.025085 -0.425857
v -1.387290 2.626173 -0.486629
v -1.422013 2.661437 -0.607118
v -1.441883 2.763191 -0.519747
v -1.478574 2.847777 -0.421506
v -1.429571 3.075258 -0.639900
v -1.354213 3.091742 -0.776288
v -1.346511 2.714266 -0.588614
v -1.337813 3.050315 -0.637987
v -1.239011 2.548946 -0.513490
v -1.279274 3.036196 -0.417581
v -1.251174 2.712176 -0.588565
v -1.230778 2.617441 -0.343421
v -1.306344 2.645083 0.038573
v -1.172060 2.731184 -0.221465
v -1.262586 2.869282 -0.423313
v -1.106263 2.985595 -0.558486
v -1.135764 3.045270 -0.658647
v -1.127822 2.490830 -0.361604
v -1.128783 2.645230 -0.310526
v -1.152211 2.660156 -0.492106
v -1.163130 2.676376 -0.177363
v -1.137549 2.797163 -0.678121
v -1.177414 2.730250 -0.470115
v -1.126111 2.732810 -0.131082
v -1.186836 2.763950 -0.521361
v -1.085423 2.502292 -0.488432
v -1.083602 2.695191 -0.665909
v -1.070288 2.536617 -0.658031
v -1.065327 2.676774 -0.345751
v -1.036431 2.520013 -0.410325
v -1.061997 2.668343 -0.075722
v -1.073043 2.738461 -0.788801
v -1.038972 2.746992 -0.419795
v -1.045189 2.747429 -0.083829
v -1.024880 2.870009 -0.485661
v -1.064222 2.912354 -0.757123
v -0.836038 2.907900 -0.281902
v -1.119390 3.111351 -0.665123
v -0.927315 3.128312 -0.690755
v -0.902256 2.894315 -0.683198
v -0.825415 2.933549 -0.644066
v -0.821073 3.073797 -0.009600
v -0.812404 3.073862 -0.598989
v -0.712784 3.096603 -0.596585
v -0.811544 3.299673 -0.706335
v -0.632897 3.129826 -0.691404
v -0.656871 2.575000 -0.025000
v -0.588749 2.759929 -0.082417
v -0.635140 2.688471 0.026555
v -0.610056 2.772741 0.038903
v -0.478812 3.057191 -0.642409
v -0.585287 3.091100 -0.142337
v -0.608699 3.178163 -0.666936
v -0.473217 2.755125 -0.100000
v -0.491622 2.792372 -0.005436
v -0.466690 2.871266 -0.194483
v -0.503174 3.005310 -0.147104
v -0.460700 3.029732 -0.297069
v -0.516812 3.198771 -0.713892
v -0.434618 2.639568 -0.115585
v -0.425000 2.656236 -0.275000
v -0.476039 2.878389 -0.042959
v -0.399739 2.936135 -0.333459
v -0.416503 2.922668 -0.146813
v -0.381870 2.970958 -0.471430
v -0.423049 2.578816 -0.300000
v -0.406454 2.583942 -0.164134
v -0.419500 2.577766 -0.255724
v -0.392949 2.701701 -0.187372
v -0.295416 2.714431 -0.187003
v -0.373708 2.770540 -0.272545
v -0.360213 2.876976 -0.289225
v -0.410723 2.794860 -0.174185
v -0.400409 2.937348 -0.220707
v -0.366820 3.012067 -0.486770
v -0.336084 2.997100 -0.286181
v -0.358620 3.075760 -0.133670
v -0.517566 3.077215 -0.756987
v -0.320860 2.889018 -0.164423
v -0.311326 2.977229 -0.194907
v -0.448561 3.073526 -0.599098
v -0.253143 3.134849 -0.249544
v -0.335900 3.123808 -0.152291
v -0.247897 2.766979 -0.218069
v -0.270872 3.124257 -0.634832
v -0.228473 3.216975 -0.574750
v -0.215198 3.179375 -0.110484
v -0.274532 3.227787 -0.722339
v -0.072261 2.572610 -0.640555
v -0.135391 2.902446 -0.064062
v -0.058194 2.697201 -0.342618
v -0.145168 2.791582 0.022122
v -0.041151 2.833330 -0.613436
v -0.044815 2.938896 -0.530402
v 0.067266 3.050834 -0.015583
v -0.041320 2.578710 -0.751619
v 0.072422 2.867860 -0.308009
v 0.059450 2.995503 -0.306204
v -0.150893 2.947839 -0.064932
v -0.019117 3.040194 -0.378674
v 0.021856 3.181260 -0.618680
v 0.019646 3.130539 -0.517996
v 0.053430 3.312402 -0.317975
v 4.859263 -7.022270 1.719782
v 4.862352 -6.893061 1.871368
v 4.831107 -6.861371 2.025175
v 4.857625 -6.682370 1.716159
v 4.854631 -6.391655 1.950875
v 4.871847 -6.429784 2.029040
v 4.875476 -6.492546 1.869811
v 4.913622 -6.498096 1.688802
v 5.057380 -7.068521 1.673522
v 5.192396 -6.813221 1.695356
v 5.361624 -7.107323 1.712420
v 5.375093 -6.724683 1.716625
v 5.385437 -7.336377 1.725000
v 5.385171 -6.781250 1.725000
v 4.139821 2.583023 2.087604
v 4.128733 3.142246 2.062635
v 4.119853 3.181678 2.010739
v 4.072340 3.213897 2.093253
v 4.152643 3.076348 2.090611
v 4.295689 3.123158 1.717029
v 4.324188 3.169779 1.724816
v 4.237188 3.177651 2.065275
v 4.468121 2.974283 2.119223
v 4.306765 2.535443 2.109389
v 4.711149 3.139626 2.103384
v 4.640891 2.755374 2.103330
v 4.828202 2.856081 2.113755
v -2.382471 4.139414 1.236670
v -2.318977 4.337996 1.672305
v -2.320930 4.292524 1.171169
v -2.281428 4.316072 1.141278
v -2.266123 4.328787 0.943096
v -2.366025 4.324982 1.419690
v -2.178215 4.211400 0.878104
v -2.080430 4.335279 1.364499
v -2.091573 4.111524 0.882171
v -2.073603 4.336751 0.892040
v -1.838902 4.325477 0.923018
v -1.875000 4.329294 1.525000
v -1.825000 4.324914 1.525000
v -1.826069 4.325000 1.525000
v -1.825000 4.325000 1.524219
v -1.825000 4.325000 1.526128
v -1.825000 4.330446 1.475000
v -1.825000 4.329198 1.575000
v -1.789101 4.267003 0.920227
v -1.823831 4.325000 1.525000
v -1.858827 4.336076 1.266833
v -1.775000 4.329058 1.525000
v -1.690128 4.319838 0.972973
v -1.539525 4.332376 1.230571
v -1.696375 3.991398 0.928503
v -1.564548 4.322552 0.950390
v -3.487137 1.805961 0.282891
v -3.469782 1.918878 0.067259
v -3.487270 1.811172 0.525609
v -3.487219 1.895225 0.923252
v -3.478046 2.053348 0.744952
v -3.467870 1.704125 0.339092
v -3.459411 2.035237 0.622917
v -3.460650 2.085983 0.389367
v -3.465584 2.146791 0.699849
v -3.466144 2.548107 0.071479
v -1.392386 3.911512 0.906822
v -1.501500 4.018206 0.879787
v -1.418528 3.785396 0.850386
v -1.302417 3.754363 0.874594
v -1.235281 3.985469 0.879907
v -1.094721 3.790410 0.921120
v -1.154109 4.026856 0.880242
v -1.080223 3.715863 0.976431
v -1.094293 3.915130 0.908387
v -1.116531 4.094055 0.799482
v -1.084524 4.078885 0.975512
v -1.012702 3.773621 1.036008
v -0.903510 3.852784 0.898436
v -0.871644 3.886322 1.065133
v -0.980989 4.063631 1.031672
v -0.889086 3.724073 0.930899
v -3.524778 -2.141030 1.662161
v -3.525000 -2.025750 1.325000
v -3.525076 -2.025000 1.325000
v -3.525000 -2.025000 1.324510
v -3.525000 -2.025000 1.325377
v -3.521008 -2.048887 1.455540
v -3.525000 -2.024649 1.325000
v -3.525000 -1.725089 1.175000
v -3.525024 -1.725000 1.175000
v -3.525000 -1.725000 1.174906
v -3.525000 -1.725000 1.175085
v -3.525000 -1.724665 1.175000
v -3.521151 -2.368564 0.578768
v -3.515002 -2.333743 0.934140
v -3.524845 -2.313201 1.411628
v -3.519127 -2.050199 0.859300
v -3.519949 -2.075000 1.325000
v -3.517479 -2.025000 1.275000
v -3.515348 -2.025000 1.375000
v -3.515047 -1.975000 1.325000
v -3.518469 -1.944880 1.052151
v -3.512571 -1.769539 1.680243
v -3.513575 -1.775000 1.175000
v -3.516516 -1.876163 1.262044
v -3.514616 -1.725000 1.125000
v -3.513017 -1.725000 1.225000
v -3.521838 -1.675000 1.175000
v -3.512646 -1.749763 1.457686
v -3.522700 -5.260375 1.686718
v -3.532677 -5.039241 1.642392
v -3.529466 -5.117369 1.872058
v -3.512207 -4.984842 1.932081
v -3.557834 -4.752677 1.675601
v -3.537694 -4.839225 2.027718
v -3.538370 -5.255219 1.946916
v -3.495112 -5.062546 2.023256
v -3.408384 -5.489653 1.885106
v -3.459920 -5.325689 1.594082
v -3.435429 -5.401567 2.018007
v -3.429052 -5.294909 2.040859
v -3.415282 -4.992619 2.051283
v -3.418190 -5.514647 1.647268
v -3.468587 -4.685170 2.072743
v -0.632389 -5.132360 2.066111
v -0.757106 -5.553101 2.064043
v -0.605845 -5.323089 2.059925
v -0.669026 -4.833230 2.067161
v -0.227936 -5.251006 2.066674
v -0.091293 -5.528318 2.071720
v -0.138562 -5.061672 2.069369
v 0.090736 -4.898429 2.072243
v -1.461760 4.330412 0.910914
v -1.595464 4.328326 1.521577
v -1.334055 4.314765 0.887074
v -1.346015 4.061099 0.848733
v -1.290235 4.325295 1.421808
v -1.362894 4.320738 1.099491
v -1.091166 4.255604 0.879289
v -1.118374 4.323597 0.942411
v -1.081506 4.252402 0.923766
v -0.922800 4.322659 1.222690
v -1.046831 4.320821 1.613141
v -0.954807 4.138900 0.955885
v -1.175357 4.325264 1.273421
v -0.612176 4.318212 1.751131
v -0.912764 4.322335 0.983032
v -2.986318 1.477609 2.097589
v -2.993038 1.043216 2.091072
v -2.503178 1.450684 2.099071
v -2.590696 0.942015 2.092868
v -3.119306 -11.412893 1.742475
v -3.209265 -11.413400 2.025147
v -3.074621 -11.436224 1.877461
v -2.898992 -11.431524 1.689129
v -2.725000 -11.387111 2.075000
v -2.733800 -11.439053 1.673897
v -2.800466 -11.433503 2.015697
v -2.539428 -11.446284 1.941506
v -2.550000 -11.412048 2.075000
v -2.588155 -11.434684 1.848612
v -2.481418 -11.929807 1.712941
v -2.535410 -11.452591 1.650961
v -2.475000 -11.449294 2.075000
v -2.482660 -11.707736 1.613376
v -2.460670 -11.846912 2.020279
v -2.470356 -11.593167 1.916249
v -2.449560 -11.478433 2.054263
v -2.419552 -11.940973 2.069381
v 6.795754 4.144012 2.106645
v 7.454477 4.234447 1.810296
v 7.619864 4.218141 2.110333
v 7.806291 4.236745 1.608156
v 8.090185 4.236588 2.072277
v 7.888967 4.242510 1.818744
v -0.839293 2.220879 0.292624
v -0.631585 2.227300 0.792440
v -0.340895 2.239121 0.781534
v -0.224988 2.235703 0.875115
v -0.227560 2.244465 0.270273
v 0.080721 2.252021 0.793594
v 13.021938 2.275476 1.223866
v 13.080156 1.776016 1.349149
v 13.059316 1.760803 1.473573
v 13.069645 1.849432 0.817174
v 13.088103 1.936750 1.451408
v 13.075496 2.154868 1.237542
v 13.076262 2.208076 1.629171
v 13.078267 2.194482 1.097456
v 13.066244 2.347442 1.158536
v 13.117862 1.759727 1.016283
v 13.092753 1.800011 1.196962
v 13.083124 1.915200 0.842006
v 13.092884 1.908756 1.696557
v 13.082006 2.002316 1.183082
v 13.081884 1.926723 0.927359
v 13.091786 2.030446 1.337491
v 13.105024 2.018820 1.067431
v 13.121144 2.222814 0.964049
v 13.087854 2.175471 1.390410
v 13.096318 2.071887 0.858883
v 13.086251 2.190956 0.850309
v 13.070554 2.224434 1.167856
v 13.099778 2.430697 0.867491
v 13.090422 2.337061 1.331276
v 13.110344 2.338955 1.477891
v 13.118568 2.461967 1.095567
v 13.089017 2.487620 1.442570
v 13.129684 2.148506 1.549354
v -0.954695 2.270891 0.922179
v -0.868504 2.421596 0.929676
v -0.244323 2.312026 0.943414
v -0.515930 2.461723 0.919779
v -0.398694 2.390259 0.959187
v -0.121801 2.222830 0.922024
v -1.770949 -6.471100 2.053615
v -1.704865 -6.702037 2.059132
v -1.459649 -6.853830 2.064836
v -1.207873 -6.892788 2.064753
v -1.218772 -6.457174 2.057905
v -1.240026 -7.164235 2.070957
v -0.925994 -6.529015 2.072733
v -0.820958 -6.742671 2.065751
v -0.922838 -6.986921 2.069633
v -0.693187 -7.081533 2.077011
v 4.069350 1.871300 0.952055
v 4.026257 1.839617 1.083699
v 4.057940 2.062420 0.812640
v 4.091322 2.024207 0.927053
v 4.136331 2.024679 1.105209
v 4.116142 2.079872 0.947492
v 4.127653 1.886082 0.896117
v 4.108137 1.912327 0.851452
v 4.217590 1.967918 1.183506
v 4.222735 2.149311 1.051132
v 4.105760 2.206038 0.841857
v 4.175009 2.255239 0.920643
v 4.300324 1.612596 0.933148
v 4.221478 1.904989 0.913602
v 4.274071 1.974411 1.683298
v 4.231894 2.045538 1.690959
v 4.237975 2.047598 1.074502
v 4.277250 2.128420 1.636805
v 4.260072 2.206306 0.957795
v 4.244984 2.549328 0.928013
v 4.293415 1.938731 0.934688
v 4.282384 1.965929 1.238120
v 4.277782 2.124779 1.064162
v 4.408549 2.205896 0.954337
v 4.433221 1.722135 0.882262
v 4.425260 1.954571 0.870771
v 4.468446 2.222677 0.864792
v 4.417718 2.070399 0.931489
v 4.481143 2.375000 0.875000
v 2.721120 -2.799645 -0.888640
v 2.736625 -2.329210 -0.880547
v 2.730593 -2.727123 -0.902157
v 3.061148 -2.412617 -0.884331
v -0.326555 2.534054 0.923853
v -0.283980 3.117677 0.876381
v -0.267794 2.581557 0.874495
v -0.161970 2.540589 0.919308
v -0.138433 3.161822 0.941869
v -0.062362 2.603302 0.941964
v 0.025935 3.215125 0.933228
v 1.678271 2.118212 -0.890911
v 1.629956 2.268550 -0.890051
v 1.716231 1.754730 -0.891594
v 2.114237 2.144094 -0.875249
v 1.926345 2.385302 -0.801638
v 2.281849 2.036944 -0.855900
v 2.376001 1.811305 -0.892993
v 0.153272 2.258159 -0.323713
v 0.487195 2.259346 -0.400293
v 0.838141 2.256779 -0.475113
v -2.880652 -4.825000 0.675000
v -2.881005 -4.767106 0.740562
v -2.228466 0.383448 0.310081
v -2.231641 0.465359 0.086042
v -2.181615 0.261212 0.131962
v -2.217637 0.282916 0.056429
v -2.248483 0.693196 0.325646
v -2.227684 0.646652 0.080408
v -2.149237 0.756580 0.111411
v -2.161428 0.137840 0.324372
v -2.179786 0.793133 0.327594
v -2.078413 0.026736 0.077620
v -2.115310 0.347965 0.359704
v -2.157005 0.665980 0.383753
v -1.979321 0.180325 0.069349
v -2.011341 0.714602 0.324932
v -2.018911 0.722697 0.046244
v -1.982595 0.175415 0.331565
v -3.160692 2.634154 -0.905594
v -3.146330 2.787961 -0.910087
v -3.117683 3.079016 -0.883953
v -3.063498 2.916598 -0.911393
v -2.754620 2.872222 -0.913938
v -2.940224 3.188232 -0.919139
v -2.648708 2.633359 -0.902127
v -2.730669 3.155306 -0.923331
v -2.586493 2.511852 -0.855017
v -2.591553 2.709335 -0.862226
v -2.526581 3.090889 -0.909418
v -2.410492 2.949795 -0.898949
v -2.572251 2.777091 -0.922964
v -2.419220 3.239487 -0.939455
v 1.611140 2.261613 0.931889
v 1.658260 2.458907 0.923675
v 1.764991 2.274480 0.959604
v 1.842281 2.382692 0.717867
v 1.956937 2.342952 0.931223
v 2.388533 2.325562 0.920342
v 9.726136 -9.570765 1.684065
v 9.816362 -9.579579 1.835986
v 9.825054 -9.584068 2.055172
v 9.938556 -9.579891 2.051533
v 9.979789 -9.580804 1.979491
v 10.026960 -9.561279 1.653325
v 10.128830 -9.580955 1.812981
v 10.077790 -9.586767 2.082886
v 10.191993 -9.588374 1.947663
v 10.298452 -9.581525 1.694171
v 10.604914 -9.608544 2.020291
v 10.430273 -9.585322 1.821972
v 10.444225 -9.562810 2.085378
v 0.517500 2.244003 0.869295
v 0.466574 2.247273 0.322808
v 0.037646 2.251820 0.303545
v 0.974282 2.247334 0.481011
v 0.731279 2.249713 -0.055872
v -3.567115 -6.350000 0.487500
v -3.582221 -6.342572 0.603896
v -3.560166 -6.209030 0.687867
v -3.567561 -6.221538 0.556353
v -3.563300 -6.330043 0.780814
v -3.542013 -5.934375 0.478125
v -3.539433 -6.095976 0.588432
v -3.593781 -6.111019 0.695279
v -3.532877 -5.668750 0.543750
v -3.544107 -5.891579 0.676629
v -3.547612 -5.698573 0.586966
v -3.525451 -5.616971 0.690379
v 5.693069 -0.690359 2.122459
v 5.833733 -0.210012 2.116735
v 6.083645 -0.435130 2.125354
v 6.003458 -0.802698 2.118257
v 6.282982 -0.300455 2.110498
v 6.551551 -0.348535 2.120434
v -2.064972 2.519439 2.104508
v -2.249461 3.106429 2.100148
v -0.025851 2.551817 -0.326623
v 0.131018 2.815411 -0.616929
v 0.058847 2.955659 -0.187226
v -0.025488 3.167425 -0.704933
v 0.073367 3.029837 -0.080057
v 0.035061 3.204615 -0.818297
v 0.138951 2.561676 -0.750626
v 0.129839 2.641871 -0.730714
v 0.098070 2.648867 -0.295931
v 0.127715 2.845530 -0.712028
v 0.128648 2.890103 -0.069168
v 0.101019 3.094567 -0.527508
v 0.112963 3.244723 -0.010479
v 0.075409 3.124724 -0.328497
v 0.123431 2.565714 -0.068932
v 0.149553 2.851161 -0.388576
v 0.116453 2.868719 -0.125233
v 0.146513 2.991859 -0.586216
v 0.234016 3.177903 -0.385064
v 0.175211 2.506445 0.064200
v 0.317420 2.553907 -0.726489
v 0.137903 2.529144 -0.415732
v 0.172378 2.782130 -0.132583
v 0.157510 2.800264 -0.058330
v 0.282971 2.874146 -0.059498
v 0.211012 2.873396 0.018526
v 0.151073 3.023853 -0.758929
v 0.229890 3.009583 -0.775172
v 0.203173 2.944754 -0.354981
v 0.228027 3.111933 -0.513771
v 0.381826 2.532755 -0.643464
v 0.351657 2.598135 -0.354208
v 0.319665 2.804536 -0.715197
v 0.196246 2.932359 -0.814363
v 0.259981 2.867211 -0.706627
v 0.212514 2.917375 -0.625002
v 0.372154 2.944938 -0.373276
v 0.187997 2.984283 -0.175828
v 0.211057 3.205749 -0.585428
v 0.326786 2.577199 -0.068782
v 0.184295 2.571643 -0.139450
v 0.196467 2.687511 -0.113309
v 0.341285 2.753465 -0.063187
v 0.243797 2.735252 -0.401730
v 0.222808 3.069191 -0.651338
v 0.310817 3.162714 -0.581391
v 0.540562 2.472330 0.032018
v 0.379996 2.571153 -0.179568
v 0.342065 2.552948 -0.086973
v 0.403430 2.659256 -0.146552
v 0.315167 2.786743 -0.129120
v 0.379849 2.953185 -0.623009
v 0.348411 3.081781 -0.399212
v 0.277927 3.105825 -0.134442
v 0.398329 3.165747 -0.160289
v 0.334946 3.274001 -0.123703
v 0.518771 2.524708 -0.524847
v 0.382893 2.633548 -0.693725
v 0.399082 2.765666 -0.197362
v 0.311867 2.889455 -0.127094
v 0.476728 2.785061 -0.369411
v 0.543713 2.928439 -0.174240
v 0.430695 3.094429 -0.567234
v 0.441424 3.074970 -0.323767
v 0.456255 2.823746 -0.473779
v 0.367914 2.857177 -0.641785
v 0.449924 2.856750 -0.547628
v 0.426357 3.091052 -0.492590
v 0.505701 3.149153 -0.547707
v 0.475925 3.139342 -0.217382
v 0.469720 3.177328 -0.297496
v 0.487252 3.192079 -0.221251
v 0.497771 2.458151 -0.109295
v 0.559359 2.612096 -0.123067
v 0.477327 2.708100 -0.672933
v 0.535710 2.754709 -0.635193
v 0.479382 2.710481 -0.606253
v 0.514213 2.834878 -0.623852
v 0.574847 2.845194 -0.288525
v 0.541778 3.191655 -0.487899
v 0.599069 3.219283 -0.422804
v 0.520129 3.267377 -0.286081
v 0.685366 2.479629 -0.403284
v 0.400979 2.529481 -0.432480
v 0.554875 2.932910 -0.582714
v 0.561180 3.051058 -0.427833
v 0.563744 3.120661 -0.587006
v 0.689395 2.485635 -0.075987
v 0.640615 2.519338 -0.141463
v 0.560495 2.672695 -0.381709
v 0.564119 2.716847 -0.486029
v 0.631365 2.728426 -0.559984
v 0.621507 2.805031 -0.688050
v 0.522298 2.931549 -0.436783
v 0.563263 2.955530 -0.215542
v 0.584554 3.025114 -0.572210
v 0.562951 3.196765 -0.252421
v 0.660010 2.521522 -0.646743
v 0.503430 2.661076 -0.631010
v 0.649246 2.582236 -0.322831
v 0.671997 2.703798 -0.412163
v 0.678173 2.788078 -0.200857
v 0.643414 2.884544 -0.622900
v 0.614474 2.877549 -0.775042
v 0.691859 2.844157 -0.516014
v 0.755832 3.032146 -0.606255
v 0.713620 3.258468 -0.261536
v 0.730744 2.472580 -0.627617
v 0.767385 2.673516 -0.378049
v 0.813431 2.732326 -0.523714
v 0.718619 2.727533 -0.314502
v 0.738494 2.802148 -0.226233
v 0.705298 2.869425 -0.708169
v 0.687005 2.925898 -0.555000
v 0.725000 3.025000 -0.775000
v 0.725000 2.990857 -0.725000
v 0.718986 2.980802 -0.260294
v 0.705331 3.060441 -0.405495
v 0.735941 3.158962 -0.244096
v 0.663433 2.641503 -0.175155
v 0.706202 2.520174 -0.297871
v 0.852681 2.642680 -0.319809
v 0.727168 2.693491 -0.668910
v 0.750995 2.785435 -0.392490
v 0.788688 2.855280 -0.570728
v 0.708110 2.909330 -0.376119
v 0.798389 2.799378 -0.320678
v 0.725000 3.025000 -0.775000
v 0.781872 3.023721 -0.656534
v 0.743810 3.057501 -0.129344
v 0.775000 3.055902 -0.775000
v 0.781130 3.174185 -0.385214
v 0.025363 2.549120 0.843950
v 0.077712 2.496444 0.940527
v 0.069909 2.504714 0.661103
v 0.573673 2.465929 0.432777
v 0.565892 2.480317 0.628017
v 0.545115 2.475692 0.244029
v 0.525081 2.478561 0.921917
v 0.822184 2.481495 0.058740
v 1.601364 0.911639 -0.721288
v 1.585237 0.845788 -0.777333
v 1.632869 0.997293 -0.761302
v 1.619767 1.004019 -0.669887
v 1.709748 1.107573 -0.636696
v 1.709516 1.184679 -0.571065
v 1.725207 1.185120 -0.319734
v 1.773050 1.208196 0.000176
v 1.719278 1.287270 -0.208706
v 1.725816 1.356087 -0.016167
v 1.751985 0.915226 -0.692516
v 1.653632 0.879648 -0.623730
v 1.675515 0.963626 -0.266224
v 1.675047 0.990861 -0.404191
v 1.772313 1.123411 -0.210383
v 1.831634 1.248161 -0.142267
v 1.752529 0.889839 -0.569851
v 1.840086 1.004430 -0.621104
v 1.880600 1.032148 -0.274775
v 1.829972 1.134084 -0.564555
v 1.830078 1.129825 -0.287451
v 1.819440 1.214053 -0.231536
v 1.865192 0.971182 -0.467871
v 1.843953 0.934618 -0.227695
v 1.875299 0.940597 -0.272404
v 1.832519 1.010965 -0.350881
v 1.885197 0.962313 -0.532444
v 1.932001 0.854679 -0.214803
v 1.945901 0.934079 -0.501087
v 2.170070 0.822318 -0.223228
v 1.944575 1.064512 -0.471329
v 2.118377 0.940968 -0.529623
v 2.244222 0.971980 -0.606361
v 2.217242 1.161843 -0.527731
v 2.275861 0.924414 -0.756155
v 2.322346 0.931906 -0.517423
v 2.128687 0.828545 -0.441988
v 2.208886 1.047598 -0.773313
v 2.239382 1.039444 -0.592400
v 2.313318 1.263826 -0.426007
v 2.309323 1.278600 -0.480711
v 2.329350 0.921601 -0.625983
v 2.269634 1.026911 -0.708650
v 2.383810 0.970845 -0.612373
v 2.246084 1.160235 -0.452517
v 2.394391 1.268779 -0.375349
v 2.367338 1.326682 -0.269843
v 2.518973 0.918747 -0.475862
v 2.349445 1.054642 -0.583204
v 2.310123 1.265328 -0.309084
v 2.403681 1.246095 -0.525135
v 2.364652 1.270449 -0.168509
v 6.671420 -8.668031 2.114913
v 6.584008 -8.675001 2.123965
v 6.642021 -8.375192 2.121213
v 6.718746 -8.477190 2.114639
v 7.100000 -8.578433 2.124664
v 7.061146 -8.103237 2.098099
v 6.955824 -8.727314 2.098600
v 6.916484 -8.620455 2.100567
v 6.915166 -8.110386 2.110266
v 7.169632 -7.995212 2.108986
v 7.137379 -8.322892 2.122645
v 7.125000 -8.388745 2.125000
v 7.350251 -8.145940 2.103932
v 0.020326 2.566664 0.923394
v 0.033457 3.177757 0.836365
v -2.436065 2.060257 -0.912872
v -2.163932 2.195607 -0.895667
v -1.952239 1.893495 -0.911888
v -1.567168 1.642546 -0.907980
v -1.714426 2.212631 -0.848649
v -2.361355 3.708238 -0.890991
v -2.359140 3.830917 -0.752580
v -2.525728 3.350327 -0.890913
v -2.228146 3.840519 -0.761781
v -2.303884 3.384678 -0.920384
v -2.178046 3.733534 -0.912761
v -2.049650 3.400243 -0.912167
v -2.061473 3.758638 -0.832670
v -1.808696 3.767362 -0.822875
v -1.742782 3.719056 -0.907659
v -1.758944 3.419284 -0.914936
v -1.761777 3.844526 -0.790543
v -0.559085 3.889026 -0.813221
v -0.695141 3.704689 -0.635479
v -0.649140 3.828436 -0.822650
v -0.746366 3.432065 -0.819774
v -0.580704 3.548101 -0.758422
v -0.709374 3.525488 -0.627972
v -0.626695 3.877944 -0.275930
v -0.613257 3.369992 -0.704511
v -0.575000 3.445805 -0.775000
v -0.618865 3.751297 -0.766953
v -0.576430 3.268770 -0.734779
v -0.525000 3.375000 -0.753674
v -0.525000 3.425000 -0.775000
v -0.525000 3.425000 -0.775000
v -0.445320 3.880611 -0.365428
v -0.492233 3.449433 -0.739389
v -0.525000 3.425000 -0.775000
v -0.501210 3.475000 -0.775000
v -0.461147 3.888961 -0.744756
v -0.399536 3.387288 -0.530280
v -0.435935 3.421087 -0.510118
v -0.397973 3.585787 -0.518699
v -0.445565 3.583891 -0.837293
v -0.380159 3.699568 -0.817000
v -0.410314 3.266316 -0.776017
v -0.344224 3.284502 -0.524891
v -0.364622 3.342910 -0.844006
v -0.319097 3.369941 -0.686976
v -0.374941 3.368010 -0.238177
v -0.331532 3.443496 -0.257582
v -0.344861 3.513381 -0.522578
v -0.319900 3.523700 -0.235207
v -0.307504 3.285293 -0.300146
v -0.353619 3.573909 -0.165990
v -0.288451 3.729626 -0.793703
v -0.282814 3.870356 -0.558894
v -0.295957 3.860764 -0.070274
v -0.234153 3.235610 -0.240838
v -0.232403 3.402420 -0.205253
v -0.231526 3.394619 -0.035091
v -0.238737 3.522126 0.052428
v -0.229913 3.782100 -0.774844
v -0.227236 3.807662 -0.365507
v -0.223899 3.861076 -0.024877
v -0.274629 3.864193 -0.279130
v -0.212070 3.523021 -0.171758
v -0.100008 3.310190 -0.736236
v -0.034732 3.349666 -0.634943
v -0.029790 3.330672 -0.535284
v -0.048300 3.645257 -0.228826
v -0.020119 3.800951 -0.221386
v -0.026125 3.783889 -0.305630
v 0.073455 3.383316 -0.571380
v 0.034375 3.423337 -0.728234
v -0.042266 3.409179 -0.432997
v -0.000953 3.639877 -0.505612
v -0.029757 3.640607 -0.348591
v 0.056585 3.585093 -0.245322
v 0.074691 3.725099 -0.472928
v -0.018485 3.801742 -0.467121
v -0.006983 4.015531 -0.179804
v -2.199411 -2.617464 -0.916590
v -1.731965 -3.017979 -0.914560
v -1.759690 -2.745321 -0.917770
v -1.713344 -2.444111 -0.911921
v -0.741383 3.734495 0.407982
v -0.699321 3.981319 0.394297
v -0.673483 3.881816 0.872862
v -1.040407 3.782257 0.105024
v -0.622032 3.722673 0.815944
v -0.681912 3.831917 0.675212
v -0.593005 3.800533 0.468536
v -0.692931 3.847507 0.114725
v -0.623217 4.012995 0.571863
v -0.475570 3.716112 0.451621
v -0.422965 3.809448 0.580719
v -0.621930 4.003505 0.455183
v -0.625486 3.719584 0.176542
v -0.458067 3.725031 0.610449
v -0.411210 3.955857 0.592450
v -0.392176 3.796926 0.125668
v -0.429266 3.878615 0.478687
v -0.346615 3.671105 -0.013881
v -0.261436 3.708644 0.528604
v -0.346276 3.718860 0.850187
v -0.353451 3.953439 0.518874
v -0.338809 3.593008 0.114900
v -0.297399 3.719013 0.047345
v -0.225544 3.688170 0.167523
v -0.319191 3.740057 0.681271
v -0.258455 3.759704 0.110309
v -0.312050 3.929183 0.193861
v -0.271112 3.401399 0.525391
v -0.243668 3.352928 0.323268
v -0.262047 3.409170 0.801660
v -0.225704 3.586884 0.167788
v -0.256169 3.661377 0.643241
v -0.256479 3.721309 0.791322
v -0.244364 4.025949 0.124862
v -0.230460 3.685000 0.446965
v -0.151551 3.895248 0.750049
v -0.096879 3.826560 0.485587
v -0.081539 3.947735 0.387246
v -0.115899 3.996138 0.427095
v -0.052963 3.328879 0.062265
v -0.042828 3.330923 0.390071
v -0.046859 3.469940 0.428606
v -0.060135 3.764081 0.811820
v -0.052871 3.737971 0.479482
v -0.020489 3.933618 0.207400
v 0.016356 3.380445 0.122313
v 0.055638 3.346991 0.376855
v -0.041670 3.523797 0.478841
v 0.475000 -6.525000 0.685847
v 0.425000 -6.480237 0.625000
v 0.475000 -6.507048 0.675000
v 0.513327 -6.515353 0.650000
v 0.541731 -6.575000 0.675000
v 0.575000 -6.625000 0.648113
v 0.628709 -6.656097 0.485270
v 0.604469 -6.712500 0.681545
v 0.600000 -6.651673 0.625000
v 0.674768 -7.225000 0.575000
v 0.625000 -7.120143 0.623682
v 0.625000 -7.102195 0.675000
v 0.718347 -6.970984 0.674775
v 0.707949 -6.793049 0.675427
v 0.704964 -6.781395 0.543526
v 0.623398 -6.677630 0.390390
v 0.720698 -7.125842 0.681041
v 0.712385 -6.895419 0.525385
v 0.690755 -6.925000 0.675000
v 0.702586 -6.756922 0.331548
v 0.770682 -7.035028 0.200000
v 0.786813 -7.137289 0.462504
v 0.771078 -7.141597 0.656451
v 0.772762 -7.109106 0.352262
v 0.778772 -6.964176 0.273144
v 0.764979 -6.987552 0.479309
v 0.728500 -6.891562 0.591891
v 0.736511 -6.804862 0.605489
v 0.687245 -6.749612 0.218750
v 0.730267 -6.815012 0.249053
v 0.825000 -6.326788 0.625000
v 0.779767 -6.412837 0.628730
v 0.725000 -6.482376 0.625000
v 0.804808 -7.175000 0.375000
v 1.605164 1.909891 2.113845
v 1.822121 1.864900 2.118683
v 1.876517 1.648534 2.117768
v 1.940451 2.151737 2.115307
v 2.231888 2.198383 2.115995
v -0.805591 3.995774 -0.039452
v -0.344815 4.252233 -0.037401
v -0.242710 3.978201 -0.035201
v -0.104619 4.077525 -0.204968
v -0.062744 4.065533 -0.008193
v -0.076054 4.122845 -0.166006
v -0.059586 4.144112 0.045859
v 0.048683 4.120470 -0.170187
v 10.485516 -0.163439 2.151422
v 10.492206 -0.895041 2.143970
v 10.654624 -0.556783 2.155203
v 10.817860 -0.687570 2.155034
v 11.096429 -0.444213 2.149528
v 10.907480 -0.184709 2.134129
v 11.123114 -0.028230 2.146864
v 11.335124 -0.066212 2.128778
v 9.695779 -5.035528 2.110482
v 9.797617 -5.172256 2.066800
v 9.639887 -4.880614 2.134803
v 9.875635 -4.903659 2.098305
v 9.825000 -4.975000 2.095073
v 9.683232 -5.225000 2.073899
v 9.979524 -5.163779 2.079070
v 9.874976 -4.975001 2.125003
v 9.875000 -4.975000 2.125008
v 9.875000 -4.974966 2.125000
v 9.924480 -5.100817 2.081940
v 10.027859 -5.023795 2.125000
v 9.925000 -4.975000 2.125305
v 9.925000 -4.972844 2.125000
v 9.844921 -4.758454 2.120909
v 9.950000 -5.235094 2.125000
v 10.024111 -5.125584 2.125000
v 9.960429 -4.925000 2.129818
v 10.189322 -5.538842 2.125500
v 10.188360 -4.905843 2.117342
v 10.198846 -5.669539 2.092585
v 10.295399 -5.485404 2.084469
v 10.185259 -5.373101 2.073945
v 10.279964 -5.475049 2.050000
v 10.307796 -5.325000 2.025000
v 10.403339 -5.437168 2.122364
v 10.300166 -5.331686 2.087319
v 10.358718 -5.309038 2.024768
v 10.367199 -5.122501 2.128637
v 10.306250 -5.002399 2.130280
v 10.413808 -5.560575 2.037089
v 10.395408 -5.536496 2.117271
v 10.425000 -5.309004 2.025000
v -0.677376 4.091963 0.756536
v -0.672522 4.347823 0.794615
v -0.725721 4.135414 0.784572
v -0.612513 4.297553 0.183116
v -0.640818 4.095254 0.467502
v -0.602299 4.143589 0.789516
v -0.649814 4.291934 0.464895
v -0.625439 4.309146 0.795446
v -0.597477 4.305550 0.576438
v -0.418529 4.323038 0.102024
v -0.422526 4.322038 -0.022352
v -0.357136 4.030165 0.198041
v -0.405718 4.250525 0.189334
v -0.306071 4.191968 0.044597
v -0.150483 4.256348 0.454747
v -0.116975 4.065778 0.188912
v -0.134083 4.271811 0.208430
v -0.104541 4.314458 0.357699
v -0.046534 4.317824 0.692033
v -0.140967 4.304430 0.871228
v -3.187205 -1.565767 -0.878528
v -3.056985 -1.639895 -0.910136
v -3.053648 -1.852581 -0.899513
v -3.020580 -2.374666 -0.869329
v -3.005914 -1.930253 -0.912884
v -2.969851 -2.167291 -0.917253
v -2.814261 -1.666828 -0.919483
v -2.736398 -2.244001 -0.926954
v 0.850062 -2.710242 0.078385
v 0.817178 -2.603801 0.179001
v 0.884167 -2.633192 0.072331
v 1.025400 -2.486808 0.074214
v 1.032889 -3.121015 0.079012
v 1.032663 -2.706107 0.091689
v 1.038091 -3.131282 0.024667
v 1.217135 -2.388360 0.079554
v 0.039657 0.858724 -0.530621
v 0.125000 0.855249 -0.575000
v 0.102808 0.900396 -0.020902
v 0.015454 0.966179 0.013451
v 0.101609 1.078307 -0.029307
v 0.175000 0.875000 -0.575000
v 0.175000 0.875000 -0.575000
v 0.175000 0.892658 -0.525000
v 0.388445 1.044248 0.032200
v 0.175000 0.875000 -0.575000
v 0.225000 0.875000 -0.577094
v 0.334231 0.891299 -0.537700
v 0.120980 0.885791 -0.378516
v 0.099170 1.006610 -0.171121
v 0.257950 0.707179 -0.615229
v 0.374345 0.947971 -0.225359
v 0.278484 1.044797 -0.100965
v 0.302467 1.179318 -0.029593
v 0.426602 0.824182 -0.563651
v 0.419864 0.829357 -0.370004
v 0.365355 0.871617 -0.341052
v 0.424734 0.960893 -0.142596
v 0.412218 0.927319 0.016267
v 0.458438 1.134371 -0.050016
v 0.516909 0.861677 -0.223555
v 0.730054 0.868402 -0.530698
v 0.705413 0.907816 -0.234259
v 0.714316 0.970984 0.027124
v 0.819545 1.021180 -0.210688
v 0.817047 1.092807 0.006309
v -3.123432 -1.877200 -0.256451
v -3.054923 -1.697788 -0.286193
v -3.028996 -1.813616 -0.365149
v -3.041671 -1.669462 -0.594549
v -3.003626 -2.216081 -0.370184
v -3.020452 -1.916845 -0.108897
v -3.010171 -1.947134 -0.677251
v -3.014196 -1.921680 -0.294352
v -2.999639 -1.931950 -0.452109
v -3.041928 -1.872187 -0.622458
v -2.938659 -1.856642 -0.429101
v -2.982222 -1.623141 -0.430786
v -2.928414 -1.778522 -0.482246
v 9.816489 4.232601 2.072989
v 9.663890 4.189800 2.113990
v 9.839133 4.248791 1.763334
v 9.989246 4.167705 2.136246
v 10.174906 4.235047 1.668643
v 10.224180 4.173382 2.131266
v 10.242161 4.232540 1.884265
v 10.530518 4.219340 2.076119
v 10.188835 4.231071 2.081199
v 0.969402 -5.309589 2.066425
v 1.013261 -4.792663 2.067029
v 1.225035 -5.189369 2.088204
v 0.974673 -5.121199 2.069804
v 1.025000 -5.425000 2.070258
v 1.075000 -5.475000 2.070061
v 1.075000 -5.425799 2.075000
v 1.074160 -5.425000 2.075000
v 1.075000 -5.425000 2.075070
v 1.075000 -5.424422 2.075000
v 1.075000 -5.375000 2.068709
v 1.576153 -5.329055 2.064200
v 1.075487 -5.425000 2.075000
v 1.125000 -5.425000 2.067340
v 1.031412 -5.509708 2.068540
v 1.270535 -5.401721 2.069918
v 1.455243 -5.123744 2.062912
v 1.453149 -4.955522 2.074816
v 1.606807 -5.223431 2.084039
v -3.156037 -1.290054 -0.868836
v -3.167002 -0.816827 -0.786192
v -3.111739 -1.267508 -0.913308
v -2.785492 -0.961367 -0.911825
v -2.700376 -1.328036 -0.912177
v -3.164283 -1.565901 -0.536159
v -3.133939 -1.284964 -0.624269
v -3.174484 -0.813439 -0.605840
v -3.081684 -0.787069 -0.339864
v -3.039994 -0.767341 -0.801996
v -2.474260 -0.796474 -0.222351
v -2.436833 -1.223314 -0.288371
v -2.419460 -1.078016 -0.273203
v -2.331378 -0.909880 -0.200008
v -2.417075 -0.881699 -0.270467
v 5.250000 3.224104 0.687854
v 5.373932 3.276490 0.675000
v 5.405166 3.518832 0.812476
v 5.432408 3.650000 0.775000
v -2.572545 -1.885233 -0.915861
v -2.325189 -1.534191 -0.915480
v -2.109506 -2.070955 -0.912022
v -1.520597 -1.434613 -0.909706
v -1.622291 -1.983140 -0.912775
v -1.922139 -1.731415 -0.912623
v 9.834835 2.744952 2.197367
v 9.762491 2.668218 2.121670
v 9.721555 2.958616 2.144455
v 9.809305 2.680027 2.213367
v 9.614937 2.850000 2.177403
v 9.924999 2.703262 2.175000
v 9.746213 2.514006 2.145991
v 9.992270 2.735744 2.126140
v 9.985786 2.800000 2.224339
v 9.925000 2.928655 2.225000
v 10.037998 2.728490 2.179039
v 10.032527 2.859238 2.180665
v 10.049184 2.629901 2.129417
v 10.060711 2.942593 2.116004
v 10.329348 3.085195 2.164104
v 10.192126 2.845095 2.123310
v 10.361478 2.730699 2.141686
v 10.446088 2.887940 2.143639
v -3.573824 -4.912500 1.125000
v -3.572039 -4.895072 1.256121
v -3.534534 -5.262187 1.544493
v -3.534054 -5.175000 0.974386
v -3.536597 -5.037500 1.062500
v -3.535169 -5.269492 1.152312
v -3.538806 -5.111021 1.318157
v -3.527253 -5.058372 1.148880
v -3.527468 -5.031916 1.428499
v -3.550673 -4.970633 1.734777
v -3.561149 -4.910070 1.368318
v -3.554737 -4.641952 1.321267
v -3.480255 -5.350101 1.016327
v -3.506240 -5.149014 1.526622
v -3.445316 -5.479713 1.202632
v -3.441037 -5.480337 0.960069
v -3.486110 -5.342305 0.837744
v -3.475644 -5.333159 1.209975
v -2.361622 -0.920309 -0.909070
v -2.273958 -1.259775 -0.790551
v -2.314898 -1.244461 -0.893015
v -2.283554 -1.126509 -0.721965
v -2.332070 -0.962057 -0.773991
v -2.278269 -0.804138 -0.816138
v -2.220873 -1.194943 -0.781200
v -2.241381 -0.790889 -0.877488
v -2.184911 -0.794928 -0.798658
v -2.124216 -1.281234 -0.790833
v -2.177160 -0.910452 -0.875627
v -2.181651 -1.482285 -0.911627
v -1.994005 -0.861980 -0.809917
v -2.127127 -0.727068 -0.894679
v -2.063221 -1.316908 -0.771018
v -1.872588 -1.281956 -0.786845
v -1.938905 -1.252526 -0.866361
v -1.748442 -0.841841 -0.814756
v -1.795780 -0.876949 -0.895393
v -1.781518 -1.294692 -0.902325
v -1.643754 -1.234540 -0.902268
v -1.636455 -0.933478 -0.827175
v -1.739463 -1.135567 -0.874360
v -1.624351 -1.238490 -0.820501
v -1.661451 -0.958975 -0.895121
v 9.597494 -7.802106 2.102464
v 9.700758 -7.263735 2.125000
v 9.684037 -7.182376 2.101334
v 9.599999 -7.841649 2.075000
v 9.707937 -7.456725 2.124916
v 9.720599 -7.175000 2.125000
v 9.814714 -7.603178 2.114434
v 9.771964 -7.339279 2.109618
v 9.807185 -7.830432 2.118301
v 9.875000 -7.400639 2.120135
v 9.786549 -7.741113 2.097677
v 9.908478 -7.452620 2.096265
v 9.950785 -7.660595 2.096870
v 9.851089 -7.850000 2.089932
v 10.011478 -7.365751 2.125000
v 10.064027 -7.675000 2.125000
v 9.975969 -7.474617 2.075000
v 10.185652 -7.430158 2.125000
v 10.079312 -7.435159 2.091022
v 10.224999 -7.345328 2.075000
v 10.233749 -7.402437 2.093724
v 10.251902 -7.375000 2.075000
v 10.272949 -7.325762 2.125000
v 10.237499 -7.487042 2.095947
v 12.105256 -1.558346 2.148729
v 12.151120 -1.686661 2.146707
v 12.217624 -2.182591 2.152183
v 12.195831 -1.971679 2.140653
v 12.718750 -1.890662 2.165213
v 12.711153 -1.701746 2.167749
v 12.490121 -2.140247 2.150314
v 12.780526 -2.273927 2.172463
v 12.788301 -2.101228 2.172288
v 7.932604 -7.418816 2.126220
v 8.095044 -7.425051 2.122615
v 8.084676 -7.843956 2.119760
v 8.296216 -7.717889 2.108216
v 8.237935 -7.391219 2.109545
v 8.175252 -7.296854 2.100878
v 8.299396 -7.162526 2.084543
v 8.255005 -8.021863 2.127747
v 8.162146 -7.892642 2.108735
v 8.222305 -7.611798 2.128700
v 8.305257 -7.281192 2.114756
v 8.356714 -7.529262 2.110030
v 8.525410 -7.342087 2.106544
v 8.397057 -7.989231 2.120636
v 8.495649 -7.784722 2.121818
v 8.515553 -7.525947 2.126896
v 8.652932 -7.756907 2.114060
v 8.638194 -7.530460 2.121119
v 8.747095 -7.415903 2.076693
v 8.664988 -7.237500 2.125000
v 8.665118 -7.272089 2.114192
v 8.523759 -7.225000 2.125000
v 8.620142 -7.929496 2.100096
v 8.718382 -8.025001 2.067556
v 8.728300 -7.648827 2.115824
v 8.775000 -7.381096 2.125000
v 8.898803 -7.775031 2.092792
v 8.786537 -7.522226 2.128260
v 8.850000 -7.574805 2.114583
v -2.346966 -1.195405 -0.502750
v -2.344810 -1.184256 -0.366643
v -2.317140 -1.010919 -0.374499
v -2.372960 -1.229581 -0.228047
v -2.375041 -0.959686 -0.522340
v -2.275928 -0.768029 -0.415534
v -2.284028 -1.261993 -0.552821
v -2.271822 -1.027644 -0.375940
v -2.268921 -0.846627 -0.536622
v -2.258563 -1.280416 -0.208579
v -2.258999 -1.235522 -0.458684
v -2.277774 -1.256756 -0.355948
v -2.164342 -0.978381 -0.728658
v -2.263845 -0.904959 -0.383687
v -2.272359 -0.886415 -0.708758
v -2.197631 -1.037618 -0.316776
v -2.220627 -1.245662 -0.285341
v -2.209378 -1.018099 -0.451436
v -2.131195 -0.886963 -0.703928
v -1.919527 -1.260694 -0.261436
v -2.175569 -0.846671 -0.671843
v -2.115293 -1.150320 -0.211485
v -2.060808 -1.038914 -0.342340
v -2.266213 -0.947407 -0.607816
v -2.066319 -0.876714 -0.676470
v -1.994861 -1.378957 -0.725462
v -1.905337 -1.262649 -0.202733
v -2.061036 -1.157039 -0.582341
v -2.030820 -0.908163 -0.579729
v -1.952912 -1.265169 -0.715950
v -2.004674 -1.255143 -0.507207
v -1.916880 -1.227968 -0.473064
v -2.078744 -1.038576 -0.663758
v -2.070608 -1.134232 -0.412815
v -2.059407 -1.005351 -0.406895
v -1.935122 -0.935738 -0.360366
v -1.970167 -0.874947 -0.419503
v -2.023697 -1.124892 -0.476650
v -1.981615 -1.120326 -0.318979
v -1.726913 -0.974464 -0.598259
v -1.931695 -0.821138 -0.506757
v -1.923312 -1.173234 -0.662609
v -1.927091 -1.058973 -0.442956
v -1.948883 -0.990180 -0.654490
v -1.741565 -0.853504 -0.364098
v -1.868758 -1.164222 -0.386005
v -1.954238 -0.991992 -0.190092
v -1.871410 -0.928516 -0.636151
v -2.077310 -0.871323 -0.738536
v -1.818694 -1.286074 -0.319373
v -1.830379 -1.228996 -0.713107
v -1.732380 -1.263032 -0.519660
v -1.787398 -1.235145 -0.417369
v -1.871453 -0.930488 -0.684348
v -1.741912 -0.823993 -0.521155
v -1.624360 -1.225044 -0.532195
v -1.663662 -0.926885 -0.704462
v -1.736411 -0.918422 -0.667611
v -1.664215 -1.149930 -0.724237
v -1.737779 -1.215302 -0.579061
v -1.625630 -0.939810 -0.533382
v -1.619624 -0.910718 -0.204660
v -1.631217 -0.893689 -0.340111
v -1.613783 -1.236098 -0.209116
v -1.601249 -0.935957 -0.229314
v 8.826533 3.260784 0.128735
v 8.921581 3.195590 0.191836
v 1.664707 4.284510 0.027400
v 1.681936 4.033549 -0.087520
v 1.715125 4.284745 -0.081054
v 0.145047 0.407407 2.106165
v 0.130219 0.801910 2.102922
v 0.552709 0.461017 2.103635
v 0.322437 0.124174 2.102014
v -1.580188 -2.623937 -0.569308
v -1.536509 -2.820089 -0.725246
v -1.491608 -2.398213 -0.694830
v -1.530010 -2.436836 -0.432505
v -1.474523 -3.063215 -0.716074
v -1.475215 -2.886948 -0.278638
v -1.529183 -2.720675 -0.320088
v -1.484545 -2.754714 -0.752400
v -1.517541 -2.468567 -0.276436
v -1.444217 -2.452611 -0.747275
v -1.446901 -2.979740 -0.355750
v -1.418646 -2.910217 -0.275889
v -1.389086 -3.043217 -0.733740
v -1.331158 -2.643988 -0.681769
v -1.433759 -2.540324 -0.237491
v -1.325217 -2.927680 -0.150806
v -1.388449 -2.671218 -0.188738
v -1.317213 -2.425182 -0.693918
v -1.311463 -3.132845 -0.187392
v -1.296048 -3.183547 -0.669893
v -1.271872 -3.053678 -0.669262
v -1.269205 -3.198088 -0.330465
v -1.208598 -3.015411 -0.295599
v -1.271272 -2.634023 -0.654441
v -1.249779 -2.445092 -0.671362
v -1.259341 -2.475907 -0.349042
v -1.194148 -2.574234 -0.274623
v -1.173201 -2.513042 -0.116892
v -1.248375 -2.559805 -0.167981
v -1.194770 -3.192605 -0.240592
v -1.074864 -2.823614 -0.117582
v -1.027460 -2.502860 -0.105214
v -0.998361 -3.110295 -0.137315
v -1.076594 -3.223585 -0.060371
v -1.114582 -2.769017 -0.160677
v -1.038861 -2.703260 -0.141056
v -0.965751 -2.526407 -0.286441
v -0.983544 -2.523163 -0.091499
v -0.849839 -2.787457 -0.306612
v -0.900063 -2.531967 -0.213385
v -0.981819 -3.119194 -0.216239
v -0.861815 -3.022700 -0.282064
v -0.838128 -2.799727 -0.124857
v -0.801980 -3.094590 -0.094291
v -0.773771 -3.078642 0.073782
v -0.817227 -3.103074 -0.240296
v -0.813927 -2.673448 -0.166316
v -0.778332 -3.042717 -0.498718
v -0.679073 -2.615862 -0.338466
v -1.591480 -12.350427 1.231232
v -1.523222 -12.373670 1.518527
v -1.475000 -12.341073 1.375000
v -1.475000 -12.333610 1.325000
v -1.425000 -12.336861 1.375000
v -1.487500 -12.340306 1.475000
v -1.476702 -12.328448 1.618260
v -1.315498 -12.293472 1.546822
v -1.335379 -12.288675 1.543144
v -1.372378 -12.221097 1.609033
v 4.063171 1.820216 0.138284
v 3.975283 1.778937 0.571292
v 4.041503 1.895693 0.200884
v 4.027907 1.884039 0.685199
v 4.110358 1.903555 0.201934
v 4.041765 2.068687 0.574503
v 4.063671 2.089789 0.519162
v 4.092787 2.223505 0.487396
v 4.125893 1.815554 0.559236
v 4.076388 1.881077 0.077018
v 4.145041 1.821892 0.811155
v 4.074681 1.983989 0.059833
v 4.051804 2.021443 0.173430
v 4.119771 1.956649 0.544576
v 4.132899 1.960460 0.865581
v 4.122285 2.200585 0.055145
v 4.079563 2.214652 0.217449
v 4.087380 2.205819 0.615260
v 4.168276 1.812402 0.131823
v 4.151852 1.821042 0.312473
v 4.163303 1.776554 0.481985
v 4.168116 1.678283 -0.069300
v 4.153373 1.937287 0.187556
v 4.176672 2.331697 0.008921
v 4.173735 2.354951 0.405385
v 4.176417 2.380760 0.610896
v 4.167171 2.323240 0.246223
v 4.153187 1.893513 -0.016811
v 4.177033 2.521077 0.409522
v 4.475000 1.681462 0.621620
v 4.475000 1.775000 0.710810
v 4.470519 1.671504 0.660518
v 4.475000 1.915851 0.253609
v 4.470863 1.925000 0.275000
v 4.475000 1.925000 0.302555
v 4.471717 1.925000 0.625000
v 4.484638 2.000000 0.275000
v 4.464901 1.975000 0.675000
v 4.475000 1.975000 0.639378
v 4.475000 2.024135 0.624862
v 4.474835 2.025000 0.625000
v 4.475000 2.027311 0.625000
v 4.474289 2.027915 0.674884
v 4.503736 2.012500 0.400000
v 4.508524 2.055971 0.422012
v 4.487948 1.987500 0.475000
v 4.503726 2.112885 0.625000
v 4.514248 2.098449 0.225000
v 4.518744 2.125000 0.425000
v 4.467227 2.082539 0.701102
v 4.541474 2.210525 0.650701
v 4.555759 2.126696 0.423604
v 4.623475 2.127174 0.426656
v 4.542095 2.133024 0.300611
v 4.575000 2.325000 0.649513
v 4.725000 2.124851 0.175000
v 4.725000 2.125000 0.175803
v 4.675000 2.134247 0.175000
v 4.725000 2.131464 0.225000
v 4.734575 2.125000 0.375000
v 4.725000 2.158106 0.553997
v 4.713990 2.171088 0.655905
v 4.678357 2.202487 0.622878
v 4.725471 2.125000 0.175000
v 4.775000 2.135172 0.175000
v 4.754561 2.228697 0.731818
v 4.783053 2.250957 0.631291
v 4.722525 2.326490 0.604243
v 4.773263 2.294712 0.707839
v 4.842344 2.331774 0.624721
v -1.284223 -2.901775 0.233061
v -1.351478 -2.898251 0.154166
v -1.279194 -2.761647 -0.150916
v -1.273334 -2.769665 0.173535
v -1.133582 -2.794147 0.213598
v -0.836001 -3.110393 0.178479
v -1.073653 -2.870763 0.201725
v -0.959182 -2.810950 0.168379
v -0.762678 -2.900584 -0.903309
v -0.690855 -2.623187 -0.905303
v -0.680169 -2.532468 -0.872139
v -0.586135 -3.081279 -0.900418
v -0.607195 -2.916842 -0.825359
v -0.553371 -2.762695 -0.873468
v -0.586788 -2.852465 -0.895017
v -0.540065 -2.638016 -0.882687
v -0.518506 -2.577667 -0.786961
v -0.441319 -2.767674 -0.888299
v -0.521210 -2.575000 -0.875000
v -0.511709 -3.004813 -0.830892
v -0.417210 -2.883223 -0.882154
v -0.492887 -2.876055 -0.777776
v -0.430641 -2.675000 -0.925000
v -0.318712 -2.924252 -0.911938
v -0.294233 -3.024169 -0.845198
v -0.171026 -3.058598 -0.906803
v -0.090288 -2.855472 -0.923712
v -0.206250 -2.768750 -0.920233
v 12.906596 -10.726190 1.841456
v 12.989296 -10.900001 1.951975
v 12.937525 -10.727684 1.932891
v 12.987032 -10.667650 2.068858
v 12.968596 -10.655411 1.867637
v 13.007668 -10.654605 1.935981
v 12.973574 -10.588046 1.776000
v 12.967827 -10.532029 1.874826
v 12.958414 -10.500000 2.125000
v 12.977905 -10.850000 2.062500
v 13.021016 -10.835060 2.005792
v 12.941475 -10.774715 1.900897
v 13.022702 -10.637187 1.701886
v 12.982599 -10.637501 2.125000
v 13.025000 -10.645721 1.625000
v 13.038058 -10.641245 2.024028
v 13.023268 -10.535914 1.808736
v 13.022875 -10.482170 1.892329
v 12.996410 -10.461450 1.987808
v 13.023159 -10.356950 2.054119
v 13.005873 -10.750000 1.757204
v 13.038141 -10.800001 1.662500
v 13.024856 -10.769406 1.693577
v 13.046092 -10.443470 1.773628
v 13.052343 -10.311166 1.790473
v -0.715271 -2.184985 -0.880481
v -0.816076 -2.118380 -0.903099
v -0.257090 -2.034908 -0.907319
v -0.711649 -2.192416 -0.572475
v -0.693119 -2.173090 -0.004900
v -0.659729 -2.146248 -0.888793
v -0.388284 -2.152514 -0.024867
v -0.365185 -2.149579 -0.865692
v 10.617104 3.674192 2.128766
v 10.489000 3.967030 2.133924
v 10.490800 3.283616 2.121573
v 10.694118 3.293864 2.119832
v 10.638424 3.877553 2.127553
v 10.893785 4.133012 2.137997
v 10.703935 3.478027 2.131177
v 10.839020 3.640039 2.122892
v 10.858984 3.887832 2.124159
v 10.879949 3.458968 2.128127
v 11.094046 3.552250 2.138668
v 11.109754 3.433957 2.128588
v 10.945888 3.259999 2.125690
v 11.218037 3.225772 2.127234
v 11.350623 3.461793 2.123692
v 10.506763 3.159798 2.126568
v 10.464025 2.506647 2.148724
v 10.936931 2.658992 2.158346
v 10.737396 3.073000 2.136767
v 10.657162 2.764241 2.149717
v 11.049732 2.825047 2.144829
v 11.039711 3.103770 2.124976
v 11.078836 2.449448 2.143436
v 11.343355 3.093288 2.127123
v 0.053154 -2.731955 -0.880771
v 0.157637 -2.685484 -0.905741
v 0.170435 -3.143794 -0.843470
v 0.193883 -2.798545 -0.858225
v 0.124435 -2.528400 -0.739938
v 0.150481 -2.490912 -0.898346
v 0.285515 -3.146082 -0.900234
v 0.352909 -2.998105 -0.832527
v 0.314834 -2.991270 -0.882445
v 0.305730 -2.776572 -0.892531
v 0.387111 -2.419775 -0.796004
v 0.394053 -2.638824 -0.900950
v 0.394583 -2.419992 -0.882466
v 0.571623 -3.180816 -0.871601
v 0.541950 -2.973881 -0.881379
v 0.479887 -2.952418 -0.793099
v 0.461009 -2.811332 -0.885709
v 0.523145 -2.841092 -0.797136
v 0.479199 -2.743031 -0.807196
v 0.455630 -2.645624 -0.877778
v 0.584273 -3.154093 -0.799414
v 0.510787 -3.115371 -0.866192
v 0.488426 -2.576682 -0.869050
v 0.560832 -2.838192 -0.884643
v 0.726956 -2.610469 -0.817139
v 0.712486 -3.038971 -0.780165
v 0.680755 -2.940674 -0.772429
v 0.678395 -2.823484 -0.779533
v 0.546699 -2.615076 -0.793863
v 0.714527 -2.779252 -0.850378
v 0.697157 -2.697657 -0.892488
v 0.647311 -2.947275 -0.877516
v 0.764135 -2.981416 -0.798534
v 0.812329 -2.591418 -0.882198
v 0.789467 -2.789158 -0.894138
v 0.803679 -2.710207 -0.874906
v 0.095846 -3.134254 -0.369691
v 0.012500 -3.019053 -0.565884
v 0.151446 -2.953989 -0.174690
v 0.150995 -2.842670 -0.540961
v 0.074964 -2.761667 -0.039334
v 0.054507 -2.697346 -0.698329
v 0.079107 -2.591044 -0.550043
v 0.069963 -2.616790 -0.230651
v 0.118556 -2.524728 -0.163425
v 0.192690 -3.129574 -0.600907
v 0.175000 -3.129794 -0.575000
v 0.132936 -3.136223 -0.317527
v 0.217107 -2.833852 -0.136954
v 0.252761 -2.657093 -0.156195
v 0.152296 -2.233686 -0.367820
v 0.221421 -3.010319 -0.522171
v 0.223590 -2.990272 -0.295645
v 0.196316 -2.688037 -0.447744
v 0.199934 -3.155045 -0.344914
v 0.296068 -2.847967 -0.321390
v 0.224526 -2.900249 -0.401712
v 0.279322 -2.854921 -0.530913
v 0.217194 -2.678946 -0.251873
v 0.258938 -2.708804 -0.022465
v 0.298933 -3.158394 -0.552215
v 0.350999 -2.777041 -0.174459
v 0.320115 -3.190953 -0.365543
v 0.343068 -3.065324 -0.591886
v 0.287206 -2.932359 -0.498562
v 0.324142 -2.926960 -0.453888
v 0.262347 -2.749524 -0.404037
v 0.321012 -2.782588 -0.258409
v 0.314334 -2.463615 -0.696692
v 0.363069 -2.855636 -0.518492
v 0.423467 -3.026716 -0.275338
v 0.375787 -2.738573 -0.204986
v 0.371125 -2.664553 -0.193069
v 0.376512 -2.612063 -0.102365
v 0.397445 -2.557896 -0.676365
v 0.320378 -2.471179 -0.536881
v 0.362971 -3.127002 -0.498384
v 0.398301 -3.026858 -0.490637
v 0.495672 -2.826001 -0.171276
v 0.416454 -2.726555 -0.496664
v 0.418921 -2.857310 -0.254049
v 0.412801 -2.717478 0.035195
v 0.413966 -2.581334 0.032621
v 0.370987 -2.546161 -0.540962
v 0.395372 -2.502868 -0.374898
v 0.539550 -3.091806 -0.588201
v 0.548111 -3.030885 -0.614850
v 0.478692 -2.935498 -0.492729
v 0.474328 -2.877154 -0.474732
v 0.475000 -2.875000 -0.473250
v 0.475000 -2.825320 -0.425000
v 0.474648 -2.825000 -0.425000
v 0.467258 -2.825000 -0.375000
v 0.541401 -2.679821 -0.598983
v 0.467670 -2.617167 -0.505416
v 0.438837 -2.589177 -0.031348
v 0.477336 -2.875000 -0.475000
v 0.521612 -2.774411 -0.440238
v 0.472608 -2.865307 -0.286223
v 0.526973 -2.838408 -0.640573
v 0.549749 -2.810947 -0.306225
v 0.529629 -2.680211 -0.517601
v 0.467433 -2.664961 -0.607189
v 0.425298 -2.403763 -0.413808
v 0.523391 -2.392168 -0.566993
v 0.627405 -3.192160 -0.270608
v 0.522536 -3.053335 -0.255331
v 0.579790 -2.988934 -0.728631
v 0.591831 -3.005309 -0.346162
v 0.582636 -2.894857 -0.273639
v 0.529923 -2.724432 0.065041
v 0.708393 -2.690856 -0.513286
v 0.618807 -3.071094 -0.556973
v 0.586255 -2.862459 -0.763191
v 0.603480 -2.897947 -0.697235
v 0.627632 -2.672895 0.019243
v 0.425605 -2.481387 -0.101861
v 0.861924 -2.499831 -0.176396
v 0.670355 -2.889368 -0.503168
v 0.624819 -2.979351 -0.575975
v 0.451182 -2.779235 -0.128901
v 0.716110 -2.757860 -0.590729
v 0.670556 -2.666220 -0.625971
v 0.744627 -2.991571 -0.552356
v 0.773127 -2.891639 -0.382002
v 0.699386 -2.817159 -0.392108
v 0.718054 -2.696140 0.030309
v 0.763634 -3.120511 -0.565642
v 0.946784 -3.185277 -0.171912
v 0.800876 -2.906560 -0.484466
v 0.771740 -2.955889 -0.642518
v 0.731455 -2.981747 -0.316730
v 0.713820 -2.895427 -0.603720
v 0.491718 -2.812194 -0.049424
v 0.658755 -2.761889 0.032796
v 0.854208 -2.743869 0.035697
v 0.684741 -2.570470 -0.015338
v 0.733323 -3.180973 -0.322765
v 0.818115 -2.892879 -0.571660
v 0.896781 -2.587013 -0.581556
v 0.891737 -2.607330 -0.026281
v 0.940877 -2.549382 -0.074765
v 0.201409 -2.107221 -0.899406
v 0.161546 -2.194225 -0.869304
v 0.472281 -1.926393 -0.897254
v 0.461563 -2.251374 -0.777049
v 0.425915 -2.292877 -0.880912
v 0.494118 -2.034876 -0.879945
v 0.538696 -2.162205 -0.875671
v 0.522683 -1.971978 -0.877555
v 0.534313 -1.975099 -0.775204
v 0.781779 -1.979879 -0.864978
v 0.560110 -1.447041 -0.892487
v 1.694246 3.317783 0.923807
v 1.732129 3.282651 0.881053
v 1.831416 3.389514 0.928625
v 1.756575 3.373886 0.880914
v -3.551579 -6.638805 0.568750
v -3.564833 -6.636905 0.683425
v -3.526952 -6.669264 0.781079
v -3.569072 -6.440020 0.500000
v -3.579370 -6.454435 0.737351
v -3.573146 -6.475358 0.593185
v -3.500000 -6.701698 0.750000
v -1.132163 -0.714028 -0.904747
v -0.967291 -1.166019 -0.902044
v -1.411947 -0.859314 -0.202621
v -1.237786 -0.865602 -0.217786
v 7.939187 0.635353 2.122340
v 8.013320 0.382927 2.126314
v 8.290111 0.670817 2.121879
v 8.501506 0.273027 2.133330
v 8.734718 0.282813 2.095515
v 8.653841 0.428682 2.097940
v 3.308932 4.285033 0.280338
v 3.198953 4.285710 0.458996
v 3.663629 4.280499 0.693752
v 3.964295 4.279560 0.523058
v 3.994894 4.200238 0.608612
v 4.012123 4.211380 0.186180
v 3.990540 4.278498 0.309512
v -0.143884 -0.482283 -0.189162
v -0.149349 -0.118773 -0.231298
v -0.171327 -0.064395 -0.885195
v -0.033352 -0.439838 -0.281706
v -0.026176 -0.333951 -0.281154
v -0.132447 -0.084230 -0.332364
v -0.069358 -0.092411 -0.291215
v -0.010558 -0.549030 -0.275018
v 0.018080 -0.707486 -0.484620
v 0.003047 0.017842 -0.345527
v -2.144297 -0.640230 2.101382
v -1.551255 -1.471864 2.101672
v -2.021428 -1.390132 2.100735
v -3.125000 0.174377 -0.775000
v -3.060787 0.180905 -0.201985
v -2.982601 0.177226 0.045527
v -3.125000 0.175646 -0.725000
v -3.075000 0.175000 -0.775000
v -3.075000 0.175000 -0.775000
v -3.033303 0.189982 -0.386908
v -3.075000 0.175000 -0.775000
v -3.025000 0.175000 -0.772509
v -2.829059 0.189300 -0.221327
v -2.824780 0.191784 -0.637183
v -2.779779 0.244442 -0.876475
v -2.785399 0.271626 -0.435166
v -2.795307 0.741289 -0.508286
v -2.785475 0.355354 0.165953
v -2.661411 0.799477 -0.272480
v -2.627570 0.818386 -0.072741
v -2.575616 0.099357 0.043825
v -2.592071 0.165912 -0.199372
v -2.570051 0.369855 -0.277803
v -2.561334 0.570345 -0.141095
v -2.651480 0.638139 -0.284257
v -2.565977 0.662675 -0.380627
v -2.596440 0.711637 -0.020222
v -2.603779 0.667133 -0.458894
v -2.606099 0.787711 -0.475316
v -2.510459 0.695951 -0.524961
v -2.543547 -0.022505 -0.278361
v -2.520727 0.050423 -0.212406
v -2.514828 0.073061 -0.039814
v -2.547703 0.208528 -0.422771
v -2.523269 0.406283 0.018083
v -2.517266 0.640079 -0.024886
v -2.440824 0.045925 -0.199219
v -2.527463 0.174017 -0.304818
v -2.515764 0.146928 0.024525
v -2.485009 0.404514 -0.527172
v -2.462418 0.510192 -0.399136
v -2.535498 0.480591 -0.269483
v -2.462016 0.029823 -0.419507
v -2.446279 0.251870 -0.590865
v -2.343497 0.387988 -0.576745
v -2.440908 0.523609 -0.539926
v -2.435034 0.474751 -0.201250
v -2.476213 0.604927 -0.453625
v -2.486179 0.584028 -0.151448
v -2.421502 0.655145 -0.565400
v -2.469024 0.047414 -0.469842
v -2.290435 0.259036 -0.663935
v -2.387834 0.093254 -0.370889
v -2.402904 0.550998 -0.371143
v -2.420997 0.645305 -0.443867
v -2.409195 0.727964 -0.649931
v -2.413302 0.876407 -0.414140
v -0.164898 0.338608 -0.692042
v -0.163435 0.198555 -0.746277
v -0.167924 0.377969 -0.228856
v -0.098038 0.523057 -0.305615
v -0.047083 0.321611 -0.687874
v -0.065125 0.505071 -0.354175
v -0.055046 0.002358 -0.647401
v -0.123403 0.430944 -0.445484
v -0.052026 0.368233 -0.352081
v 0.181508 0.465234 -0.272618
v 0.018207 0.318636 -0.516754
v 0.011328 0.464219 -0.473187
v 10.443163 2.343332 2.144704
v 10.518103 1.756738 2.145629
v 10.635594 2.089626 2.147418
v 10.642358 2.241716 2.138233
v 10.816755 1.816469 2.136165
v 10.940401 1.959305 2.145134
v 11.065539 2.235941 2.142814
v 11.073437 1.664350 2.147581
v 11.160509 1.899059 2.153078
v 11.289103 2.160079 2.144802
v 0.048380 -0.747698 -0.213975
v 0.107712 -0.644295 -0.430950
v 0.077487 -0.780135 -0.523873
v 0.103460 -0.684240 -0.263320
v 0.266708 -0.604113 -0.584645
v -0.005424 -0.541920 -0.480073
v 0.094511 -0.474608 -0.761328
v 0.201936 -0.747386 -0.581418
v 0.189304 -0.508605 -0.581153
v 0.038666 -0.348764 -0.182413
v 0.154271 -0.309559 -0.525517
v 0.008058 -0.324969 -0.464374
v -0.121389 0.098346 -0.177881
v 0.146467 -0.523728 -0.739453
v 0.387870 -0.487003 -0.462703
v -0.003898 -0.542016 -0.230356
v 0.154388 -0.408352 -0.549225
v 0.248130 -0.387767 -0.501109
v 0.270363 -0.263892 -0.464031
v 0.083233 -0.037296 -0.259411
v 0.239310 -0.565275 -0.745397
v 0.364141 -0.540195 -0.228213
v 0.280050 -0.522919 -0.697171
v 0.330928 -0.472438 -0.789038
v 0.293789 -0.439210 -0.605422
v 0.351331 -0.775045 -0.525931
v 0.469612 -0.750227 0.007142
v 0.320831 -0.516734 -0.574702
v 0.372333 -0.607837 -0.424685
v 0.353248 -0.602928 -0.599385
v 0.396705 -0.420635 -0.525223
v 0.393447 -0.334659 -0.258450
v 0.624415 0.027219 -0.347380
v 0.461407 -0.697330 -0.571378
v 0.342940 -0.508125 -0.167827
v 0.450327 -0.284744 -0.474777
v 0.318737 -0.019057 -0.249143
v 0.265607 0.022536 -0.431405
v 0.445573 -0.638607 -0.241600
v 0.487169 -0.715733 -0.132567
v 0.561693 -0.220579 -0.168137
v 0.555644 -0.370366 -0.326589
v 0.347213 0.088013 -0.171624
v 0.469767 -0.730532 -0.301214
v 0.493052 -0.814086 -0.135539
v 0.484015 -0.659673 -0.460873
v 0.465164 -0.581320 -0.254733
v 0.570806 -0.531193 -0.185515
v 0.493058 -0.590664 -0.282809
v 0.536189 -0.672697 -0.320453
v 0.623985 -0.713394 -0.260939
v 0.622309 -0.435250 -0.271887
v 0.591790 -0.466465 -0.474096
v 0.630078 -0.404728 -0.445982
v 0.664777 -0.742140 -0.066602
v 0.675774 -0.776451 0.026162
v 0.658388 -0.701258 -0.202971
v 0.655528 -0.680531 -0.519950
v 0.618598 -0.606282 -0.465548
v 0.635142 -0.670176 -0.344106
v 0.686637 -0.564325 -0.279089
v 0.698751 -0.449214 -0.544892
v 0.712194 -0.330642 -0.513665
v 0.991653 -0.174146 -0.467067
v 0.733633 -0.796435 -0.158375
v 0.719659 -0.330231 -0.596551
v 0.743459 -0.361197 -0.261082
v 0.574360 -0.237980 -0.478208
v 0.797399 -0.751971 -0.291435
v 0.770365 -0.634828 -0.188263
v 0.660006 -0.433746 -0.661709
v 0.882311 -0.496497 -0.287158
v 0.823958 -0.379204 -0.598802
v 0.724703 -0.024702 -0.269774
v 0.760631 -0.475066 -0.732433
v 0.769023 -0.391653 -0.752421
v 0.666456 -0.087072 -0.184933
v 0.807368 -0.117420 -0.178352
v 0.396182 0.052111 -0.672927
v 0.911151 0.014725 -0.308588
v 0.115880 0.314359 -0.333633
v 0.093500 0.480033 -0.477695
v 0.016074 0.614089 -0.478253
v 0.177743 0.716631 -0.576743
v 0.067869 0.218960 -0.739823
v 0.050942 0.538281 -0.515981
v 0.086564 0.642147 -0.520009
v 0.163805 0.623908 -0.576671
v 0.033554 0.821534 -0.424073
v 0.107699 0.634323 -0.787017
v 0.052202 0.022770 -0.616016
v 0.227877 0.533996 -0.574159
v 0.202966 0.692636 -0.442016
v 0.225118 0.672061 -0.707742
v 0.303342 0.655362 -0.442933
v 0.210912 0.619831 -0.720637
v 0.326037 0.622295 -0.674179
v 0.311417 0.728042 -0.334172
v 0.179662 0.280629 -0.633725
v 0.303655 0.468052 -0.523747
v 0.022909 0.840919 -0.183115
v 0.254054 0.708825 -0.772658
v 0.304032 0.630109 -0.574070
v -0.126511 0.229338 -0.191281
v 0.354446 0.291615 -0.505722
v 0.373924 0.321808 -0.558409
v 0.408933 0.592305 -0.527413
v 0.248030 0.660431 -0.261231
v 0.417330 0.831565 -0.174390
v 0.595160 0.222359 -0.693310
v 0.422072 0.341629 -0.524373
v 0.425173 0.328663 -0.275983
v 0.406201 0.594626 -0.482702
v 0.440606 0.736633 -0.478259
v 0.404907 0.162752 -0.719536
v 0.455761 0.272491 -0.620508
v 0.440785 0.467126 -0.465840
v 0.714884 0.199075 -0.183381
v 0.441749 0.268300 -0.365584
v 0.497496 0.518624 -0.297930
v 0.473470 0.808697 -0.281382
v 0.679062 0.330960 -0.296451
v 0.621805 0.706734 -0.294976
v 0.669092 0.515133 -0.493524
v 0.674169 0.705741 -0.473957
v 0.726277 0.840423 -0.181107
v 1.091033 0.089658 -0.693925
v 0.741834 0.875114 -0.372516
v 0.547502 0.023822 -0.601841
v 1.086133 0.288559 -0.329746
v 0.713454 0.388041 -0.460844
v 0.680644 0.499995 -0.187352
v 0.710542 0.666704 -0.438515
v 0.750318 0.763705 -0.368783
v 1.013037 0.327497 -0.531897
v 0.810648 0.513431 -0.538488
v 0.858031 0.696089 -0.606886
v 7.401259 2.175000 0.075000
v 7.446323 2.164635 0.226716
v 7.325000 2.172942 0.306642
v 7.510770 2.168713 0.071551
v 7.800000 2.155834 0.225000
v 7.562500 2.157308 0.256380
v 7.695089 2.150138 0.255639
v 7.675000 2.175000 0.322530
v 7.924499 2.175000 0.088170
v 7.960414 2.156399 0.223545
v 1.756709 -9.517670 1.774401
v 1.799581 -9.461088 2.078650
v 1.792624 -8.940753 2.072310
v 1.554646 -9.272715 2.100388
v 1.748434 -9.505169 1.970055
v 2.037785 -9.320239 2.103501
v 1.955994 -9.500966 2.017455
v 1.937105 -9.504481 1.674980
v 2.043074 -9.491684 2.061046
v 2.143157 -9.508076 1.962738
v 2.304812 -9.518285 2.043696
v 2.026739 -9.079124 2.099053
v 2.333564 -9.329753 2.111400
v 2.470361 -9.509356 1.900304
v 2.417419 -9.459941 2.082339
v 0.123449 -3.471176 -0.742892
v 0.122716 -3.472742 -0.855948
v 0.264071 -3.467095 -0.853588
v 0.240809 -3.191830 -0.829692
v 0.486563 -3.403351 -0.901495
v 0.739213 -3.443132 -0.721333
v 0.502549 -3.461218 -0.853864
v 0.574088 -3.285939 -0.847481
v 0.715648 -3.426073 -0.845252
v 0.800381 -3.466528 -0.868833
v 0.880325 -3.078315 -0.816194
v 0.834946 -0.712693 0.020733
v 5.611856 -9.518894 1.553745
v 5.657027 -9.526701 1.781521
v 5.750000 -9.434483 1.875000
v 5.887500 -9.449524 1.946809
v 5.741237 -9.527251 1.824851
v 5.914873 -9.497845 1.843826
v 6.018695 -9.539334 1.913822
v 6.136539 -9.560946 1.919825
v 6.200000 -9.545242 1.975000
v 6.306193 -9.534452 1.917176
v 6.037640 -9.533753 1.737932
v 6.487500 -9.546164 2.050000
v 6.243108 -9.556892 1.681094
v 6.352687 -9.563432 1.870981
v 6.368858 -9.586518 1.979319
v 0.829750 -0.838951 -0.132269
v 0.934471 -0.796295 -0.098449
v 0.790627 -0.868222 0.024866
v 0.890153 0.293327 2.103366
v 1.239177 0.312839 2.108224
v 1.466811 0.225672 2.109101
v 1.570858 0.664602 2.114416
v 4.100605 3.778266 1.332076
v 4.099403 3.782085 0.889700
v 4.166654 3.736609 0.935178
v 4.179515 3.235698 0.875847
v 4.171135 3.596224 0.783741
v 4.173347 3.663693 0.869944
v 4.280836 3.220626 0.984235
v 4.243330 3.298188 0.924424
v 4.254880 3.740899 0.927624
v 4.268892 3.246420 1.168466
v 4.268043 3.267843 1.686022
v 4.416811 3.435727 0.980789
v 4.446056 3.773947 1.335252
v 4.485659 3.339286 0.941743
v 4.444418 3.766042 0.973362
v 4.492407 3.725000 0.925000
v 4.675000 3.819518 0.875000
v 4.570805 3.771599 1.587454
v 4.794842 3.781049 0.875000
v 4.799216 3.774669 1.488418
v 4.776718 3.778918 0.941262
v 2.518250 2.275270 -0.329382
v 2.432158 2.344765 -0.333798
v 2.399647 2.316907 -0.113384
v 2.549209 2.372079 -0.446871
v 2.577729 2.276750 -0.492454
v 2.688368 2.313918 -0.254629
v 2.595885 2.337145 -0.138737
v 2.516896 2.120809 -0.431024
v 2.606664 2.346696 -0.570416
v 2.640424 2.422004 -0.810792
v 2.686071 2.382113 -0.149050
v 2.574994 2.129265 -0.143928
v 2.692370 2.410208 -0.641991
v 2.728500 2.372720 -0.202134
v 2.732759 2.375286 -0.781650
v 2.858531 2.375541 -0.541538
v 2.919554 2.115392 -0.139768
v 2.749446 2.287906 -0.508580
v 2.896531 2.375802 -0.169771
v 3.237972 2.098171 0.196242
v 2.876711 2.367469 -0.406865
v 2.957639 2.381179 -0.686579
v 3.156675 2.107494 -0.370397
v 2.870605 2.360893 -0.808430
v 2.973713 2.366156 -0.476980
v 2.995677 2.362264 -0.339758
v 2.967945 2.324692 -0.094211
v 3.058493 2.354214 -0.589749
v 3.089921 2.370098 -0.670891
v 3.077476 2.358843 -0.445105
v 3.214880 2.259077 -0.514899
v 3.193768 2.362568 -0.588824
v 3.234967 2.276688 -0.226410
v 3.116418 2.315428 -0.081933
v 3.304574 2.354952 -0.702942
v 2.852838 2.118639 -0.656709
v 2.516464 1.853672 -0.862009
v 2.523630 2.074710 -0.877169
v 2.447085 2.126544 -0.824190
v 2.941425 1.594173 -0.888103
v 2.837893 2.029467 -0.890473
v 2.924214 2.115222 -0.870919
v 3.340939 2.078514 -0.886379
v 0.704393 -0.719241 -0.544024
v 0.846839 -0.580181 -0.337523
v 0.911021 -0.511788 -0.775880
v 0.847869 -0.508772 -0.573495
v 0.871984 -0.437995 -0.582006
v 0.752159 -0.251173 -0.240573
v 0.910130 0.008990 -0.559356
v 0.907012 0.024501 -0.625348
v 0.912492 -0.728831 -0.524605
v 0.949999 -0.610897 -0.570086
v 0.922470 -0.552083 -0.399379
v 0.884675 -0.478304 -0.720040
v 1.182590 -0.035315 -0.177510
v 0.836543 -0.521465 -0.439824
v 0.910425 -0.388980 -0.518750
v 0.876977 -0.387519 -0.777464
v 1.145438 -0.289397 -0.285558
v 0.967801 -0.250427 -0.512385
v 1.114441 0.019545 -0.623435
v 1.074268 -0.778493 0.014686
v 1.024595 -0.685091 0.007523
v 1.099609 -0.636843 -0.328669
v 1.135422 -0.608575 -0.277156
v 1.119806 0.005264 -0.310266
v 1.069298 -0.627265 -0.189540
v 1.080086 -0.423955 -0.471544
v 1.093602 -0.717309 0.032789
v 1.079629 -0.713271 -0.182580
v 1.081139 -0.654853 -0.529506
v 1.091071 -0.593399 -0.464025
v 1.174501 -0.075884 -0.850919
v 1.164416 -0.029787 -0.618198
v 1.159109 -0.551647 -0.228379
v 1.209853 -0.129228 -0.287404
v 1.330727 -0.023968 -0.674090
v 1.281440 -0.118512 -0.809828
v 1.233271 -0.519277 -0.177630
v 1.453779 -0.533593 -0.221167
v 1.217325 -0.492589 -0.256881
v 1.286103 -0.127312 -0.285380
v 1.325657 -0.007807 -0.339485
v 1.324937 -0.016454 -0.179728
v 1.453725 -0.143711 -0.267836
v 1.544414 -0.559297 -0.565790
v 1.516339 -0.521326 -0.308127
v 1.509014 -0.504386 -0.473413
v 1.477004 -0.447138 -0.282821
v 1.560090 -0.078126 -0.470106
v 1.438773 0.017080 -0.623302
v 1.451630 -0.016256 -0.261591
v 1.581550 -0.631437 -0.177047
v 1.534429 -0.537759 -0.182322
v 1.580373 -0.575850 -0.121637
v 1.592282 -0.473654 -0.627654
v 1.584347 -0.329556 -0.525031
v 1.504357 0.006165 -0.522687
v 1.719792 -0.043692 -0.518719
v 1.559850 -0.655567 -0.015245
v 1.622161 -0.436893 -0.442103
v 1.663689 -0.376370 -0.578286
v 1.609997 -0.284203 -0.716034
v 1.517544 -0.272727 -0.473336
v 1.591774 -0.419303 -0.248241
v 1.611897 -0.232282 -0.761345
v 0.864310 1.491234 2.106422
v 0.966064 0.693845 2.108447
v 0.887776 0.909205 2.108130
v 1.179601 0.798733 2.110842
v 1.356390 1.462244 2.113942
v 1.027473 1.242408 2.108654
v 1.569930 1.147566 2.114426
v -3.676175 -0.775000 -0.275000
v -3.675000 -0.775000 -0.277120
v -3.678859 -0.742346 -0.276773
v -3.685576 -0.814552 -0.140516
v -3.685702 -0.298468 -0.282062
v -3.689069 -0.461779 -0.039164
v -3.688369 -0.019160 -0.019881
v -3.590268 -0.768245 -0.305021
v -3.641575 -0.217932 -0.311534
v -3.600493 -0.101021 -0.389411
v -3.658312 -0.012371 -0.550000
v -3.504914 -0.754622 -0.750085
v -3.344188 -0.759502 -0.282391
v -3.411873 -0.167934 -0.308457
v -3.410308 -0.054356 -0.388813
v -3.295635 -0.416147 -0.266743
v -3.176437 -0.198178 -0.295122
v -3.400000 -0.024044 -0.475000
v -3.173824 -0.057248 -0.577509
v -3.143420 -0.457600 -0.292002
v -3.183415 -0.424204 -0.168170
v -3.192593 -0.337315 -0.248162
v 1.214464 4.243236 -0.007100
v 1.306644 4.261971 -0.063499
v 1.341926 4.113329 -0.017744
v 1.370241 4.294015 0.049946
v 1.457919 4.303017 -0.114825
v 1.524681 4.106557 -0.290491
v 1.566447 4.115847 -0.522945
v 1.525000 4.244925 -0.575000
v 1.523514 4.300475 -0.164843
v 1.477113 4.169640 -0.124553
v 1.572591 4.128690 -0.248481
v 1.519259 4.126466 -0.600000
v 1.578452 4.128817 -0.125234
v 1.576232 4.143675 -0.671710
v 1.532325 4.196205 -0.463281
v 1.575000 4.204058 -0.725000
v 1.576330 4.280633 -0.105192
v -0.923065 2.257110 2.102160
v -0.543795 1.689906 2.104621
v -0.567096 2.060650 2.101497
v -0.377027 2.253366 2.095162
v -0.270270 1.896364 2.096618
v -0.321112 -9.597643 0.799526
v 1.836160 0.226847 2.110296
v 1.655242 0.461876 2.114826
v 1.943925 0.703423 2.116658
v 2.072879 0.457459 2.114277
v 2.348168 0.248639 2.111400
v 2.317496 0.664015 2.116343
v 10.483693 -9.704332 1.136578
v 10.375000 -9.632802 1.400000
v 10.425376 -9.629810 1.451333
v 10.501129 -9.668619 1.094519
v 10.494804 -9.747366 1.075000
v 10.500619 -9.675000 1.125000
v 10.525000 -9.675141 1.175000
v 10.525000 -9.675000 1.174512
v 10.575000 -9.675620 1.175000
v 10.575000 -9.675000 1.177533
v 10.617698 -9.651481 1.040820
v 10.613210 -9.623750 1.388832
v 10.583100 -9.644736 1.516474
v 10.576549 -9.675620 1.174206
v 10.665624 -9.625001 1.075000
v 10.575000 -9.657623 1.337500
v 10.669607 -9.645727 1.272024
v 10.599734 -9.652210 1.000000
v 10.612500 -9.636889 1.200000
v 10.722830 -9.615057 1.350000
v -0.691254 -9.706711 0.954697
v -0.650764 -9.721110 0.801011
v -0.694033 -9.762501 0.859854
v -0.644806 -9.612025 1.021732
v -0.646290 -9.623949 1.093161
v -0.650283 -9.671327 0.899773
v -0.609109 -9.670657 0.990325
v -0.612970 -9.750000 0.844458
v -0.673826 -9.700001 1.075605
v -0.457491 -9.650884 0.909678
v -0.519061 -9.590933 1.005240
v -0.521013 -9.571027 1.174806
v -0.471057 -9.660438 0.987597
v -0.423155 -9.618146 1.108177
v -0.550548 -9.588348 1.324230
v -0.422160 -9.675000 1.031172
v -0.376782 -9.651167 0.890025
v -0.313692 -9.630224 1.084789
v -0.345432 -9.570892 0.877772
v -0.304453 -9.639441 0.966966
v -0.271794 -9.565654 0.854999
v -0.323269 -9.569791 0.984192
v -0.166375 -9.545574 1.079082
v 1.666333 0.917138 2.113937
v 2.014765 1.399263 2.118284
v 2.032342 0.960124 2.116137
v 2.188509 1.714860 2.123756
v 2.582053 0.957179 2.116860
v 2.224508 1.229535 2.120020
v 2.492063 1.727101 2.121309
v -1.307886 0.619845 0.012023
v -1.280958 0.352089 0.051706
v 0.970796 2.240259 -0.245138
v 1.029600 2.273695 -0.440211
v 1.034817 2.339694 -0.216095
v 1.077739 2.378010 -0.045136
v -3.130650 -0.430225 -0.182364
v -3.153695 -0.349350 -0.258838
v -3.147278 -0.078278 -0.410591
v -3.186006 -0.051981 -0.762768
v -3.071772 -0.162579 -0.476284
v -3.046010 -0.689536 -0.329335
v -3.054620 -0.270747 -0.336491
v -3.043660 -0.260761 -0.785601
v -2.641441 -0.410279 -0.226779
v -2.615388 -0.075491 -0.081339
v -2.665786 -0.092973 -0.144738
v -2.681358 -0.419400 -0.156088
v -2.564085 -0.468325 -0.058082
v -2.525510 -0.485146 -0.253679
v -2.584155 -0.093794 -0.296053
v -2.509027 -0.139806 -0.057042
v -2.481995 -0.519215 -0.220940
v -2.484513 -0.317137 -0.363101
v -2.458001 -0.128695 -0.373668
v -2.506062 -0.042901 -0.199481
v -2.420179 -0.476090 -0.192135
v -2.492016 -0.721652 -0.280259
v -2.444710 -0.483103 -0.448213
v -2.441451 -0.529323 -0.336987
v -2.481776 -0.482422 -0.077599
v -2.379756 -0.317015 -0.594123
v -2.488694 -0.202712 -0.420649
v -2.471271 -0.040944 -0.341986
v -2.444240 -0.069140 -0.499866
v -2.326351 -0.816364 -0.338300
v -2.370893 -0.511368 -0.539805
v -2.363070 -0.015165 -0.548290
v 0.935057 2.444668 0.649010
v 0.895139 3.087558 0.080201
v 0.920124 3.182976 0.081175
v 0.956407 2.434681 0.332723
v 0.997312 3.202096 0.236345
v 1.062198 2.956016 0.159944
v 1.009567 2.962173 0.204189
v 0.949159 3.192656 0.228793
v 1.012796 3.097843 0.067338
v 1.080157 3.120968 0.120570
v 1.579461 3.104527 0.043769
v 1.631894 3.196799 0.143311
v 1.574789 3.107483 0.404005
v 1.582056 3.206079 0.370222
v 0.935715 2.430001 0.932306
v 1.037910 2.373623 0.932675
v 4.064589 -2.524283 0.323829
v 4.109007 -3.264679 0.517793
v 4.101616 -2.941562 0.635560
v 4.106223 -2.771546 0.147086
v 4.074355 -2.529752 0.019011
v 4.111989 -2.533118 0.420281
v 4.103432 -2.561908 -0.013549
v 4.115848 -2.517630 0.696918
v 4.104588 -2.448402 0.009151
v 4.093996 -2.378808 0.325816
v 4.425000 -2.915474 0.875000
v 11.257752 -3.749129 2.100865
v 11.275000 -3.712955 1.625000
v 11.246284 -3.702279 1.685879
v 11.230185 -3.699105 1.856071
v 11.282139 -3.745056 1.875000
v 11.403935 -3.559869 2.097595
v 11.431250 -3.812500 2.106914
v 11.325000 -3.733781 2.050000
v 11.230035 -3.700330 2.043717
v 11.325000 -3.722213 1.625000
v 11.265368 -3.549950 1.858876
v 11.511141 -3.188219 2.119330
v 11.483581 -3.911284 2.071221
v 11.298631 -3.554702 1.630734
v 11.404609 -3.580738 1.861031
v 11.408112 -3.592038 1.693750
v 11.346383 -3.486502 2.135139
v 11.569901 -3.297726 2.139243
v 11.600000 -3.925000 2.081758
v 11.650000 -3.825000 2.106948
v 11.500000 -3.615650 2.093533
v 11.700000 -3.900000 2.118561
v 11.740608 -3.284245 2.154133
v 11.883411 -3.584852 2.117410
v 11.976831 -3.247499 2.171724
v 11.783573 -3.463637 2.151411
v 12.004089 -3.156253 2.170978
v 7.453722 -3.520447 2.088976
v 7.495208 -3.629051 2.115290
v 7.490458 -3.594426 1.774022
v 7.444789 -3.522798 1.692536
v 7.415689 -3.986476 2.111819
v 7.479254 -3.572559 2.069165
v 7.617085 -3.505104 1.657954
v 7.507326 -3.463712 2.114458
v 7.596008 -3.683065 1.694820
v 7.681740 -3.670899 2.098093
v 7.897957 -3.418312 2.117589
v 7.713971 -3.696471 1.583792
v 7.708138 -3.697566 1.854509
v 7.660519 -3.514969 1.965427
v 7.760200 -3.564607 1.744720
v 7.756731 -3.543011 2.081245
v 7.711417 -3.694319 1.979492
v 7.766389 -3.592172 1.916904
v 7.787644 -3.629761 1.682886
v 7.784501 -3.635377 2.076202
v 7.762179 -3.929424 2.115350
v 4.843156 -9.431993 1.722415
v 4.839483 -9.329184 1.981979
v 4.954843 -9.060123 1.696462
v 5.052970 -9.538627 1.663341
v 5.032470 -9.397980 1.712973
v 5.236086 -9.019645 1.720524
v 5.215863 -9.508771 1.693935
v 5.381250 -9.475907 1.750000
v 5.119877 -9.214364 1.725000
v 5.142879 -8.862000 1.711349
v 5.282688 -9.081862 1.725000
v 5.536141 -9.538692 1.721600
v 5.675000 -9.532126 1.875000
v 11.131314 -3.625368 1.502180
v 11.135046 -3.572934 1.478142
v 11.135375 -3.606250 1.318750
v 12.772503 0.919290 0.860089
v 12.786429 0.959895 0.702929
v 12.791707 0.881250 0.606250
v 12.775000 0.966418 0.690423
v 12.785358 1.139166 0.768242
v 6.434700 -0.389525 -0.125000
v 6.440895 -0.241018 0.045577
v 6.434001 -0.250000 -0.025000
v -3.888481 -9.025001 0.975000
v -3.839474 -9.053098 0.939290
v -3.925000 -9.051518 1.275000
v -3.775108 -9.040794 1.138680
v -3.800000 -9.004715 1.425000
v -3.823345 -9.026912 1.363873
v -3.728790 -9.020806 1.029449
v -3.715412 -9.026772 0.872880
v -3.676554 -8.925000 1.425000
v -3.728429 -9.014783 1.328247
v -3.666080 -9.027880 1.185331
v -3.568789 -9.036803 1.184273
v -3.571061 -9.058242 1.246500
v -3.591525 -9.592398 0.982147
v -3.580585 -9.502861 1.158485
v -3.580832 -9.467237 1.259064
v -3.574301 -9.443847 0.970250
v -3.571893 -9.469829 1.381724
v -3.574302 -9.262322 1.125553
v -3.570448 -9.361769 0.868709
v -3.601841 -9.032299 0.903551
v -3.570083 -9.044911 1.004231
v -3.529739 -9.041618 1.376200
v -3.570222 -8.861811 1.404361
v -3.579409 -9.312591 0.997981
v -3.546830 -9.153666 0.962888
v -3.429023 -8.757346 1.441120
v -3.425380 -9.108200 1.464483
v -3.577156 -9.209226 1.371776
v -3.433621 -9.424423 1.475179
v -3.430913 -8.893835 1.483939
v 0.078355 3.285801 -0.163411
v 0.018419 3.366891 0.006582
v 0.081326 3.402354 -0.177643
v 0.080168 3.392363 -0.252410
v 0.049443 3.927033 0.128941
v 0.095492 3.272551 -0.180313
v 0.227061 3.643502 -0.225548
v 0.124782 3.702146 -0.199516
v 0.113927 3.922255 -0.131673
v 0.123176 3.402238 0.299393
v 0.144221 3.916912 -0.265793
v 0.242103 4.018426 -0.187687
v 0.274847 4.022826 -0.078287
v 0.176503 3.367297 -0.318038
v 0.227339 3.552608 -0.331088
v 0.247185 3.715096 -0.419374
v 0.105999 3.864417 -0.527927
v 0.249656 3.836272 -0.225961
v 0.282944 3.919081 -0.737799
v 0.207974 3.873296 -0.708064
v 0.048804 3.422534 -0.504924
v -0.024698 3.560646 -0.437280
v 0.272777 3.639918 -0.507924
v 0.136711 3.926290 -0.488593
v 0.271393 3.971619 -0.128145
v 0.315393 3.990485 0.071304
v 0.323091 3.336178 -0.179649
v 0.371975 3.386152 -0.567070
v 0.343705 3.280914 -0.355491
v 0.355545 3.653241 -0.326143
v 0.333018 3.874507 -0.729445
v 0.380962 3.277057 -0.720269
v 0.412925 3.874719 -0.592889
v 0.309087 3.388479 -0.108460
v 0.395882 3.426864 0.050328
v 0.433901 3.556216 -0.455505
v 0.393870 3.671541 -0.492121
v 0.465044 3.724744 -0.421096
v 0.412464 3.900197 -0.293642
v 0.472916 3.878638 -0.689796
v 0.474159 3.928092 -0.721432
v 0.464805 3.499929 -0.537275
v 0.455022 3.754031 -0.527939
v 0.419993 3.800739 -0.489316
v 0.523250 3.816522 -0.526703
v 0.562430 3.900329 -0.199377
v 0.446215 3.929168 -0.588434
v 0.522726 3.868930 0.027257
v 0.440764 3.983736 -0.115735
v 0.514421 3.408356 -0.205098
v 0.525521 3.572897 -0.233728
v 0.544654 3.646888 -0.506232
v 0.516889 3.426404 0.020441
v 0.467776 3.834807 -0.787871
v 0.556708 3.436546 -0.736261
v 0.513808 3.423312 -0.507780
v 0.547730 3.777657 -0.739057
v 0.546807 3.861122 -0.075923
v 0.604729 4.025463 -0.141343
v 0.610867 3.259628 -0.335699
v 0.668761 3.429581 -0.595061
v 0.655884 3.806911 -0.608053
v 0.652615 3.216379 -0.419114
v 0.854181 3.897131 -0.213005
v 0.714300 3.923815 -0.526653
v 0.852089 3.224326 -0.493199
v 0.867844 3.921493 -0.530755
v 5.725806 3.209855 2.113469
v 5.878326 2.599756 2.124096
v 5.856367 2.985885 2.114694
v 6.394320 2.896078 2.137310
v 6.032695 2.498074 2.117483
v 6.119992 2.932236 2.105808
v 0.097597 3.921288 0.302940
v 0.075278 3.425473 0.125177
v 0.110181 3.537856 0.413671
v 0.084551 3.820020 0.427468
v 0.118014 3.930455 0.372567
v 0.272563 3.369341 0.378063
v 0.124024 3.922537 0.173165
v 0.270038 3.485979 0.376266
v 0.093792 3.838035 0.402395
v 0.336899 3.995636 0.262695
v 0.272298 3.533802 0.433915
v 0.299411 3.980691 0.373352
v 0.374264 3.414788 0.202736
v 0.364321 3.974153 -0.005361
v 0.375277 3.762543 0.436196
v 0.425590 3.827375 0.062823
v 0.434395 3.836747 0.198173
v 0.389361 3.989628 0.306584
v 0.428639 3.458845 0.327300
v 0.426584 3.552784 0.374889
v 0.417562 3.640323 0.030682
v 0.442899 3.608780 0.303707
v 0.468412 3.855536 0.370878
v -0.413421 4.319761 1.805213
v -0.204877 4.306791 2.093635
v 0.943089 3.274351 0.133732
v 1.037611 3.205901 0.094838
v 1.104963 3.939919 0.061108
v 1.272219 3.891393 0.026047
v 1.261627 3.988310 0.095423
v 1.199559 3.970076 0.131681
v 1.561255 3.315109 0.127384
v 1.579669 4.124150 0.426724
v 1.653061 3.366260 0.013333
v 1.625786 3.300676 0.211088
v 1.534633 3.941688 0.425284
v 1.616453 3.965829 0.344342
v 1.590400 4.018083 0.141828
v 1.667876 4.016806 0.401800
v 4.086132 -1.275045 2.066382
v 4.134846 -1.234648 2.068324
v 4.123504 -1.355933 2.067588
v 4.198598 -1.224554 1.804704
v 4.179109 -1.117492 2.095093
v 4.184110 -1.594264 2.098140
v 4.221822 -1.282889 2.060521
v 4.286362 -1.276240 1.840277
v 4.414465 -1.172931 2.114025
v 4.578190 -1.412207 2.123091
v 4.752482 -1.232747 2.122571
v 4.704529 -0.986301 2.127074
v 12.055839 3.393445 2.144784
v 11.963878 3.489560 2.140684
v 12.190284 3.631500 2.140101
v 12.419015 3.409721 2.151815
v 12.180357 3.878177 2.172643
v 12.319755 3.828218 2.176617
v 12.330603 3.987700 2.173371
v 12.243730 3.246445 2.159259
v 12.453260 3.967949 2.113719
v 12.351054 3.144271 2.168078
v 12.409940 3.660939 2.164283
v 12.462333 3.852151 1.764751
v 12.459605 3.845606 2.025725
v 12.438817 4.115500 1.895209
v 12.464952 4.058714 1.579649
v 12.526374 3.770814 1.686263
v 12.492189 3.782805 1.868993
v 12.667384 3.748702 1.876627
v 12.497899 3.764953 2.102431
v 12.646132 3.550839 2.159392
v 12.712202 3.756011 1.714818
v 12.658541 3.682929 2.156746
v 12.778427 3.369699 2.166861
v 1.634746 2.190977 -0.616311
v 1.675000 2.142343 -0.375000
v 1.622985 2.269902 -0.274326
v 1.665729 2.474766 -0.246358
v 1.725000 2.124344 -0.475000
v 1.724987 2.124394 -0.476143
v 1.725000 2.124617 -0.425000
v 1.724157 2.125000 -0.425000
v 1.725002 2.124964 -0.372691
v 1.724862 2.125000 -0.375000
v 1.723551 2.126426 -0.528952
v 1.727999 2.125000 -0.475000
v 1.707880 2.137744 -0.787773
v 1.690548 2.130104 -0.173138
v 1.855478 2.415941 0.152155
v 1.934229 2.353460 -0.648584
v 1.956399 2.380744 -0.399030
v 1.854475 2.141817 -0.429941
v 2.026115 2.142898 0.028870
v 1.888104 2.405608 -0.313754
v 1.887591 2.410269 -0.177806
v 2.052496 2.390773 -0.636293
v 2.155411 2.388775 -0.494826
v 2.142312 2.382533 -0.661056
v 2.236382 2.373189 -0.298761
v 2.183095 2.372797 -0.100167
v 2.256183 2.128407 -0.462794
v 2.312499 2.323406 -0.283243
v 2.297582 2.122488 -0.242656
v 2.288481 2.431071 -0.491281
v 12.968168 0.191105 2.132085
v 12.884900 0.368750 2.175000
v 13.026696 0.350888 2.074057
v 12.872149 0.737792 2.168580
v 12.992984 0.541126 2.131269
v 13.063401 0.252301 1.812355
v 13.051948 0.141634 1.982694
v 13.040044 0.302888 1.612131
v 13.068152 0.409116 1.907191
v 13.061616 0.554236 1.883080
v 13.073981 0.710922 2.074189
v 13.077706 0.718078 1.820607
v 13.080805 0.984232 1.692011
v 13.081480 0.092177 1.761758
v 13.058393 0.533205 1.724021
v 1.672778 2.548044 -0.848124
v 1.670502 2.574246 -0.516341
v 1.634182 3.060583 -0.266928
v 1.625960 3.127155 -0.031219
v 1.667842 3.209506 -0.283209
v 1.693477 2.690055 -0.642065
v 1.728669 3.163828 -0.001718
v 1.713077 2.958989 -0.443816
v 1.714864 2.957316 -0.203586
v 1.718621 2.934407 -0.787390
v 1.727056 3.263402 -0.267070
v 1.822009 2.462260 -0.477910
v 1.873154 2.482654 -0.755884
v 1.834773 2.494181 -0.296589
v 1.874072 2.627871 -0.610472
v 1.825302 2.643592 -0.384580
v 1.823400 2.615819 0.083127
v 1.837317 2.717109 -0.820714
v 1.844514 2.758680 -0.210103
v 1.851740 2.795878 -0.676808
v 1.865869 2.814506 -0.306698
v 1.857502 3.004336 -0.258574
v 1.984599 2.644658 -0.763517
v 1.963644 2.687906 -0.648466
v 1.898119 2.738825 -0.509804
v 1.877835 2.724802 -0.346516
v 1.920092 2.884235 -0.665440
v 1.875534 2.996065 -0.344445
v 1.925000 3.021281 -0.693889
v 1.867504 3.131677 -0.721124
v 1.919041 3.117536 -0.664295
v 1.905043 3.174007 -0.446676
v 1.876902 3.106276 -0.373201
v 1.850580 3.158137 -0.140863
v 1.958014 2.719956 -0.384911
v 1.945882 2.790124 -0.265368
v 1.902933 2.824802 -0.351804
v 1.978897 3.051046 -0.360846
v 1.986460 2.668473 -0.536616
v 2.204555 2.728601 -0.329872
v 2.037007 2.766373 -0.674277
v 2.017753 3.050391 -0.246333
v 2.018552 3.228398 -0.733846
v 2.032923 2.853724 -0.217167
v 2.029174 3.143415 -0.682214
v 2.066866 2.479442 -0.722931
v 2.038612 2.621951 -0.717907
v 2.164432 2.641066 -0.774688
v 2.113634 2.662916 -0.614428
v 2.102777 2.852854 -0.685516
v 2.206476 3.019472 -0.694382
v 2.148904 3.067221 -0.276033
v 2.021356 3.144207 -0.388607
v 2.150035 3.163227 -0.596420
v 2.208017 2.576939 -0.738777
v 2.175776 2.716852 -0.632017
v 2.044519 2.727232 -0.268404
v 2.204099 3.083704 -0.324099
v 2.205667 3.172421 -0.636474
v 2.096601 3.212057 -0.514586
v 2.179863 3.177269 -0.746657
v 2.087288 2.523788 -0.697517
v 2.205908 2.646624 -0.677485
v 2.244566 2.721192 -0.416570
v 2.200419 2.788949 -0.407047
v 2.255160 2.834138 -0.640809
v 2.175000 3.020216 -0.725000
v 2.166391 3.054581 -0.399372
v 2.236166 3.068529 -0.428638
v 2.246363 3.101905 -0.613994
v 2.183409 3.130785 -0.449912
v 2.283769 3.145814 -0.527762
v 2.356940 2.479935 -0.735805
v 2.367579 2.520630 -0.733597
v 2.261680 2.668363 -0.857856
v 2.225244 2.675675 -0.520144
v 2.218417 2.733297 -0.507785
v 2.375825 2.823946 -0.718660
v 2.260259 2.942658 -0.414268
v 2.268870 2.933444 -0.295923
v 2.294514 2.959108 -0.562721
v 2.342411 3.172543 -0.753564
v 2.256913 3.241669 -0.763626
v 2.341595 2.570426 -0.780719
v 2.299003 2.854738 -0.522611
v 2.350691 2.978321 -0.764342
v 2.427055 2.848804 -0.745890
v 2.383578 2.914483 -0.575336
v -3.054950 -0.242424 2.093707
v -3.096374 -0.592948 2.098015
v -2.650498 -0.503911 2.094808
v 3.418135 3.818918 2.107032
v 3.401086 3.459400 2.112000
v 3.815348 3.254790 2.093031
v 3.858451 3.823810 2.103931
v 3.902974 3.829378 1.824397
v 3.998726 3.818041 1.790739
v 3.911756 3.853947 1.976992
v 1.668466 2.489823 0.535455
v 1.625341 3.122339 0.337854
v 1.666497 2.464134 0.144839
v 1.659024 2.445117 0.854148
v 1.719656 3.059162 0.279126
v 1.724457 3.227121 0.232569
v 1.671065 3.208897 0.407347
v 1.709084 2.993127 0.623156
v 1.820161 2.474536 0.254149
v 1.805526 2.466604 0.629071
v 1.843530 2.905523 0.169178
v 1.850643 3.340603 0.382647
v 9.604463 -9.576426 1.719183
v 9.769916 -9.493411 2.114260
v 9.893128 -9.578518 1.687690
v 9.974999 -9.526675 2.125000
v 10.219191 -9.461637 2.147806
v 10.234667 -9.476113 2.119607
v 10.313921 -9.579556 1.895460
v 10.294899 -9.566895 2.065156
v 10.350000 -9.447962 2.138060
v 10.324565 -9.476754 2.152742
v 10.384652 -9.173633 2.118662
v 10.331997 -9.127501 2.124321
v 10.502758 -9.119973 2.115736
v 10.435940 -9.031561 2.125000
v 1.720032 3.064312 0.924379
v 1.816407 2.846229 0.943553
v 1.832871 2.434158 0.915835
v 1.821665 2.778364 0.825861
v 1.850348 3.288388 0.909177
v 4.044989 -3.387436 -0.708652
v 4.057576 -3.378087 -0.178588
v 4.043802 -3.331659 -0.726214
v 4.064476 -3.287629 -0.135693
v 4.100354 -3.183138 -0.418000
v 4.111338 -3.231132 -0.193687
v 4.115174 -3.253597 -0.655055
v 1.672724 3.265045 -0.249240
v 1.720896 3.323596 -0.166328
v 1.604437 3.887569 -0.502297
v 1.724549 3.257419 -0.155063
v 1.743440 3.227500 -0.498193
v 1.766870 3.402589 -0.514948
v 1.759949 3.375821 -0.148303
v 1.825609 3.419790 -0.138360
v 1.764360 3.877402 -0.548711
v 1.857226 3.295793 0.003720
v 1.878908 3.418398 -0.719711
v 1.824354 3.453778 -0.684323
v 1.836084 3.436257 -0.399449
v 1.753074 3.839669 -0.176178
v 1.732288 3.857258 0.098367
v 1.955579 3.242910 -0.077384
v 1.955025 3.306726 -0.178880
v 1.985733 3.332896 -0.726070
v 2.036752 3.841800 -0.101635
v 1.999779 3.227195 -0.576985
v 1.991212 3.307172 -0.477699
v 2.073510 3.273107 -0.748739
v 2.104163 3.218770 -0.694898
v 2.239392 3.835534 -0.477271
v 2.117463 3.860903 -0.435188
v 2.247960 3.823565 -0.667594
v 2.187819 3.823089 -0.179113
v -3.523418 -2.172531 0.549224
v -3.524374 -2.374697 0.208377
v -3.516184 -2.198388 0.239160
v -3.515295 -1.968319 0.634129
v -3.516953 -1.843315 0.076454
v -3.513734 -1.801308 0.257521
v -3.515862 -1.743408 0.798451
v 1.670494 3.380754 0.243950
v 1.633163 4.028067 0.476576
v 1.673854 3.985766 0.177487
v 1.676950 3.272238 0.585483
v 1.696072 3.325689 0.481055
v 1.746155 3.372449 0.357724
v 1.824315 3.391077 0.211725
v 1.711730 3.881097 -0.066487
v 1.711432 3.966140 0.490816
v 1.729790 3.278404 0.424257
v 1.716703 3.839492 0.427274
v 2.170359 3.802036 0.142045
v 2.275931 3.774634 0.410333
v 2.241096 3.947656 0.477220
v -2.116229 -7.149006 2.054061
v -2.240790 -7.571703 2.059621
v -2.139335 -7.719685 2.049847
v -1.992677 -7.885005 2.036499
v -1.558036 -7.874401 2.040905
v -1.952102 -7.378684 2.047095
v 1.686309 4.227938 0.422047
v 1.602538 4.297050 0.495342
v 1.725507 4.126998 0.376291
v 1.723024 4.297143 0.350203
v 1.732101 4.273236 0.127841
v 1.672986 4.267708 0.436998
v 1.798496 4.290311 0.497033
v 1.865758 4.300631 0.818423
v 2.015673 4.296679 0.657094
v 1.772943 4.190055 0.489043
v 2.013422 4.292776 0.419564
v 2.440165 4.295217 0.780778
v 2.275235 4.151153 0.451861
v 4.079277 2.428236 -0.851027
v 4.044435 3.004573 -0.890030
v 4.167962 2.540153 -0.824677
v 4.184334 3.060940 -0.827458
v 0.149184 3.816694 2.101599
v 0.253842 3.312074 2.081941
v 0.211541 3.583656 2.101479
v 0.405592 3.410256 2.096074
v 0.667650 4.113033 2.101418
v 0.739513 3.656824 2.098533
v 0.223039 3.082330 2.105763
v 0.304827 2.713863 2.101593
v 0.756339 2.480790 2.104373
v 0.780870 2.774859 2.101073
v 10.510749 -6.116031 2.111458
v 10.627251 -6.076547 2.125000
v 10.624434 -6.030241 2.104898
v 10.461454 -5.746303 2.092115
v 10.483006 -6.293789 2.098861
v 10.575000 -6.337500 2.100377
v 10.481250 -5.948207 2.114508
v 10.829586 -6.029820 2.125000
v 10.788954 -6.042801 2.107621
v 10.687500 -6.117609 2.085559
v 0.871139 -0.804703 -0.897229
v 1.337210 -1.672418 -0.890079
v 1.565070 -1.456372 -0.888620
v 1.268253 -0.863859 -0.890273
v 1.497372 -0.961699 -0.883817
v 1.267643 2.548209 2.105533
v 1.358073 2.842991 2.107604
v 11.372866 0.642765 2.147216
v 11.272619 0.158909 2.084797
v 11.399173 0.321191 2.115514
v 11.896225 0.059162 2.175000
v 11.542991 0.207325 2.109071
v 11.524232 0.075000 2.125000
v 11.731979 0.743919 2.156837
v 11.635054 0.330049 2.136657
v 11.646100 0.265347 2.158623
v 11.918822 0.025916 2.122997
v 11.935625 0.185896 2.117914
v 11.740330 0.297905 2.126625
v 11.949163 0.088004 2.120100
v 11.948552 0.243477 2.133769
v 11.849715 0.440258 2.156034
v 12.028652 0.877987 2.138540
v 12.008110 0.050000 2.150110
v 11.899426 0.169691 2.175000
v 12.028490 0.287638 2.122157
v -3.458731 2.259257 -0.883788
v -3.428275 2.307559 -0.903500
v -3.318657 1.649578 -0.843158
v -3.275703 1.786911 -0.752841
v -3.218737 2.101556 -0.861769
v 2.523608 0.975349 -0.528978
v 2.491005 1.201381 0.029376
v 2.513809 1.066423 -0.533831
v 2.406846 1.328124 0.022653
v 2.459248 1.320642 -0.267569
v 2.490033 1.373740 0.006071
v 2.525872 0.931688 -0.343364
v 2.510814 0.944340 -0.205710
v 2.458045 0.998200 -0.428947
v 2.464720 1.064217 -0.230682
v 2.504493 1.134760 -0.367614
v 2.471058 0.864731 -0.226553
v 2.581867 0.980577 0.016080
v 2.580663 1.025278 -0.246395
v 2.577581 1.344383 0.012451
v 2.609253 0.832656 -0.171675
v 2.579388 0.949252 -0.222964
v 2.598826 1.176034 -0.216549
v 2.702328 1.063525 0.019723
v -3.507855 -2.379230 -0.727082
v -3.480023 -2.375000 -0.850000
v -3.315017 -2.393136 -0.858786
v -3.325000 -2.425000 -0.875461
v -3.325000 -2.375000 -0.871285
v 2.517402 0.284593 -0.623469
v 2.542254 0.340822 -0.263308
v 2.547035 0.015194 -0.628192
v 2.515732 0.243138 -0.149346
v 2.323603 0.503169 -0.256332
v 2.557532 0.303239 -0.705022
v 2.591301 0.316171 -0.813827
v 2.629595 0.747628 -0.224687
v 2.679739 0.012237 -0.822775
v 2.650306 0.339882 -0.340540
v 2.642659 0.295986 -0.170109
v 2.674993 0.023917 -0.572775
v 2.663616 0.119176 -0.224368
v 2.628238 0.452158 -0.842779
v 2.630747 0.427990 -0.247714
v 2.973839 0.588260 -0.763064
v 3.088126 0.548911 -0.780168
v 3.265578 0.564651 0.022450
v 3.290777 0.570316 -0.749589
v 3.275910 0.079545 0.011125
v 3.387889 0.371228 -0.012198
v 3.409578 0.139734 -0.768809
v 3.420330 0.127412 -0.076998
v 3.415196 0.240833 -0.075422
v 3.363202 0.551249 -0.712721
v 3.446954 0.028991 -0.030598
v 3.419007 0.292422 -0.725836
v 3.508725 0.356455 -0.489341
v 3.480308 0.406905 0.030986
v 3.542879 0.510602 -0.716840
v 3.486524 0.735991 0.038324
v 3.521103 0.087961 -0.438227
v 3.567384 0.121003 -0.083496
v 3.544573 0.343997 -0.183346
v 3.516365 0.310716 -0.037113
v 3.569486 0.390226 -0.609466
v 3.615327 0.024220 -0.779339
v 3.540821 0.118968 -0.715671
v 3.568619 0.337857 -0.466950
v 3.578690 0.119514 -0.588348
v 3.601358 0.144597 -0.265847
v 3.576327 0.206974 -0.002349
v 3.558146 0.355718 -0.734302
v 3.630840 0.246927 -0.404077
v 3.641981 0.233061 -0.089298
v 3.740511 0.436035 -0.772733
v 3.869245 0.252156 -0.444624
v 3.857456 0.186990 -0.104488
v 3.861877 0.664716 -0.274006
v 3.877077 0.571402 -0.605810
v 3.849926 0.932621 -0.081463
v 3.879075 0.114626 -0.637306
v 3.885534 0.474324 -0.792253
v 3.885972 0.951757 -0.811035
v 2.374203 4.307066 0.488059
v 2.558587 4.102084 -0.082071
v 2.556213 4.202144 0.423394
v 2.532422 4.278693 0.424311
v 2.586137 4.283539 0.349917
v 2.814098 4.289980 0.159850
v 2.826432 4.117693 0.189201
v 2.869046 4.202497 0.186150
v 2.926873 4.211651 0.096233
v 2.882959 4.290884 0.259156
v 2.835163 4.290514 0.726175
v 3.107253 4.290546 0.703294
v 3.262023 -0.024190 0.326842
v 3.215745 0.864236 0.823358
v 3.235431 0.878432 0.674351
v 3.251020 0.447207 0.445994
v 3.263920 0.920243 0.022838
v 3.469460 0.128967 0.653347
v 3.425669 0.217917 0.824395
v 3.479639 0.353195 0.624196
v 3.425710 0.629045 0.792801
v 3.472063 0.596190 0.496420
v 3.468217 0.854959 0.184271
v 3.429740 0.788534 0.597537
v 3.479500 0.053779 0.484306
v 3.509734 0.350028 0.127070
v 3.472225 0.395593 0.409128
v 3.589434 0.204043 0.071274
v 3.811842 0.836521 0.872710
v 3.825924 0.723493 0.586141
v 3.850125 0.799034 0.197185
v 3.920781 0.826583 0.604378
v 3.952772 0.608824 0.658609
v 3.966738 0.603396 0.840932
v 3.935208 0.846396 0.688789
v 4.021248 0.010836 0.681308
v 4.004441 0.208773 0.579761
v 4.010444 0.418899 0.745844
v 3.980066 0.284752 0.773884
v 4.020257 0.556236 0.501548
v 3.973483 0.689323 0.488603
v 3.977147 0.803916 0.499206
v 3.998154 0.699756 0.718819
v -1.750000 -9.048550 0.375000
v -1.875000 -9.100332 0.175000
v -1.811229 -9.026376 0.236893
v -1.817336 -9.034899 0.200000
v -1.770375 -9.042254 0.315515
v -1.775000 -9.025001 0.281033
v -1.642006 -9.032745 0.325000
v -1.650000 -8.996031 0.237500
v -1.628878 -9.007150 0.310536
v 3.419818 1.478981 -0.727743
v 3.535553 1.555457 -0.773677
v 3.449390 1.653405 -0.726432
v 3.880447 0.998780 -0.024654
v 3.870297 0.971516 -0.547845
v 3.932467 0.975238 -0.774874
v 3.933220 0.988623 -0.439347
v 3.971221 1.010831 -0.180348
v 3.246568 0.901956 0.392952
v 3.328898 0.933025 0.390010
v 3.302530 0.936822 0.836113
v 3.379550 0.859900 0.831871
v 3.402233 0.960164 0.272325
v 3.426911 0.845228 0.381505
v 3.411919 0.925330 0.011717
v 3.867128 0.917972 0.450529
v 3.824194 0.911862 0.481818
v 3.894203 0.889714 0.814621
v 3.832189 0.934055 0.223742
v 3.928140 0.902254 0.308510
v 3.982882 0.931976 0.345009
v 4.029593 0.895223 0.460322
v -3.677016 -0.816086 0.493231
v -3.667330 -0.817165 0.264127
v -3.647793 -0.866206 0.241195
v -3.510966 -1.468108 0.477273
v -3.511479 -1.472222 0.882722
v -3.512609 -1.220358 0.654383
v -3.508178 -1.005795 -0.123777
v -3.510366 -1.341807 0.255676
v -3.509825 -0.927191 0.249181
v -3.508896 -0.933961 0.752562
v 2.506997 2.123739 0.924664
v 2.673207 2.242926 0.951498
v 2.958334 2.291086 0.922696
v 10.562500 -1.433751 0.178379
v 10.606374 -1.431776 0.140706
v 10.662500 -1.438405 0.275000
v 10.650000 -1.434731 0.084327
v 11.094803 -1.091183 0.058644
v 3.335619 2.298560 -0.178831
v 3.342534 2.090801 -0.417938
v 3.372075 2.267990 -0.676851
v 3.371215 2.263006 -0.265916
v 3.330250 2.308493 -0.777863
v 3.405622 1.449653 -0.786366
v 3.426558 1.883930 -0.717012
v 3.410977 2.082869 -0.727715
v 3.307919 2.101959 -0.795984
v 3.481434 2.222598 -0.588331
v 3.431415 2.314249 -0.130393
v 3.473284 1.775000 -0.075000
v 3.475000 1.775000 -0.125000
v 3.475000 1.775000 -0.125000
v 3.489472 1.848027 -0.370216
v 3.471921 1.825368 -0.126677
v 3.430987 2.260444 -0.056416
v 3.480527 1.773695 -0.382964
v 3.525000 1.772488 -0.125000
v 3.475000 1.775000 -0.125000
v 3.524890 1.774410 -0.135598
v 3.472665 1.773790 0.012285
v 3.525784 1.780972 -0.602799
v 3.525000 1.789896 -0.175000
v 3.530397 2.076780 -0.644177
v 3.551481 2.078648 -0.265181
v 3.482310 2.070707 -0.167711
v 3.696970 2.074807 -0.045852
v 3.511497 2.327302 -0.011776
v 3.584955 1.781320 -0.472905
v 3.552032 1.755675 -0.065489
v 3.466551 1.804577 -0.662735
v 3.528216 1.876634 -0.445383
v 3.608169 1.874124 -0.275480
v 3.608293 1.999971 -0.027538
v 3.545545 2.078269 -0.528332
v 3.531271 1.904539 -0.113164
v 3.631254 1.822832 -0.166207
v 3.618238 1.836408 -0.671072
v 3.653963 1.845073 -0.565215
v 3.569880 1.911757 -0.379832
v 3.625096 1.824141 -0.375354
v 3.629900 2.018042 -0.269426
v 3.592115 2.075808 -0.256166
v 3.546673 2.210240 -0.798772
v 3.695021 2.211225 -0.459861
v 3.561722 2.320038 -0.260623
v 3.704518 1.694548 -0.480951
v 3.598758 1.725849 0.024307
v 3.630152 2.028082 -0.552784
v 3.594610 2.083471 -0.727229
v 3.531310 1.935523 -0.736865
v 3.794252 1.835597 -0.112578
v 3.817970 1.987097 -0.092443
v 3.627589 2.051710 -0.655856
v 3.765259 2.075645 -0.138054
v 3.657991 2.099744 0.041227
v 3.719195 2.220581 -0.803556
v 3.612775 2.224966 -0.336747
v 3.717667 1.937987 -0.508005
v 3.774181 2.252587 -0.711236
v 3.856037 2.270671 -0.289238
v 3.944113 1.627080 -0.429242
v 3.587206 1.625533 -0.411949
v 3.695195 1.799934 -0.710731
v 3.692066 2.078625 -0.382949
v 3.748326 2.089820 -0.708297
v 3.967416 2.078524 -0.540111
v 3.937381 2.292540 -0.224444
v 3.809431 1.774091 -0.072372
v 3.872669 2.256776 -0.599849
v 3.725058 2.301866 -0.216422
v 3.916803 1.852630 -0.705748
v 3.962705 1.759927 -0.473679
v 3.905243 1.826772 -0.474860
v 3.822909 2.017240 -0.090335
v 3.963787 2.281463 -0.665192
v 3.931608 2.395257 -0.616479
v 3.974568 1.779621 -0.682954
v 3.957807 1.833093 -0.383597
v 4.020343 1.891198 -0.111969
v 4.085236 2.041288 -0.705352
v 3.749600 1.975173 -0.760076
v 3.904874 2.099636 -0.343282
v 3.936866 2.353735 -0.062714
v 3.968018 1.771132 -0.379315
v 3.966742 1.775394 -0.154076
v 3.996924 1.836127 -0.619419
v 3.925726 2.005006 -0.507281
v 4.019101 1.999470 -0.012210
v 4.046082 2.028874 -0.424860
v 3.786812 2.084662 -0.009506
v 3.468451 2.263751 0.126732
v 3.374791 2.275273 0.786224
v 3.465686 2.266126 0.369559
v 3.475000 1.774452 0.225000
v 3.473607 1.774405 0.214575
v 3.474614 1.775000 0.275000
v 3.472194 1.775000 0.325000
v 3.477266 1.828516 0.488077
v 3.473226 1.778507 0.507778
v 3.471654 1.820071 0.710470
v 3.514082 2.253281 0.777009
v 3.475107 1.774843 0.274581
v 3.474817 1.774623 0.377323
v 3.473881 1.773658 0.787936
v 3.560607 1.874401 0.306697
v 3.525983 1.855920 0.573902
v 3.456995 2.085338 0.826898
v 3.563959 2.270365 0.483311
v 3.653625 1.753040 0.167816
v 3.491280 1.774151 0.195054
v 3.558487 1.827537 0.625327
v 3.574835 1.829897 0.826722
v 3.558252 1.944495 0.124863
v 3.581976 2.278099 0.157776
v 3.615566 1.942709 0.193561
v 3.638381 1.827702 0.208166
v 3.747218 2.066122 0.577846
v 3.488804 2.097152 0.240954
v 3.756896 2.084752 0.497688
v 3.649105 1.876110 0.219141
v 3.773828 2.069481 0.778452
v 3.703590 2.247904 0.533685
v 3.614310 2.399446 -0.007315
v 3.702339 1.998026 0.151220
v 3.730210 2.266803 0.190266
v 3.763400 2.050985 0.864066
v 3.966664 1.770708 0.179688
v 3.854070 2.078508 0.176339
v 3.901680 2.284563 0.505798
v 3.886229 2.326310 0.037333
v 4.059195 2.090241 0.636915
v 3.765812 2.276309 0.082512
v 3.908541 2.251419 0.584126
v 3.913975 2.275800 0.280366
v 3.974838 1.775070 0.675750
v 3.986679 1.784218 0.800269
v 3.968449 1.792164 1.075012
v 3.939270 1.824145 0.186709
v 3.967746 1.824449 0.694913
v 3.968808 1.860291 0.828399
v 3.964437 2.199900 0.072449
v 3.943008 1.976120 0.114288
v 4.071559 2.088418 0.214515
v 0.107579 4.109361 -0.031962
v 0.122774 4.068053 -0.203103
v 0.337640 4.031552 0.041261
v 0.205772 4.159266 0.028597
v 0.501294 4.031109 0.022718
v 1.710355 3.345419 -0.874066
v 1.766245 3.361180 -0.774511
v 1.806231 3.475311 -0.896349
v 2.088454 3.867630 -0.673523
v 1.874589 3.507641 -0.885448
v 2.003729 3.323755 -0.835464
v 1.871161 3.868598 -0.877990
v 2.166333 3.258414 -0.875335
v 1.892173 3.805354 -0.894328
v 2.208401 3.222905 -0.848772
v 2.106334 3.327803 -0.883576
v 2.494170 3.694877 -0.890802
v 2.232434 3.806058 -0.870491
v 2.531338 3.796356 -0.873433
v 0.075000 4.325000 0.719108
v 0.075000 4.325188 0.725000
v 0.125000 4.322288 0.625000
v 0.124982 4.325055 0.674754
v 0.078504 4.325000 0.725000
v 0.125022 4.325062 0.674985
v 0.125000 4.325062 0.675000
v 0.059259 4.326394 0.276738
v 0.099261 4.324811 0.781074
v -0.065944 4.288908 0.025043
v 0.187981 4.321072 0.091884
v 0.214943 4.309107 1.027029
v 0.308094 4.308167 0.517464
v 0.372030 4.312550 0.756010
v 0.697175 4.310900 0.358043
v 0.683156 4.309019 0.711694
v 0.682073 4.301121 0.055982
v 0.787568 4.258466 0.034006
v -3.576381 -11.026544 0.507968
v -3.580934 -11.024428 0.586678
v -3.578680 -11.143377 0.724599
v -3.590123 -10.850000 0.718962
v -3.590972 -10.869477 0.741049
v -3.550000 -11.011528 0.477688
v -3.477310 -10.369006 0.765666
v -3.475326 -10.301744 0.650000
v -3.466078 -10.896908 0.400000
v -3.382751 -10.849290 0.426683
v -3.296508 -10.872601 0.482146
v -3.350000 -10.845598 0.300000
v -3.174560 -10.986741 0.373004
v -3.177225 -10.955574 0.425000
v -3.690268 -0.651469 0.133147
v -3.699566 -0.550878 0.887127
v -3.690718 -0.357368 0.151890
v -3.697277 -0.464856 0.633697
v -3.696895 -0.513583 0.429871
v -3.697241 -0.287881 0.933065
v -3.687267 -0.201269 -0.076552
v -3.693593 0.011086 0.383691
v 0.919394 4.305734 0.682119
v 0.928397 4.070086 0.052207
v 0.966631 4.311394 0.377681
v 0.970870 4.295363 0.066375
v 1.072004 4.276444 0.024472
v 1.103308 4.310562 0.276432
v 1.156755 4.304819 1.046291
v 1.196592 4.124927 0.111990
v 1.342078 4.076864 0.069870
v 1.297878 4.305501 0.103056
v 1.547151 4.301454 0.394878
v 1.428305 4.307645 0.702012
v -3.429223 3.075893 -0.868786
v -3.480717 3.156687 -0.908191
v -3.465922 3.239290 -0.868487
v -3.214276 3.119662 -0.920980
v -3.226399 2.773020 -0.676280
v 2.264744 -3.487151 2.067298
v 2.643849 -3.294749 2.111473
v 2.514077 -3.829089 2.099097
v 2.816753 -3.557924 2.088355
v 2.906562 -3.921682 2.077596
v 2.938694 -3.719174 2.100668
v 2.869391 -3.491324 1.994985
v 2.871438 -3.635609 1.691290
v 2.872521 -3.468447 1.812741
v 2.927975 -3.581167 1.831823
v 2.972156 -3.594371 2.075177
v 2.927294 -3.470059 2.013136
v 3.015692 -3.583352 1.910852
v 3.032002 -3.525692 1.797592
v 2.984301 -3.523319 2.045211
v 2.852694 -3.440834 2.077773
v 3.163598 -3.484060 2.068282
v 3.197522 -3.363346 2.107285
v 5.243165 -7.818750 0.673663
v 5.219653 -7.718750 0.050000
v 5.195704 -7.873779 0.462500
v 5.223156 -7.832204 0.506369
v 5.217474 -7.807230 0.290541
v 5.221301 -7.749090 0.364933
v 5.183390 -7.198584 0.506361
v 5.216745 -7.792303 0.672180
v 5.220013 -7.746536 0.536200
v 5.281580 -7.516737 0.552709
v 5.264633 -7.550000 0.675000
v 5.232931 -7.695276 0.035719
v 5.243287 -7.562500 0.050000
v 5.270372 -7.557580 0.616365
v 5.261334 -7.541499 0.262491
v 5.267050 -7.535537 0.221875
v 5.255071 -7.412500 0.500000
v 5.232457 -7.303846 0.615760
v 5.270526 -7.500000 0.400000
v 5.231504 -7.329687 0.675000
v -0.748908 0.885131 2.103109
v -0.544089 1.342902 2.107473
v -0.311338 0.944006 2.098910
v -0.181708 1.371223 2.103077
v -1.679137 -2.351561 2.091856
v -1.513693 -2.768820 2.093992
v -1.117038 -2.927077 2.072953
v -1.195737 -2.619401 2.074796
v -1.363945 -2.419689 2.087488
v -1.051949 -3.349449 2.081870
v -0.858371 -2.919086 2.074619
v -0.834019 -2.636307 2.076790
v -0.760381 4.064908 1.024672
v -0.835168 4.262711 0.918369
v -0.706853 4.174804 0.946654
v -0.679191 4.131464 0.895685
v -0.555764 4.300067 1.001064
v -0.524650 4.020168 1.039541
v -0.282611 4.315800 1.651696
v -0.585261 4.308434 1.334261
v -0.274134 3.960046 0.963656
v -0.456492 4.305899 1.005372
v -0.248552 4.255638 0.935977
v -0.249252 4.316342 1.290671
v 0.065946 4.314488 1.744329
v -0.226769 4.309174 0.978669
v -0.013413 4.314013 1.442479
v 0.084654 4.315173 1.273314
v 0.341524 4.309231 1.648104
v 0.617210 4.307843 1.662326
v 0.429583 4.310511 1.151316
v 0.843175 4.307499 1.094633
v 5.133358 -6.306250 0.439192
v 5.128928 -6.341555 0.451930
v 5.210898 -5.948160 0.652111
v 5.231514 -5.909518 0.578967
v 5.249964 -5.850000 0.550000
v 5.232701 -5.900000 0.400000
v 0.369333 4.251184 2.099218
v 0.194756 4.307052 2.075075
v 12.979979 3.775000 1.127321
v 12.944734 3.738796 1.625929
v 12.985608 3.731531 1.152121
v 13.057839 3.735674 1.298288
v 13.059682 3.311954 0.975880
v 13.097134 3.469867 1.025456
v 13.071483 3.588187 1.061997
v 13.029607 3.627542 1.025559
v 13.035086 3.715054 1.374836
v 13.084925 3.619217 1.255272
v 13.025881 3.710946 1.521938
v 13.115708 3.699068 1.455370
v 13.079493 3.675719 1.037500
v 13.095692 3.702449 1.219437
v 12.977080 3.723560 1.232718
v 13.103949 3.199041 0.976605
v 13.103792 3.362588 1.541134
v 13.086562 3.374870 1.217813
v 13.103674 3.406191 0.892228
v 13.105656 3.516263 1.110080
v 13.126553 3.419282 1.327461
v 13.089463 3.500787 1.579363
v 13.103109 3.428125 0.875547
v 13.122118 3.521535 1.404657
v 13.084621 3.612365 1.332926
v 12.993879 3.049991 0.825000
v 13.032368 2.571355 1.321858
v 12.994763 2.884217 0.922605
v 13.043074 3.029642 0.919236
v 13.043878 2.538607 0.954855
v 13.080300 2.480467 1.181671
v 13.070822 2.570766 1.033209
v 13.067337 2.596529 1.506361
v 13.024529 2.577653 1.216771
v 13.076224 2.664512 1.366915
v 13.061737 2.748056 1.303672
v 13.096339 2.800000 0.825000
v 13.016579 3.056583 0.843720
v 13.069873 2.570170 1.371820
v 13.087482 2.619459 0.952466
v 13.120921 2.672720 1.179739
v 13.074543 2.616371 1.618696
v 13.090015 2.561365 0.869201
v 13.068794 2.720732 0.909409
v 13.134314 2.688357 1.065309
v 13.095582 2.742364 1.427921
v 13.094373 2.876685 0.992594
v 13.118433 2.774032 0.984670
v 13.079079 2.791072 1.526518
v 13.113638 3.024502 0.982812
v 13.114130 2.957473 1.312974
v 13.118013 3.019231 1.465484
v 13.115202 3.021993 1.571629
v 13.135865 3.188078 1.544443
v 13.084681 3.296480 1.103675
v 13.126619 3.212099 1.389228
v 13.134768 2.868484 1.080913
v 13.123374 2.861606 1.187507
v 13.122660 3.011398 1.088313
v 13.138437 3.082964 1.289838
v 9.624343 1.597679 2.140397
v 9.912289 1.021549 2.118505
v 9.797198 1.302597 2.118643
v 10.103867 1.222610 2.154165
v 10.057404 0.952030 2.137546
v 10.040127 1.394729 2.153175
v 10.197974 1.590334 2.146759
v 10.302847 1.132993 2.128262
v 10.298347 1.347401 2.163113
v 10.423887 1.471639 2.127691
v 10.467920 1.313810 2.134237
v 0.860393 4.306785 1.495451
v 1.210661 4.303634 1.429533
v 1.346487 4.301295 1.245499
v 1.629457 4.295728 1.586321
v -3.679198 -0.815914 0.848337
v -3.699996 -0.642235 1.257550
v -3.683112 -0.709938 1.102535
v -3.685510 -0.603122 1.372500
v -3.701055 -0.264653 1.130583
v -3.679612 -0.246152 1.402150
v -3.688205 0.221182 0.995163
v -3.636712 -0.864084 1.397174
v -3.527292 -0.326482 1.433862
v -3.503803 -0.171261 1.761113
v 1.616025 4.294800 1.021618
v 1.980180 4.288891 1.737981
v 1.713252 4.299641 1.341954
v 2.028077 4.292131 1.352447
v 2.073930 4.295218 0.922049
v 2.248846 4.297812 1.397440
v 6.540269 -2.955362 2.110841
v 6.664134 -2.530557 2.138287
v 6.615898 -2.753527 2.119804
v 7.058794 -2.996440 2.106327
v 6.831436 -2.822713 2.155564
v 6.968916 -2.671199 2.124765
v 7.169264 -2.911101 2.142050
v 3.861987 -1.721859 -0.319511
v 3.868197 -1.551188 -0.644274
v 3.949966 -1.758891 -0.384943
v 11.974999 -5.425000 2.086024
v 12.175000 -5.433983 2.125000
v 12.168496 -5.399158 2.084087
v 12.228056 -4.864231 2.099593
v 12.241041 -5.430477 2.085259
v 12.337500 -5.400000 2.112633
v 12.216593 -5.062295 2.104699
v 12.224999 -5.450167 2.075000
v 12.325000 -5.425000 2.107366
v 12.325000 -5.475000 2.090912
v 12.352318 -5.075000 2.125000
v 12.362499 -4.875000 2.108283
v 12.744032 -4.965370 2.115695
v 12.549999 -5.000000 2.116230
v 12.600000 -5.092642 2.123621
v 12.780677 -4.948758 2.125000
v 12.678092 -5.076680 2.116190
v -3.495370 -3.109880 1.973272
v -3.501736 -2.931774 1.986557
v -3.504966 -2.823523 1.617576
v -3.514534 -2.634542 2.012755
v -3.509710 -2.820279 1.844195
v -3.519612 -2.371967 1.671289
v -3.479809 -2.801076 2.084249
v -3.378581 -3.124796 1.850799
v -3.333974 -2.938916 1.942505
v -3.386688 -2.863965 1.866439
v -3.498544 -3.125112 2.083749
v -3.320856 -3.064330 1.922564
v -3.415454 -2.851632 1.537275
v -3.095661 -2.885056 1.948055
v -3.007431 -3.093477 -0.925058
v -3.061949 -3.086179 -0.855393
v -3.055160 -2.855239 -0.738957
v -3.046968 -2.560427 -0.778292
v -2.945899 -2.661936 -0.814471
v -3.010214 -2.435951 -0.900185
v -2.906283 -2.907507 -0.741958
v -2.927490 -2.856712 -0.783638
v -2.890716 -2.725907 -0.786896
v -2.864633 -2.419955 -0.881040
v -2.770806 -2.904204 -0.823535
v -2.626875 -2.474905 -0.878719
v -2.611528 -2.626984 -0.723274
v -2.598253 -2.909535 -0.877432
v -2.617305 -2.785965 -0.823604
v -2.545290 -3.041901 -0.846969
v -2.533066 -2.702931 -0.887242
v -2.496437 -2.755159 -0.916951
v -2.432751 -3.102643 -0.917367
v -2.429443 -3.118823 -0.748091
v -2.561156 -2.376076 -0.918034
v 2.654512 4.295128 1.294520
v 2.835395 4.296504 1.163912
v 3.013348 4.285789 1.496198
v 3.049536 4.284955 0.956909
v 4.015377 3.828732 0.764374
v 4.002728 3.824693 1.388882
v 4.003768 4.210591 0.850062
v -3.468807 1.738260 2.071245
v -3.478204 2.047526 1.982114
v -3.472115 2.487561 2.066360
v -3.469519 1.656032 2.090721
v -3.478791 2.240787 2.007814
v -3.437790 2.065378 2.085073
v -2.992137 2.273704 2.096309
v -3.530065 -2.425000 -0.700000
v -3.525000 -2.420490 -0.525000
v -3.523472 -2.425000 -0.550000
v -3.521395 -2.405163 -0.079552
v -3.506291 -2.425000 -0.475000
v -3.475000 -2.380538 -0.475000
v -3.503897 -2.375000 -0.425000
v -3.475000 -2.375000 -0.462051
v -3.475000 -2.400000 -0.300374
v -3.393948 -2.406909 -0.260334
v -3.493621 -2.435498 -0.074267
v -3.328413 -2.375000 -0.486207
v -3.309704 -2.375002 -0.575316
v -3.324654 -2.421472 -0.097269
v 3.315098 4.287366 1.054837
v 3.212448 4.287015 1.483834
v 3.409042 4.288029 1.334325
v 3.685898 4.281765 1.108440
v 3.770787 4.281654 1.059014
v 3.948991 4.279593 1.326743
v 3.878339 4.276552 1.569968
v 3.968073 4.274093 0.814052
v 4.001428 4.088408 1.120259
v 3.988419 4.229008 1.283537
v 4.070590 0.886130 0.088141
v 4.114723 0.822449 0.277287
v 4.087837 0.827403 0.575581
v 4.061426 0.825420 0.768492
v 4.100267 0.923757 0.082261
v 4.132750 0.871165 0.135454
v 4.145689 0.868991 0.451832
v 4.157615 0.987500 0.206964
v 4.153018 1.127795 0.654026
v 4.153567 0.989425 0.524355
v 4.166937 1.259595 0.873447
v 4.154319 1.337393 0.711510
v 4.167890 1.278923 0.264885
v 4.160195 1.484772 0.359009
v 4.161117 1.648248 0.872337
v 4.474947 1.250000 0.691026
v 4.479996 1.534372 0.662194
v 4.454900 1.425030 0.748629
v 4.084001 -2.713693 2.076619
v 4.089638 -2.410776 2.073430
v 4.092574 -3.241663 2.072681
v 4.083626 -2.375194 1.665659
v 4.163845 -2.463629 2.061245
v 4.251475 -2.420580 2.070554
v 4.468190 -2.462955 2.112786
v 4.187143 -2.927225 2.091733
v 4.464972 -3.067126 2.113118
v 4.664233 -2.448628 2.108339
v 2.443792 -3.125332 -0.778686
v 2.412033 -3.051453 -0.600810
v 2.533514 -3.055226 -0.530681
v 2.604707 -2.898979 -0.516426
v 2.693577 -2.895169 -0.474787
v 2.703534 -2.933687 -0.816924
v 2.670872 -2.810730 -0.655422
v -0.050104 -3.729044 0.904918
v 0.257236 -3.463826 0.824108
v 0.281250 -3.776553 0.820715
v 0.047785 -3.457558 0.280627
v 0.181024 -3.462512 0.555913
v 0.407682 -3.457675 0.132114
v 0.260779 -3.757556 0.858064
v 0.463948 -3.428839 0.035374
v 0.472522 -3.321246 0.030628
v 0.677951 -3.443457 -0.060378
v 0.469978 -3.462895 0.521961
v 0.692990 -3.780982 0.823031
v 0.638987 -3.460175 0.826480
v 0.557019 -3.734521 0.905660
v 0.656957 -3.458681 0.411129
v 0.729207 -3.429816 -0.037120
v 8.993750 -8.606661 2.106119
v 8.832321 -8.221656 2.104426
v 8.900000 -8.250000 2.109829
v 8.875000 -8.339083 2.078232
v 8.966620 -8.682257 2.096292
v 9.575000 -8.473563 2.125000
v 9.585222 -8.495858 2.121909
v 9.667765 -8.552509 2.114988
v 4.081448 3.224099 0.102666
v 4.102364 3.123362 0.124100
v 4.097622 3.273754 0.178192
v 4.171997 2.559584 0.586879
v 4.171479 2.687481 0.236224
v 4.174150 2.814890 0.633842
v 4.166939 3.101047 0.647416
v 4.174244 3.006990 0.090659
v 4.173699 2.973947 0.389746
v 4.172775 3.119233 0.200749
v 4.171264 3.122788 0.910785
v 4.136817 3.182227 0.267506
v 4.181129 2.500344 0.799001
v 4.186156 3.240478 0.621926
v 4.925000 3.007128 0.725000
v 4.698805 3.069454 0.786946
v 4.723691 3.184168 0.838982
v 4.658767 3.025000 0.775000
v 4.725000 3.225000 0.823798
v 4.789454 3.196238 0.775000
v 4.945731 3.059558 0.812915
v 4.437594 4.088078 1.342945
v 4.431437 4.120216 1.417395
v 4.407724 4.108913 1.516873
v 4.422670 4.197455 1.475219
v 4.494143 4.076419 1.625684
v 4.423936 4.044610 1.287155
v 4.511361 4.172991 1.437849
v 4.496968 4.108774 1.483297
v 4.438277 4.201218 1.344328
v 4.505936 4.143018 1.610616
v -0.749652 -2.902849 0.182256
v -0.229179 -2.930514 0.043290
v -0.026389 -3.143535 0.029452
v 4.116477 3.162489 1.859673
v 4.126976 3.173305 0.930540
v 4.185841 3.237727 1.175950
v 4.172331 2.320214 0.874737
v 4.172163 2.823757 0.874491
v 4.175000 2.875000 0.875729
v 4.173418 2.925000 0.875000
v 4.175000 2.925000 0.875549
v 4.174595 2.975000 0.875000
v 4.175000 2.975000 0.875141
v 4.174938 3.025000 0.875000
v 4.175000 3.025000 0.875023
v 4.175000 3.028521 0.875000
v 4.179842 3.035498 0.865325
v 4.243305 3.056088 0.919843
v 4.246619 3.119178 1.202467
v 4.411306 2.757463 0.968272
v 4.386786 3.168458 1.144051
v 4.379122 3.058447 0.983955
v 4.443639 3.104788 0.987872
v 4.368568 3.124728 1.311790
v 4.478944 2.663806 0.921793
v 4.525000 2.942034 0.825000
v 4.508352 2.974757 0.922384
v 4.449361 3.206432 0.970854
v 4.595276 3.013261 0.880759
v 4.532117 3.063265 0.877963
v 4.591070 3.000000 0.825000
v 4.525000 3.078576 0.825000
v 4.720918 3.051221 0.898108
v 4.614830 3.021696 0.834803
v 4.786891 2.960902 0.884809
v 3.244097 2.077506 0.928864
v 3.463058 1.828686 0.843342
v 3.438098 2.074735 0.929054
v 3.465748 1.782833 1.081272
v 3.530381 1.874728 0.838315
v 3.539521 1.830658 1.078401
v 3.703686 1.990366 0.917977
v 3.531468 1.985034 0.932277
v 3.511874 2.284784 0.926872
v 3.937255 2.048211 0.929549
v 3.674414 2.005742 0.966820
v 3.654243 2.195437 0.943588
v 3.915329 2.266180 0.925816
v 3.878537 2.230900 0.859482
v 3.275858 1.572846 2.129654
v 3.408689 2.487809 2.114078
v 3.396382 2.063392 2.119630
v 3.476701 1.753721 2.120340
v 3.734181 1.789453 2.120705
v 4.009713 1.715755 2.117535
v 4.022673 2.184848 2.113384
v 4.141550 1.960495 2.078132
v 4.115601 2.073916 1.465778
v 4.132575 2.090226 2.008474
v 4.131946 2.161347 2.075483
v 4.188469 2.141721 1.711825
v 4.210180 1.993916 1.874387
v 4.137521 2.025221 2.012802
v 4.220000 2.073493 2.015492
v 4.264989 2.128210 1.929375
v 4.308929 2.123460 2.103868
v 4.353713 1.633798 2.111308
v 4.289325 1.876228 2.112833
v 4.656736 1.833681 2.113105
v 4.698682 1.587315 2.108185
v 4.100269 3.330703 0.221363
v 4.068518 3.389880 0.288915
v 4.083125 3.594031 0.550957
v 4.089807 3.700824 0.688129
v 4.111377 3.338864 0.297799
v 4.092225 3.328947 0.375006
v 4.085998 3.483678 0.425512
v 4.109761 3.453933 0.547291
v 4.091927 3.536600 0.477091
v 4.117432 3.645535 0.720109
v 4.180296 3.639705 0.509372
v 4.131506 3.725670 0.776709
v 4.108038 3.781173 0.706499
v 4.174446 3.302785 0.063789
v 4.174980 3.458542 0.287757
v 4.159814 3.444864 0.599076
v 4.168626 3.706868 0.516910
v 4.173249 3.321121 0.467471
v 4.186749 3.684309 0.054091
v 4.224432 0.025000 -0.875000
v 4.225000 0.025000 -0.875729
v 4.225000 -0.025000 -0.816690
v 4.181693 0.075000 -0.825000
v 4.175000 0.188460 -0.825000
v 3.604842 -3.787839 0.897201
v 3.746601 -3.621721 0.927966
v 3.915654 -3.501087 0.876800
v 3.970708 -3.783448 0.844301
v 3.872629 -3.709918 0.918372
v 3.967345 -3.479072 1.126424
v 3.998689 -3.796247 0.919871
v 3.998070 -3.650646 1.249489
v 3.968179 -3.473507 0.912959
v -2.116917 -0.115984 0.334018
v -2.092030 -0.109815 0.159476
v -1.969883 -0.121938 0.327319
v -1.845034 -0.310525 -0.002361
v -1.788735 -0.354121 0.088588
v -1.748109 -0.112845 0.078560
v -1.650876 -0.065446 0.076984
v 6.430305 4.297438 0.130973
v 0.054275 0.126422 -0.900245
v 0.140356 0.393052 -0.883358
v 0.199371 0.529285 -0.805835
v 0.311275 0.583196 -0.775848
v 0.259087 0.627744 -0.874112
v 0.222168 0.882597 -0.897448
v 0.413067 0.434833 -0.886952
v 0.466707 0.497461 -0.869265
v 0.305804 0.630452 -0.867149
v 0.466272 0.741117 -0.888672
v 0.618194 0.652697 -0.875134
v 0.482481 0.833435 -0.882008
v 0.769253 0.364848 -0.888140
v 0.822912 0.608956 -0.788723
v 0.741116 0.639432 -0.883543
v 0.174891 -9.575001 0.474809
v 0.222629 -9.579568 0.529223
v 0.775254 -9.575998 0.424912
v -0.090907 1.462165 -0.898944
v 0.126945 0.919637 -0.878091
v 0.187795 1.030452 -0.889843
v 0.281053 1.323323 -0.891480
v 0.615254 1.284106 -0.894284
v 0.719635 1.751928 -0.893489
v 0.791302 0.980084 -0.892174
v -3.687409 0.157808 0.030386
v -3.680441 0.202093 0.218195
v -3.687982 0.192390 0.604689
v -3.683093 0.432693 0.340959
v -3.681337 0.472811 0.766314
v -3.675628 0.688609 0.232257
v -3.679939 0.623599 0.500252
v -3.579420 0.171101 0.042542
v -3.599145 0.237728 0.193832
v -3.425000 0.167643 0.025000
v -3.558620 0.178600 0.175217
v -0.610567 0.367909 -0.891616
v -0.517412 0.740939 -0.903086
v -0.168148 0.145471 -0.882808
v -0.168857 0.424109 -0.889595
v -0.156546 0.841598 -0.892087
v -0.058696 0.233924 -0.788945
v -0.095173 0.663530 -0.838496
v -0.018613 0.698386 -0.883872
v -0.018013 0.388806 -0.895136
v -0.121868 0.441276 -0.850091
v 0.772677 0.284627 -0.618558
v 0.873539 0.517724 -0.773766
v 0.975376 0.112840 -0.160475
v 0.838895 0.417805 -0.157181
v 0.875501 0.592752 -0.725355
v 0.958509 0.606023 -0.740016
v 0.891190 0.604621 -0.596784
v 0.803960 0.613698 -0.286821
v 0.883453 0.718561 -0.354323
v 0.836183 0.386102 -0.507614
v 0.938088 0.534424 -0.522431
v 1.003677 0.569755 -0.682450
v 1.044043 0.625636 -0.634595
v 0.929266 0.676982 -0.654307
v 0.963032 0.270767 -0.419957
v 1.042861 0.324163 -0.457164
v 0.985129 0.532219 -0.598643
v 1.129653 0.253708 -0.673999
v 1.007291 0.688221 -0.405194
v 1.124779 0.833921 -0.160336
v 1.165101 0.356951 -0.544725
v 1.074046 0.371890 -0.281527
v 1.136511 0.648701 -0.510954
v 1.076353 0.591688 -0.258026
v 1.168643 0.781564 -0.181324
v 1.133005 0.715428 -0.583067
v 1.120534 0.776135 -0.398167
v 1.124505 0.421720 -0.471615
v 1.148423 0.301177 -0.422847
v 1.173689 0.530725 -0.272871
v 1.126334 0.834974 -0.510804
v 1.124477 0.733375 -0.319718
v 1.229638 0.222790 -0.180321
v 1.226227 0.391002 -0.629072
v 1.225074 0.430075 -0.280855
v 1.275451 0.851819 -0.230523
v 1.208341 0.302797 -0.161229
v 1.263933 0.438655 -0.828220
v 1.325185 0.236120 -0.688990
v 1.319402 0.288025 -0.606524
v 1.278619 0.395899 -0.338306
v 1.435885 0.350976 -0.271546
v 1.305881 0.534960 -0.171213
v 1.354821 0.794025 -0.259471
v 1.329341 0.278910 -0.490596
v 1.327343 0.314086 -0.340755
v 1.308193 0.335103 -0.119786
v 1.338409 0.823307 -0.173105
v 1.324323 0.100387 -0.716182
v 1.395085 0.306975 -0.157208
v 1.379126 0.472676 -0.118168
v 1.466114 0.496864 -0.125029
v 1.467478 0.164056 -0.168854
v 1.467701 0.210331 -0.063930
v 1.457653 0.088207 -0.686673
v 1.483118 0.505670 -0.070486
v 1.513338 0.660203 -0.522477
v 1.678281 0.906739 -0.481550
v 1.681839 0.829709 -0.642671
v 8.064417 -1.671112 2.144059
v 8.532413 -1.804028 2.127050
v 8.382765 -2.318272 2.125799
v 8.470449 -2.040991 2.111742
v 0.840727 0.536829 -0.879370
v 0.874913 0.734759 -0.775388
v 0.957339 0.460167 -0.867778
v 0.953704 0.600314 -0.884213
v 0.967415 0.694648 -0.790411
v 0.834743 0.902554 -0.875919
v 0.859241 0.399391 -0.881077
v 1.006572 0.569096 -0.800693
v 1.068166 0.642612 -0.879676
v 1.052122 0.675814 -0.829023
v 1.165696 0.120348 -0.876628
v 1.091631 0.322428 -0.894063
v 1.123437 0.473071 -0.818544
v 1.174776 0.131326 -0.748886
v 1.171108 0.367640 -0.815306
v 1.078180 0.501233 -0.888486
v 1.116750 0.843869 -0.891367
v 1.306698 0.851249 -0.883134
v 1.306991 0.245633 -0.822142
v 1.325410 0.373403 -0.882538
v 1.523760 0.676323 -0.873831
v 1.426844 0.822274 -0.878614
v 1.452947 0.495971 -0.894597
v 1.051549 1.124753 -0.895015
v 1.201340 0.859530 -0.884888
v 1.318078 0.989507 -0.884416
v 1.438971 0.999900 -0.889282
v 1.537856 0.922243 -0.774254
v 1.545953 1.246798 -0.885593
v 1.630781 0.899377 -0.854353
v 1.577284 1.126658 -0.888971
v 8.781782 0.059707 2.063684
v 8.966283 0.222264 2.068059
v 9.164786 0.237614 2.111816
v 9.066411 0.026729 2.090780
v 9.110935 0.147729 2.142425
v 8.984017 0.351035 2.103291
v 9.361627 0.023920 2.115878
v 9.466209 0.858083 2.128292
v 9.389944 0.138020 2.170444
v 9.607459 0.053680 2.118304
v 9.386189 0.425434 2.123260
v 9.663125 0.691019 2.127148
v 9.701744 0.216864 2.124970
v 9.753754 0.381814 2.116281
v 9.643750 0.100552 2.175000
v 9.916109 0.278226 2.124896
v 9.937500 0.045240 2.178587
v 9.775833 0.203999 2.175000
v 10.096775 0.621786 2.132045
v 9.913569 0.070520 2.127874
v 10.025000 0.025000 2.218184
v 9.936772 0.212176 2.175475
v 10.114347 0.245842 2.111164
v 10.018539 0.077362 2.225000
v 10.094980 -0.005224 2.119486
v 10.026192 0.370091 2.152737
v 10.280746 0.298262 2.143409
v 10.501600 0.433857 2.123932
v 10.343341 0.131367 2.155798
v -2.401518 1.024293 -0.875238
v -2.394955 1.425367 -0.734135
v -2.367538 1.536574 -0.827379
v -2.299220 0.931367 -0.829979
v -2.322063 1.220739 -0.832254
v -2.319355 1.266467 -0.778574
v -2.220549 1.477765 -0.822973
v -2.332516 1.484081 -0.878543
v -2.274032 1.169380 -0.841373
v -2.143113 1.168258 -0.907508
v -2.180085 1.371005 -0.891412
v -2.296375 1.351174 -0.837969
v -2.237386 1.433601 -0.873905
v -2.239645 0.829583 -0.876236
v -2.296809 0.910306 -0.905801
v -2.217587 1.386055 -0.796111
v -2.177158 0.803618 -0.825089
v -2.129058 1.514742 -0.869700
v -2.093153 1.411569 -0.907522
v -1.921563 0.893475 -0.907887
v -2.078866 1.553628 -0.910073
v -2.023999 0.876197 -0.866726
v -1.742164 1.198992 -0.909636
v -1.772783 1.554562 -0.908258
v -1.715633 1.267068 -0.864349
v -1.646043 1.423059 -0.885914
v -1.621756 1.435234 -0.779495
v -1.628068 1.494608 -0.854015
v -1.470259 1.021697 -0.898262
v -1.577087 1.266940 -0.826470
v -1.570410 1.371818 -0.772797
v 0.766626 0.814081 -0.584010
v 0.949427 1.014889 -0.216215
v 0.886841 0.930853 -0.277707
v 0.998581 0.894780 -0.538645
v 0.838782 0.941629 0.027499
v 0.996556 1.099659 -0.026168
v 1.181358 0.949149 -0.202630
v 1.105159 0.873395 -0.305806
v 1.115441 0.914417 0.024360
v 1.195973 1.036265 -0.045923
v 1.414824 0.856540 -0.473570
v 1.418743 0.821932 -0.521680
v 1.446551 0.953176 -0.273228
v 1.397392 1.120955 -0.325647
v 1.402326 1.251176 -0.018867
v 1.530875 0.903693 -0.592944
v 1.428556 1.058672 -0.233299
v 1.421473 1.135402 -0.576665
v 1.621699 0.815248 -0.247330
v 1.509749 0.956141 -0.227445
v 1.489417 1.069691 -0.633880
v 1.386295 1.168814 -0.034902
v 1.535414 1.331878 -0.025383
v 1.396270 0.903272 -0.220895
v 1.427188 1.008288 -0.402597
v 1.433143 1.158857 -0.284627
v 1.555116 1.271212 -0.214135
v 3.385776 -3.227372 -0.889533
v 3.510767 -3.493849 -0.828299
v 3.427567 -3.403171 -0.889441
v 3.953497 -3.491442 -0.827318
v 4.012983 -3.385677 -0.893044
v 4.036798 -3.380060 -0.875524
v -0.839134 -7.357253 2.070574
v -0.673323 -7.627340 2.075147
v -0.371664 -7.805152 2.076017
v -0.515336 -7.715019 2.066653
v -0.094392 -7.639228 2.068676
v -0.050155 -7.257084 2.072365
v 4.075992 -4.418203 1.444933
v 4.086355 -4.448931 0.889721
v 4.016749 -4.305738 0.957185
v 4.007073 -4.260498 1.552890
v 4.200000 -4.479584 0.950000
v 4.130561 -4.490925 0.974552
v 4.134706 -4.476325 1.285779
v 4.250000 -4.459569 1.106250
v 4.225894 -4.474571 1.152290
v 4.275000 -4.421791 1.600000
v 2.560396 0.104532 -0.890477
v 2.505329 0.735741 -0.896811
v 2.535201 0.497800 -0.895232
v 2.525000 0.625000 -0.895591
v 2.525149 0.724935 -0.895258
v 2.575000 0.625000 -0.874356
v 2.575000 0.673428 -0.875000
v 2.575000 0.675000 -0.875025
v 2.575000 0.677137 -0.875000
v 2.573933 0.725000 -0.875000
v 2.575064 0.675000 -0.875000
v 2.625000 0.675000 -0.858931
v 2.655423 0.161310 -0.866011
v 2.664487 0.379203 -0.852932
v 2.713822 0.007597 -0.876572
v 2.634219 0.820075 -0.876383
v 2.944246 0.674836 -0.878702
v 2.828809 0.250645 -0.895495
v 3.027524 0.679600 -0.837144
v 3.075268 0.743149 -0.853641
v 3.307985 0.190007 -0.896835
v 3.048284 0.683872 -0.776007
v -3.031199 -2.187156 2.095626
v -2.663978 -2.102060 2.097740
v -0.110169 2.070231 -0.900363
v 0.168161 2.266747 -0.740281
v -0.141306 2.257509 -0.873212
v 0.196968 1.759275 -0.897289
v 0.482115 2.214639 -0.897848
v 0.533855 2.259831 -0.871422
v 0.840804 -0.363091 -0.842967
v 0.962039 -0.163033 -0.885010
v 0.809664 -0.237602 -0.883459
v 1.018514 -0.265582 -0.862140
v 0.760803 -0.425373 -0.884318
v 1.061059 -0.629247 -0.883395
v 1.178083 -0.611039 -0.890947
v 1.119153 -0.329483 -0.879577
v 1.232062 -0.130269 -0.833228
v 1.309397 -0.522517 -0.878353
v 1.333989 -0.139626 -0.879957
v 1.460714 -0.451491 -0.879373
v 1.541097 -0.169478 -0.868125
v 1.473776 -0.580333 -0.895363
v 1.563776 -0.453571 -0.877723
v 1.617486 -0.324420 -0.826992
v 1.492320 -0.100291 -0.879044
v 2.592794 -2.877825 2.113089
v 2.857689 -2.937519 2.101986
v 2.648361 -2.577430 2.113247
v 2.772135 -2.704975 2.099639
v 3.002625 -2.411608 2.104762
v 3.244370 -2.505189 2.106625
v 1.157474 1.046219 0.030810
v 0.041589 -9.549258 0.932128
v 0.154439 -9.530634 1.101175
v 0.040589 -9.536573 1.246714
v -0.022085 -9.497637 1.666116
v 0.235265 -9.513407 1.504923
v 0.261469 -9.538784 1.082115
v 0.444245 -9.540005 1.267422
v 0.416815 -9.540462 0.906078
v 0.497546 -9.539515 1.388516
v 0.458363 -9.490745 1.519012
v 0.660379 -9.514940 1.459353
v 0.565690 -9.539577 1.034024
v 0.695780 -9.557772 1.284567
v 0.700200 -9.542847 0.877286
v 0.771614 -9.501603 1.659130
v 4.727455 2.510803 2.121128
v 5.184609 3.147416 2.114016
v 5.099136 2.805322 2.116121
v 5.509287 3.041660 2.131393
v 5.478567 2.591089 2.113832
v 3.966962 3.558461 -0.169908
v 4.134880 3.438494 -0.173638
v 3.976650 3.491082 -0.648907
v 4.182594 3.672316 -0.186201
v 4.106768 3.783241 -0.186184
v 4.177441 3.205892 -0.035982
v 4.192982 3.276569 -0.681846
v 4.193440 3.583148 -0.685126
v 4.165399 3.462360 -0.124646
v 2.543597 -1.385597 -0.872334
v 2.531304 -0.863907 -0.876588
v 2.760444 -1.385777 -0.886102
v 0.972203 2.232599 -0.879668
v 1.039226 2.290287 -0.884307
v 1.017377 2.278217 -0.787203
v 0.972468 2.119766 -0.894894
v 1.283743 1.689296 -0.895127
v 1.664022 1.231484 -0.887237
v 1.739328 0.867252 -0.875282
v 1.728541 0.958536 -0.776231
v 1.730254 0.857762 -0.788281
v 1.870709 0.933637 -0.877374
v 1.876050 1.064623 -0.850612
v 1.873384 1.117268 -0.880645
v 2.036187 1.244746 -0.880132
v 2.017609 0.869743 -0.877894
v 2.194263 0.917576 -0.861066
v 2.120131 1.209978 -0.881910
v 2.013183 1.490200 -0.892385
v 2.269677 0.997477 -0.872489
v 2.325013 1.044208 -0.777392
v 2.366831 0.973918 -0.760444
v 2.378749 1.227269 -0.883141
v 2.814357 2.064198 2.120467
v 2.849283 1.739921 2.130603
v 3.088199 1.904656 2.121757
v 3.101122 2.201911 2.118850
v 6.454225 -9.554072 1.620760
v 6.511276 -9.571882 1.965541
v 6.525795 -9.518985 2.025099
v 6.596366 -9.574016 2.026431
v 6.765175 -9.536626 2.075000
v 6.618774 -9.548974 1.664762
v 6.984087 -9.544219 1.792356
v 6.878055 -9.571608 1.925204
v 6.787028 -9.578137 2.026209
v 7.012500 -9.533854 2.087269
v 6.781250 -8.912500 2.095358
v 7.062710 -8.933935 2.106219
v 6.997122 -9.548431 1.987203
v 7.144401 -8.795678 2.118567
v 7.113150 -9.524179 2.105016
v 7.124283 -9.543858 1.640466
v 7.276823 -9.544648 2.088514
v 7.304006 -9.494204 2.125000
v 7.128125 -9.056251 2.108649
v 7.225000 -9.125001 2.117939
v 1.712001 0.051364 -0.897298
v 1.835104 0.730599 -0.855140
v 1.809952 0.656651 -0.886745
v 2.214606 -0.085093 -0.892530
v 2.269057 0.674096 -0.887426
v 2.275180 0.725207 -0.822153
v 2.282323 0.825116 -0.872433
v 0.069031 2.777530 -0.810133
v 0.232819 2.701759 -0.846213
v 0.228618 2.560696 -0.925493
v 0.230733 2.518655 -0.827167
v 0.269127 2.674176 -0.896170
v 0.340740 2.621096 -0.875919
v 0.495697 2.900799 -0.920575
v 0.438887 2.857283 -0.705077
v 0.477399 2.724147 -0.873745
v 0.499687 2.996288 -0.844661
v 0.513869 3.079601 -0.790183
v 0.612226 2.916198 -0.863165
v 0.709949 3.106632 -0.788389
v 0.526758 3.125243 -0.891580
v 0.675000 2.975000 -0.800467
v 0.714568 3.259501 -0.824326
v 0.751702 2.716190 -0.803045
v 0.697645 2.787944 -0.841518
v 0.725000 3.025000 -0.775000
v 0.732578 3.266697 -0.887587
v 0.720518 3.075866 -0.890250
v 0.805459 2.853042 -0.885217
v 0.836731 2.749088 -0.804601
v 0.776523 2.931989 -0.765951
v 0.830239 3.093207 -0.890007
v 1.606655 -3.399788 -0.028814
v 1.625000 -3.325000 -0.059483
v 1.691026 -3.287212 -0.365814
v 1.625000 -3.275000 -0.075000
v 1.625000 -3.275000 -0.075000
v 1.625000 -3.275000 -0.075000
v 1.681189 -3.234689 -0.079529
v 1.675000 -3.232207 -0.075000
v 1.587100 -3.197690 -0.151351
v 1.665762 -3.322290 -0.531984
v 1.686602 -3.232271 -0.631260
v 1.769288 -3.196470 -0.419303
v 1.819579 -3.274850 -0.050014
v 1.820414 -3.169958 -0.147931
v 2.166266 -3.218192 0.048360
v 2.252074 -3.418389 -0.711608
v 2.231233 -3.416141 -0.393311
v 2.294035 -3.472800 -0.758725
v 2.312611 -3.301872 -0.646019
v 2.293983 -3.330104 -0.487914
v 2.299341 -3.412343 -0.237282
v 2.287243 -3.208268 -0.292570
v 2.371785 -3.428335 -0.760499
v 2.340512 -3.272105 -0.030285
v 2.297883 -3.473723 -0.364815
v 2.454862 -3.314667 -0.664367
v 2.460048 -3.154220 -0.702481
v -3.551224 -6.283115 1.379215
v -3.567352 -6.198570 0.983892
v -3.564436 -6.166504 1.151904
v -3.540035 -6.047021 0.823800
v -3.569093 -5.897336 0.944300
v -3.568063 -6.003600 1.207837
v -3.545425 -5.995444 1.392473
v -3.564703 -5.761167 1.036017
v -3.544153 -5.675756 1.157156
v -3.493830 -5.570346 0.958419
v -3.543890 -5.638251 1.369312
v -3.568860 -5.794518 1.379691
v -3.476893 -6.105727 1.422502
v -3.423823 -6.246414 1.629851
v -3.422354 -5.740540 1.470713
v -3.415629 -6.269094 1.476304
v -3.428269 -5.996457 1.471836
v -3.423538 -5.521117 1.469621
v 0.123018 3.308900 -0.869972
v 0.060919 3.917448 -0.859790
v 0.039053 3.413991 -0.897231
v 0.134022 3.925144 -0.785878
v 0.173600 3.396995 -0.898907
v 0.413352 3.307038 -0.903162
v 0.219546 3.926193 -0.869869
v 0.507822 3.870482 -0.907390
v 0.340778 3.382090 -0.863602
v 0.557884 3.763660 -0.902704
v 0.580805 3.242304 -0.892782
v 0.545953 3.387892 -0.908721
v 0.465248 3.929252 -0.884024
v 9.834374 -3.750921 2.137269
v 9.745965 -3.981905 2.099402
v 9.664915 -3.866336 2.123295
v 9.754301 -3.475656 2.126611
v 9.906930 -3.603157 1.698892
v 9.900224 -3.567523 1.959828
v 9.873982 -3.577954 2.093396
v 9.883149 -3.523335 1.817980
v 10.075509 -3.811064 2.129467
v 9.994882 -3.703888 2.125000
v 9.991648 -3.668626 1.898689
v 9.931472 -3.532819 1.664766
v 10.033136 -3.740863 1.967729
v 10.113939 -3.711737 1.777391
v 10.012736 -3.520521 1.749542
v 10.131281 -3.530408 1.927491
v 9.888824 -3.497278 2.108993
v 10.061048 -3.906269 2.115741
v 10.119233 -3.781641 1.984354
v 10.070163 -3.741884 1.872801
v 10.171820 -3.564303 1.781659
v 10.077010 -3.274085 2.122897
v 10.091210 -3.700546 1.671120
v 10.114055 -3.739775 2.058951
v 10.145359 -3.554075 2.069070
v 10.224999 -3.608010 1.688295
v 10.229544 -3.670399 1.912500
v 10.188168 -3.706805 1.903006
v 10.217085 -3.690928 2.000307
v 10.225077 -3.678575 1.733465
v 10.204597 -3.625000 1.725000
v 10.224999 -3.626009 1.787500
v 10.228941 -3.575000 1.975000
v 10.299079 -3.814983 2.122786
v 10.325000 -3.675000 2.110612
v 10.154944 -3.959797 2.113354
v 10.326572 -3.458006 2.130648
v -0.460454 0.295304 2.102424
v -0.456118 0.514611 2.102492
v 2.611250 -0.571697 -0.885684
v 2.547038 -0.125428 -0.893610
v 2.624572 -0.112150 -0.820570
v 2.584520 0.064944 -0.757125
v 2.699466 -0.518038 -0.884806
v 2.939242 -0.206507 -0.893157
v 2.866181 -0.726136 -0.884434
v 2.980840 -0.281148 -0.884075
v 3.040283 -0.181768 -0.868545
v 3.003581 -0.446196 -0.876881
v 3.033737 -0.236183 -0.796896
v 3.113255 -0.113623 -0.788579
v 3.233143 -0.690179 -0.883100
v 6.425930 -2.625000 0.850000
v -3.185846 3.827463 0.987734
v -3.112775 3.822047 1.260426
v -3.129363 3.825963 1.586462
v -2.909926 3.824742 0.998732
v -2.997591 3.825365 1.097194
v -2.863007 3.821132 1.718230
v -2.952894 3.820626 1.535769
v -2.690789 3.825762 0.969561
v -2.848764 3.821189 1.433769
v -2.432432 3.822668 1.514847
v -2.670406 3.820295 1.211453
v -2.431107 3.822783 1.008758
v -2.387840 3.907842 1.502340
v 0.863329 3.023198 -0.787566
v 0.918543 2.699716 -0.883269
v 0.986708 2.824902 -0.866505
v 0.939433 3.010245 -0.821472
v 0.958638 3.157721 -0.820566
v 1.039196 2.900664 -0.811121
v 0.922390 3.004628 -0.889791
v 1.079269 3.179682 -0.902680
v 1.179073 2.425011 -0.892913
v 1.132411 2.862934 -0.906428
v 1.510208 2.883238 -0.902131
v 1.566896 2.855618 -0.830632
v 1.516110 3.215037 -0.889807
v 1.599415 2.569484 -0.898068
v 1.587388 2.810250 -0.864843
v 1.677761 2.830691 -0.855126
v 1.726874 3.055778 -0.888352
v 1.727866 3.207263 -0.858824
v 1.952085 2.501283 -0.830503
v 1.947560 2.641533 -0.823428
v 1.881129 2.863048 -0.873116
v 1.975000 3.075000 -0.864734
v 1.983606 3.222875 -0.872372
v 1.886514 2.564044 -0.856582
v 1.960275 2.871340 -0.887628
v 1.915195 3.124907 -0.868492
v 2.029728 3.171380 -0.790126
v 2.062316 2.618651 -0.874295
v 1.973880 2.690846 -0.886527
v 2.087002 2.574762 -0.794059
v 2.121525 3.028741 -0.839572
v 2.196885 2.709910 -0.869581
v 2.115133 2.852160 -0.879887
v 2.215170 3.048148 -0.875608
v 2.285042 3.142319 -0.775141
v 2.290741 2.644355 -0.984596
v 2.278391 2.567063 -0.983461
v 2.365854 2.565313 -0.916686
v 2.324988 2.679276 -0.917540
v 2.329011 2.810052 -0.868976
v 2.328918 2.953870 -0.870141
v -2.475000 -12.276825 1.475000
v -2.508442 -12.125001 1.575000
v -2.400997 -12.328260 1.231740
v -2.409097 -12.332927 1.487343
v -2.428172 -12.309694 1.350000
v -2.472884 -12.269571 1.551898
v -2.475000 -12.091473 1.463918
v -2.461050 -12.069047 1.474889
v -2.475000 -12.075001 1.500345
v -2.335142 -12.347487 1.126765
v -2.356087 -12.331986 1.408517
v -2.373679 -12.290969 0.922028
v -2.393778 -12.283363 1.006573
v -2.450000 -12.320457 1.125000
v 1.641438 -0.282593 -0.872932
v 1.687004 -0.229938 -0.796110
v 1.669823 -0.388935 -0.881106
v 1.789038 -0.727259 -0.889101
v 1.760861 -0.403127 -0.776467
v 1.712995 -0.182307 -0.875289
v 1.773898 -0.245339 -0.799411
v 1.723428 -0.154237 -0.824329
v 1.813394 -0.295322 -0.880970
v 1.833294 -0.335982 -0.758783
v 1.858433 -0.090361 -0.868662
v 1.848803 -0.615646 -0.873516
v 1.999340 -0.330833 -0.881148
v 1.904935 -0.325117 -0.827596
v 1.891677 -0.262407 -0.864165
v 1.905712 -0.031279 -0.891145
v 2.045114 -0.486631 -0.890573
v 2.024716 -0.374327 -0.822642
v 2.070704 -0.371355 -0.880236
v -3.483564 -2.375000 -0.500000
v -3.519394 -2.048576 -0.004477
v -3.483396 -1.884108 -0.245190
v -3.510680 -1.908593 -0.018189
v -3.504216 -1.586414 -0.473798
v -3.506377 -1.583918 -0.246157
v -3.377404 -1.904125 -0.099576
v -3.390805 -1.629790 -0.440389
v -3.375000 -2.425849 -0.275000
v -3.489885 -2.142998 -0.085001
v -3.348191 -1.566035 -0.465958
v -3.149987 -2.182253 -0.108868
v -3.339278 -1.625069 -0.266947
v -3.076162 -1.621229 -0.296940
v 7.144686 1.549042 2.120956
v 7.332991 1.448536 2.131548
v 7.650061 1.309812 2.122577
v 7.863125 1.197037 2.129316
v 7.882419 1.474285 2.141321
v 1.551358 -0.583853 -0.247575
v 1.732538 -0.599481 -0.572437
v 1.637530 -0.462138 -0.336133
v 1.636732 -0.282880 -0.627623
v 1.647730 -0.173404 -0.565975
v 1.697873 -0.238731 -0.625168
v 1.572075 0.024657 -0.398782
v 1.778771 -0.721804 -0.043353
v 1.633750 -0.676747 0.030156
v 1.678691 -0.571796 -0.024593
v 1.735677 -0.604755 -0.317948
v 1.808587 -0.518031 -0.116206
v 1.719712 -0.370297 -0.723956
v 1.678372 -0.322793 -0.735897
v 1.700708 -0.298008 -0.724050
v 1.770443 -0.224061 -0.562906
v 1.736897 -0.153996 -0.493690
v 1.959956 0.018557 -0.574661
v 1.940433 0.008324 -0.274066
v 1.753236 -0.394253 -0.653397
v 1.660476 -0.242744 -0.179921
v 1.806303 -0.414754 -0.422630
v 1.905812 -0.472510 -0.388840
v 1.620050 -0.317870 -0.471280
v 1.820720 -0.442227 -0.180975
v 1.960391 -0.689044 -0.001641
v 1.968858 -0.627028 -0.176164
v 1.961171 -0.543654 -0.576562
v 1.965357 -0.620674 -0.022474
v 1.901217 -0.484309 -0.599596
v 1.915545 -0.444408 -0.264149
v 1.920738 -0.578529 -0.324266
v 1.961415 -0.559259 -0.169809
v 1.847731 -0.319997 -0.577471
v 1.898238 -0.022048 -0.460730
v 1.869597 -0.047101 -0.531874
v 1.980030 -0.520367 -0.276456
v 1.985111 -0.533774 -0.350280
v 1.956651 -0.398143 -0.470118
v 1.995427 -0.207143 -0.494694
v 1.938815 -0.107996 -0.255090
v 2.066210 -0.539388 -0.197978
v 2.009519 -0.181468 -0.282314
v 2.107683 -0.114601 -0.253255
v 2.210709 -0.471394 -0.176937
v 2.290117 -0.516290 -0.202262
v 2.074211 -0.141721 -0.181516
v 2.019376 0.026350 -0.627393
v 2.521434 0.017278 -0.429307
v 1.954073 0.028339 -0.389592
v 2.086916 -0.430770 -0.263431
v 2.403640 -0.525182 -0.172720
v 2.559120 -0.331542 -0.254919
v 11.313646 -4.077852 2.102417
v 11.434375 -4.756250 2.136719
v 11.259837 -4.428501 2.125000
v 11.320369 -4.377828 2.118239
v 11.409502 -3.994690 2.109008
v 11.619085 -4.398496 2.127807
v 11.513333 -4.174547 2.113637
v 11.799999 -4.725000 2.133777
v 11.750000 -4.125000 2.109675
v 11.629876 -4.773302 2.127458
v 11.769843 -4.196070 2.106705
v 11.875000 -4.625000 2.132978
v 11.925000 -4.725000 2.130753
v 11.925000 -4.676010 2.125000
v 11.924270 -4.675000 2.125000
v 11.925000 -4.675000 2.124854
v 11.875000 -4.675000 2.132595
v 11.925000 -4.674694 2.125000
v 11.925000 -4.625000 2.144516
v 12.086103 -4.182126 2.119129
v 11.925509 -4.675000 2.125000
v 11.974999 -4.675000 2.135648
v 12.239102 -4.681250 2.120223
v 12.056050 -4.206991 2.111999
v 2.453531 -0.219963 -0.179418
v 2.504967 -0.019241 -0.256473
v 2.621946 -0.492627 -0.229456
v 2.629835 -0.003569 -0.171524
v 2.578144 -0.058354 -0.296772
v 2.620445 -0.123996 -0.278555
v 2.634269 -0.522456 -0.173912
v 2.657310 -0.092468 -0.232118
v 2.979482 -0.211933 -0.762573
v 3.292001 -0.113686 -0.751656
v 1.742162 -1.246392 -0.886118
v 1.771911 -0.890716 -0.873731
v 2.266011 -1.443224 -0.875698
v 2.298453 -1.103485 -0.876975
v 2.113112 -0.954519 -0.873981
v 2.289579 -0.817163 -0.883489
v 3.262548 2.335950 -0.847137
v 3.472710 1.659676 -0.873414
v 3.438444 1.555750 -0.814505
v 3.403988 2.007205 -0.797808
v 3.380267 1.956565 -0.892923
v 3.465232 2.274527 -0.866357
v 3.505823 1.934140 -0.873990
v 3.528279 1.601216 -0.849551
v 3.822312 1.683983 -0.875424
v 4.086192 2.517898 -0.884828
v 4.066905 1.605192 -0.876273
v 3.877449 2.270535 -0.870280
v 4.015757 2.215151 -0.867501
v 12.825392 1.965589 2.172331
v 12.947617 2.121367 2.161477
v 13.068187 1.774769 2.134869
v 13.075739 2.148836 1.982114
v 13.081310 2.102468 1.659674
v 13.067715 2.269150 1.853509
v 13.059065 2.274300 2.067355
v 13.083792 2.116272 2.127245
v 13.070295 1.711684 1.807118
v 13.067353 1.882351 1.584560
v 13.099409 1.875926 1.967337
v 13.078629 2.144565 1.769933
v 13.071325 2.420915 1.569172
v 4.091147 -6.005834 2.073418
v 4.158266 -6.278567 2.073037
v 4.295537 -5.685159 2.076147
v 4.538757 -6.300929 2.070479
v 4.503509 -5.602858 2.078323
v 4.443127 -6.135721 2.086995
v 4.800779 -6.293357 2.084876
v 4.822247 -5.706250 2.256477
v 4.792327 -5.825824 2.079671
v 4.822165 -6.040905 1.888787
v 4.789282 -6.115243 2.072380
v 4.858237 -5.973598 2.039826
v 4.831542 -5.644972 2.230832
v -3.458838 2.440494 -0.595382
v -3.479161 2.757304 -0.425753
v -3.488136 2.698295 -0.046390
v -3.470074 3.064337 -0.611269
v -3.470239 2.574102 -0.557242
v -3.462254 2.874913 -0.381457
v -3.458510 3.021892 -0.387082
v -3.457081 3.267128 -0.161730
v -3.459484 3.135261 -0.486067
v -3.464928 3.222279 -0.564333
v -3.472085 3.327458 0.197323
v -3.423774 2.629242 -0.635938
v -3.463297 2.733978 -0.621615
v -3.422706 2.850656 -0.385045
v -3.436790 2.839350 -0.593921
v -3.295375 2.446296 -0.574783
v -3.242824 2.624248 -0.565685
v -3.222949 2.418893 -0.860051
v -3.267211 2.786553 -0.572038
v -3.328255 3.089901 -0.437769
v -3.171538 3.025512 -0.372982
v -3.329389 3.225317 -0.867671
v -3.460225 3.350241 -0.870121
v -3.183604 3.330274 -0.875227
v -3.424768 3.275317 -0.451151
v -3.425748 3.376675 -0.559949
v -3.463419 3.348827 -0.467131
v -3.442407 3.361708 -0.069882
v -3.426455 3.429107 -0.358209
v -3.367588 3.395339 -0.360446
v -3.415951 3.394225 -0.089185
v -3.366167 3.364210 -0.457123
v 4.881207 -9.629249 0.878112
v 4.988945 -9.625104 0.674273
v 4.975000 -9.637679 0.550000
v 5.226400 -9.629961 0.526031
v 5.277129 -9.635443 0.574136
v 5.268538 -9.631978 0.808205
v 5.200000 -9.629599 0.787500
v 5.399124 -9.618214 0.760531
v 5.540146 -9.635101 0.828148
v 5.575000 -9.639408 0.375000
v 5.525000 -9.646340 0.375000
v 5.594635 -9.629295 0.350000
v 5.625000 -9.628420 0.425000
v 5.481250 -9.621242 0.723310
v -3.092324 3.353999 -0.908079
v -2.950300 3.401506 -0.897456
v -2.769312 3.360648 -0.897350
v -2.665648 3.359003 -0.888220
v -2.440514 3.690503 -0.880543
v -2.335067 3.537687 -0.902461
v 7.237500 -9.711838 0.726337
v 7.258616 -9.674466 0.779516
v 7.457738 -9.696424 0.819055
v 7.350000 -9.719151 0.727081
v 7.507949 -9.664666 0.775000
v 7.775000 -9.597894 0.775000
v 7.890202 -9.619425 0.825000
v 7.984995 -9.611626 0.821206
v -2.302242 0.822488 -0.757989
v -2.322942 0.973665 -0.634395
v -2.316769 1.023892 -0.354404
v -2.318426 1.095258 -0.599711
v -2.263575 1.076239 -0.468189
v -2.343040 1.136826 -0.656856
v -2.323961 1.148680 -0.406131
v -2.385491 1.296129 -0.657654
v -2.357457 1.341324 -0.392765
v -2.408418 1.566646 -0.207907
v -2.317508 1.555255 -0.302161
v -2.288954 1.203587 -0.575760
v -2.289288 1.236587 -0.476629
v -2.312273 1.418960 -0.645524
v -2.286952 1.425696 -0.380912
v -2.337826 1.534114 -0.691183
v -2.219180 1.192096 -0.385170
v -2.293016 1.316916 -0.706537
v -2.102944 1.367323 -0.395172
v -2.284788 1.571253 -0.438307
v -2.369848 0.961646 -0.499182
v -2.140420 0.833593 -0.623805
v -2.141895 1.086024 -0.566773
v -2.188296 1.192068 -0.495805
v -2.065327 1.408786 -0.666491
v -2.210356 1.396616 -0.449509
v -2.156781 1.520661 -0.682005
v -2.016999 1.047042 -0.522914
v -2.143434 1.234436 -0.672397
v -2.105029 1.232532 -0.592352
v -2.163620 1.244036 -0.490484
v -2.133394 1.297384 -0.420877
v -2.107867 1.328074 -0.495948
v -2.144459 1.533277 -0.614766
v -2.090956 1.584140 -0.225934
v -2.097251 0.897642 -0.378550
v -2.104699 1.107731 -0.673089
v -2.100250 1.085051 -0.396220
v -2.066402 1.065546 -0.715858
v -1.999885 1.350290 -0.738559
v -2.027800 0.860249 -0.578408
v -2.073764 1.063578 -0.497363
v -2.057330 1.198579 -0.743518
v -2.004195 1.349900 -0.601023
v -1.931022 1.315992 -0.559467
v -2.106473 1.476385 -0.516324
v -2.166032 1.591380 -0.279567
v -1.977871 1.171845 -0.603285
v -1.915514 1.090665 -0.638736
v -1.971514 1.411952 -0.353025
v -1.826655 1.425686 -0.731131
v -1.889817 1.031506 -0.681247
v -1.785676 0.881210 -0.208924
v -2.067271 1.139551 -0.368220
v -1.814953 1.122474 -0.669364
v -1.830554 1.157747 -0.349425
v -1.771402 1.409169 -0.673444
v -1.737036 1.000709 -0.321909
v -1.842288 1.163914 -0.561969
v -1.870273 1.306998 -0.462039
v -1.815915 1.245788 -0.359594
v -1.831347 1.550815 -0.211097
v -1.812901 1.250617 -0.608641
v -1.756426 1.356557 -0.722783
v -1.754173 1.452970 -0.314436
v -1.771032 1.515406 -0.459421
v -1.743756 1.286232 -0.675735
v -1.744359 1.309022 -0.306302
v -1.726246 1.434474 -0.474741
v -1.730019 1.478566 -0.386203
v -1.690416 1.585807 -0.480492
v -1.670741 1.324657 -0.677334
v -1.630357 1.367063 -0.734421
v -1.556997 1.499079 -0.283771
v -1.623124 0.898577 -0.097775
v -1.666131 1.046214 -0.071678
v -1.657802 1.048862 -0.176294
v -1.634630 0.990578 -0.290152
v -1.564912 1.138241 -0.534028
v -1.561294 1.158739 -0.270208
v -1.563787 1.289153 -0.289567
v -1.634893 1.336988 -0.071032
v -1.610507 1.301259 -0.178370
v -1.717750 1.459833 -0.727354
v -1.629479 1.481342 -0.555494
v -1.650223 1.376533 -0.201454
v -1.546397 1.034040 -0.474453
v -1.715673 1.261877 -0.476309
v -1.603705 1.266718 -0.421504
v -1.542116 1.210032 -0.549713
v -1.626206 1.393076 -0.562307
v -1.648332 1.388332 -0.414675
v -1.661476 1.446806 -0.375891
v -1.449994 1.626432 -0.390941
v -0.752573 -3.271288 -0.304666
v -0.717497 -3.289233 -0.062161
v -0.669587 -3.281552 -0.478765
v -0.613660 -3.181489 -0.182205
v -0.581167 -3.428438 -0.106334
v -0.624950 -3.372169 -0.024004
v -0.610562 -3.258286 -0.539898
v -0.616423 -3.227503 -0.118055
v -0.684609 -3.286566 -0.629563
v -0.437500 -3.439077 -0.729720
v -0.548782 -3.325221 -0.646253
v -0.524909 -3.464587 -0.176727
v -0.525000 -3.294984 -0.625000
v -0.552088 -3.352740 -0.009605
v -0.466596 -3.459505 -0.822007
v -0.450000 -3.325495 -0.684458
v -0.347351 -3.428277 -0.722025
v -0.372118 -3.417767 -0.190829
v -0.402259 -3.284182 -0.487086
v -0.225000 -3.256801 -0.625000
v -0.381555 -3.154952 -0.494423
v -0.314863 -3.466415 -0.807674
v -0.277925 -3.282550 -0.519943
v -0.246796 -3.288249 -0.377866
v -0.321491 -3.449364 -0.173018
v -0.160567 -3.296076 -0.633215
v -0.072766 -3.472185 -0.736426
v 0.075000 -3.283395 -0.575000
v -1.480712 1.058157 -0.308255
v -1.488762 1.043361 -0.017393
v -1.481507 1.361517 -0.639536
v -1.484799 1.398221 -0.247593
v -1.608861 1.515226 -0.431268
v -1.537696 1.208413 -0.364769
v -1.462020 1.209822 -0.400037
v -1.433643 1.406101 -0.191118
v -1.470297 1.419042 -0.073621
v -1.465604 1.494555 -0.615802
v -1.443545 1.431282 -0.776123
v -1.441845 1.617689 -0.218351
v -1.514562 1.563297 -0.527728
v -1.391684 1.027885 -0.273441
v -1.425622 1.027097 -0.393491
v -1.421195 1.275465 -0.025828
v -1.429829 1.224450 -0.295857
v -1.429661 1.373482 -0.740063
v -1.435216 1.509336 -0.277589
v -1.431721 1.516875 -0.328428
v -1.431820 0.875184 -0.092061
v -1.366221 1.026843 -0.467839
v -1.349535 1.077498 -0.414073
v -1.324993 1.086688 -0.303066
v -1.367683 1.340494 -0.776205
v -1.323921 1.475850 -0.369516
v -1.394190 0.879990 -0.178973
v -1.340588 0.947855 -0.173771
v -1.374986 1.285323 -0.596757
v -1.399302 1.435349 -0.436078
v -1.375825 1.356505 -0.659010
v -1.312968 1.261245 -0.180210
v -1.245173 1.330722 -0.556463
v -1.384138 1.541834 -0.563794
v -1.246575 1.023099 -0.229375
v -1.312540 0.938363 -0.074119
v -1.311776 1.314636 -0.072870
v -1.213126 1.159247 -0.479616
v -1.244039 1.375141 -0.379367
v -1.292752 1.491377 -0.180405
v -1.280343 1.621388 0.074715
v -1.263030 1.586473 -0.453403
v -1.263933 0.779125 -0.233191
v -1.106865 1.222059 -0.284072
v -1.136019 1.402532 -0.471074
v -1.194227 1.162546 -0.247849
v -1.194438 1.319498 -0.203270
v -1.124251 1.270531 -0.373526
v -1.124009 1.411303 0.071816
v -1.135746 1.619969 0.000081
v -1.113203 1.233990 -0.431915
v -1.094823 1.335619 -0.224101
v -1.065197 1.521899 0.008383
v -1.081038 1.298471 -0.169067
v -1.071246 1.406286 0.062167
v 9.665031 -2.840826 2.121860
v 9.795533 -2.733688 2.123705
v 9.649598 -3.028801 2.137335
v 9.850000 -3.030723 2.176026
v 9.867666 -2.975167 2.132476
v 9.877767 -2.880042 2.124130
v 9.805411 -2.531221 2.116102
v 9.762500 -2.810860 2.175000
v 9.893516 -2.912500 2.192710
v 10.022958 -2.830946 2.093319
v 10.093460 -2.764307 2.120072
v 9.960306 -3.087285 2.127724
v 10.272922 -2.718253 2.122900
v 10.301562 -3.167425 2.126378
v 10.060712 -2.999839 2.111202
v 10.226506 -2.462817 2.128729
v 10.440187 -3.041076 2.143224
v 10.361423 -2.985298 2.122042
v -0.815655 -3.448027 0.132739
v -0.745670 -3.454350 0.420948
v -0.721075 -3.348075 0.082486
v -0.547911 -3.449188 0.070140
v -0.450650 -3.449420 0.455132
v -0.381941 -3.419646 -0.012200
v -0.374083 -3.428962 0.865559
v -0.275884 -3.445503 -0.006456
v -0.295580 -3.457062 0.818433
v -0.281586 -3.453136 0.443592
v -1.153564 1.582435 0.084622
v -1.550288 0.550380 -0.877754
v -1.422618 0.357125 -0.824829
v -1.478618 0.302465 -0.830264
v -1.363468 0.150896 -0.900491
v -1.423220 0.234961 -0.894252
v -1.412781 0.614117 -0.835221
v -1.374213 0.174718 -0.859616
v -1.269040 0.467046 -0.898628
v -1.440033 0.696581 -0.891492
v -1.350882 0.738186 -0.890061
v -1.151986 0.043841 -0.886451
v -1.235912 0.733381 -0.905875
v -1.189649 0.435461 -0.881111
v -1.070428 0.403611 -0.900419
v -1.085064 0.430343 -0.899447
v -1.549507 0.324528 -0.190693
v -1.652800 0.407204 -0.143661
v -1.522174 0.473301 -0.754906
v -1.539552 0.569881 -0.334235
v -1.563322 0.529251 -0.755792
v -1.547726 0.619069 -0.563832
v -1.575618 0.632886 -0.479335
v -1.586609 0.726365 -0.319583
v -1.458120 0.211699 -0.512325
v -1.535287 0.152702 -0.304528
v -1.502235 0.352190 -0.332019
v -1.396357 0.435586 -0.668856
v -1.535959 0.429935 -0.634793
v -1.576504 0.384580 -0.075148
v -1.512857 0.403143 -0.493107
v -1.486123 0.603662 -0.420423
v -1.510195 0.546815 -0.692698
v -1.411761 0.147796 -0.291301
v -1.375493 0.210134 -0.543545
v -1.395921 0.393689 -0.063789
v -1.393206 0.450453 -0.722503
v -1.441378 0.701486 -0.514620
v -1.418740 0.709022 -0.282391
v -1.424343 0.011441 -0.280920
v -1.421143 0.144440 -0.192156
v -1.479937 0.280318 -0.155079
v -1.373752 0.624627 -0.095124
v -1.390007 0.664266 -0.413820
v -1.325045 0.722858 -0.572155
v -1.357100 0.754344 -0.397493
v -1.245381 0.028840 -0.222414
v -1.193118 0.507183 -0.579690
v -1.422503 0.553806 -0.642417
v -1.305718 0.721157 -0.135093
v -1.404663 0.205924 -0.419918
v -1.199924 0.268231 -0.263335
v -1.369489 0.319915 -0.178019
v -1.244235 0.698966 -0.269367
v -1.226945 0.239887 -0.223076
v -1.227215 0.661142 -0.580510
v -1.207083 0.637403 -0.359439
v -1.232834 0.720201 -0.324119
v -1.212375 0.269963 -0.572522
v -1.226987 0.230814 -0.329687
v -1.194278 0.388318 -0.374207
v -1.130329 0.671964 -0.030981
v -1.119147 0.264829 -0.011957
v -1.071700 0.519593 -0.022676
v -1.214865 0.684448 0.014233
v -3.586066 -10.200846 1.193572
v -3.584640 -10.151938 1.007928
v -3.577508 -10.049235 1.245688
v -3.579598 -9.944655 0.895117
v -3.576185 -9.824371 0.972629
v -3.574182 -9.829398 1.055378
v -3.589269 -9.921194 1.134616
v -3.568499 -9.703638 0.862312
v -3.576164 -9.704879 1.130348
v -3.574764 -9.757436 1.362384
v -3.572617 -10.200874 0.921000
v -3.564259 -10.098637 1.399446
v -3.581902 -9.920732 1.240947
v -3.466828 -10.259072 0.926948
v -3.475520 -10.256267 1.284562
v -3.484316 -10.232943 1.404199
v -3.495057 -10.240479 1.009497
v -3.423093 -9.783973 1.471041
v -3.460932 -10.410797 1.478479
v -3.432237 -10.007469 1.484822
v -0.859876 -3.460193 -0.858901
v -0.546362 -3.179649 -0.856402
v -0.538154 -3.375764 -0.911924
v -0.356579 -3.135573 -0.912979
v -0.364972 -3.409186 -0.896326
v -0.000679 -3.432687 -0.899458
v 0.109942 -2.982407 -0.913247
v -1.609597 1.261798 -0.893426
v -1.538954 1.347723 -0.799324
v -1.574436 1.492659 -0.869473
v -1.540385 1.558574 -0.843490
v -1.463550 1.256276 -0.848974
v -1.547429 1.296139 -0.879114
v -1.555935 1.419636 -0.835505
v -1.418028 1.078212 -0.866931
v -1.385826 1.291179 -0.886785
v -1.382005 1.245308 -0.826304
v -1.328002 1.390840 -0.876161
v -1.322806 1.488063 -0.827015
v -1.401170 1.487504 -0.859777
v -1.332277 1.083363 -0.904441
v -1.330838 1.442496 -0.830716
v -1.272675 1.323919 -0.824290
v -1.188000 1.515753 -0.906716
v -1.266945 1.590138 -0.874350
v -1.132977 1.300625 -0.876886
v -1.068926 1.285333 -0.907636
v -1.131433 1.201980 -0.909408
v -0.408424 0.086347 -0.891117
v -0.551045 -0.213320 -0.895106
v -0.117535 -0.484570 -0.876508
v -0.129925 -0.105889 -0.842426
v -0.168504 -0.623951 -0.892257
v -0.015411 -0.417342 -0.826185
v -0.065140 -0.382189 -0.888197
v -0.057618 -0.012728 -0.873262
v 12.053601 -0.536006 2.145156
v 11.960319 -0.336125 2.149980
v 12.100000 0.010166 2.175000
v 12.194324 -0.097060 2.121050
v 12.292495 -0.435459 2.183880
v 12.262519 -0.056138 2.175000
v 12.170827 -0.399403 2.145428
v 12.311462 -0.581778 2.150719
v 12.392077 -0.396481 2.153168
v 12.332974 -0.150555 2.161515
v 12.353312 -0.036061 2.171174
v 12.375000 -0.025000 2.205410
v 12.406520 0.050000 2.175000
v 12.484991 -0.055170 2.145723
v 12.614799 -0.736011 2.145742
v 12.488395 -0.526449 2.153772
v 12.696929 -0.338270 2.162660
v 12.849011 -0.489606 2.159926
v 12.848131 0.130264 2.175000
v 12.804965 -0.683693 2.146124
v 12.631800 -0.155709 2.172853
v 4.379986 4.077254 1.782682
v 4.393208 4.119159 1.694925
v 4.392295 4.164804 1.752188
v 0.344749 1.576104 2.099290
v 0.274854 1.306219 2.105457
v 0.568575 1.037652 2.104243
v -3.571308 -11.382586 0.760020
v -3.575000 -11.062765 0.596384
v -3.586344 -11.282561 0.849571
v -3.575000 -11.425000 0.701624
v -3.475481 -11.415320 0.679858
v -3.554374 -11.431202 0.835516
v -3.323795 -11.434775 0.764092
v -3.416694 -11.437625 0.655364
v -3.205139 -11.457588 0.639069
v -3.098099 -11.477437 0.773913
v 0.129157 2.177686 2.101810
v 0.119295 1.844174 2.099383
v 0.515697 2.040703 2.103232
v 0.849264 2.140711 2.104622
v 0.938950 1.836281 2.109970
v 1.187917 2.157324 2.110603
v 1.531636 1.506425 2.104249
v 1.213895 1.776622 2.110997
v 1.442864 2.099831 2.112679
v 11.165403 1.567530 2.153760
v 11.232574 1.473957 2.154328
v 11.592277 0.945954 2.149976
v 11.590813 1.418962 2.158417
v 11.427650 1.256912 2.160075
v 11.669535 1.637167 2.167186
v 11.924837 1.015975 2.144511
v 11.854199 1.154247 2.147114
v 11.953847 1.315442 2.150089
v 3.345104 0.366363 2.113476
v 3.304884 0.885493 2.126200
v 3.412105 0.680619 2.119447
v 3.564238 0.198856 2.111069
v 3.719954 0.444398 2.107985
v 3.997934 0.299984 2.109140
v 3.996307 -2.198730 2.113034
v 4.115944 -2.368445 2.070932
v 4.172696 -2.382716 1.999005
v 4.200374 -2.319211 2.101930
v 4.422127 -2.048238 2.122238
v 4.415859 -1.811084 2.124073
v 4.577610 -2.068874 2.127003
v 4.706540 -1.642663 2.123404
v 4.152200 0.899838 2.085453
v 4.124115 0.246904 2.085085
v 4.460735 0.719944 2.110819
v 4.359389 0.149978 2.108803
v 4.667500 0.317990 2.103515
v 4.704752 0.667191 2.114361
v 4.929431 0.569808 2.113553
v -1.436886 1.440203 2.107693
v -1.385990 0.957222 2.102849
v -1.379432 1.232519 2.107505
v -0.958950 0.800563 2.103160
v -1.058915 1.142951 2.106688
v 3.426943 1.256497 2.126672
v 3.523638 1.021629 2.123965
v 3.771326 0.892333 2.122507
v 3.752917 1.250109 2.130687
v 3.683838 1.454212 2.126903
v 3.979579 1.125000 2.119747
v 3.986558 0.800024 2.117459
v 4.110338 0.929352 2.068699
v 4.127802 0.981411 1.839919
v 4.128942 0.994841 2.067885
v 4.113275 1.496273 2.074826
v 4.185702 0.862451 1.673440
v 4.217965 0.974468 2.075087
v 4.221671 0.887164 1.743350
v 4.270386 0.975165 1.771793
v 4.231221 1.024948 1.762686
v 4.254351 1.277310 2.114053
v 4.414280 1.066770 2.109780
v 4.909729 1.234163 2.111582
v 1.696727 2.726270 2.108164
v 1.853570 2.421509 2.112957
v 2.270703 2.684218 2.111391
v 2.304741 3.077933 2.102494
v 2.500216 2.448042 2.115586
v 1.703800 4.296267 1.942853
v 2.023237 4.284094 2.077242
v 2.281178 4.295523 1.890961
v 1.998502 4.202970 2.103731
v 3.330249 4.278954 2.069837
v 3.398422 4.287093 1.700461
v 3.265446 4.217973 2.100634
v 3.813369 4.201528 2.107574
v 3.676966 4.277596 2.068244
v 3.755969 4.286231 1.829629
v 3.937776 4.244073 2.082740
v 3.935762 4.015503 2.013954
v 3.880909 4.084252 2.076343
v 3.926710 4.268139 1.811430
v 3.916213 4.115010 1.824921
v 3.985346 4.229103 1.777162
v 3.150011 -2.842357 -0.886455
v 3.419026 -2.677830 -0.886238
v 3.658731 -3.012341 -0.884903
v 3.680454 -2.435279 -0.884356
v 3.899826 -2.969922 -0.893834
v 4.048882 -2.385631 -0.887004
v 4.074295 3.792891 2.100786
v 4.206203 3.273059 1.660022
v 4.146131 3.294811 2.066300
v 4.221189 3.259887 2.031043
v 4.158872 3.732288 1.711579
v 4.157010 3.727658 2.080468
v 4.319419 3.769991 1.635735
v 4.382778 3.278769 2.099510
v 4.386957 3.778025 2.049814
v 4.294676 3.435889 2.105348
v 4.440598 3.771317 1.902801
v 4.394430 3.708839 2.107421
v 4.761112 3.712615 2.112468
v 4.489983 3.771885 2.078788
v 4.666893 3.775769 1.846404
v 4.708572 3.404266 2.102617
v 8.148671 2.577035 2.132676
v 8.385059 1.930334 2.134390
v 8.619569 1.654156 2.128162
v 8.673694 1.895512 2.130932
v 8.191761 2.140993 2.113701
v 8.896910 2.296645 2.127049
v 8.161794 3.077609 2.117057
v 8.134382 2.902490 2.128041
v 8.105126 3.122328 2.139326
v 8.442102 3.109394 2.128863
v 8.676497 2.743382 2.125659
v 2.435723 0.959561 -0.875229
v 2.438377 1.232916 -0.863296
v 2.526103 0.937173 -0.870150
v 2.478795 1.359051 -0.886539
v 2.678184 1.678491 -0.889282
v 2.857612 1.047848 -0.892638
v 3.117553 0.951904 -0.876854
v 3.260115 -0.022465 2.104283
v 2.907106 -0.539784 2.095058
v 3.494589 -0.394143 2.116121
v 3.608510 -0.066750 2.109700
v 3.497530 -0.663487 2.112720
v 3.948359 -0.552807 2.103707
v 4.002059 -0.117765 2.110926
v 3.354309 1.415707 -0.886329
v 3.391054 1.029518 -0.875583
v 3.426631 1.537493 -0.870851
v 3.547555 1.466848 -0.862555
v 3.612507 1.504077 -0.882557
v 3.870534 1.132077 -0.884152
v 4.013737 1.481241 -0.888760
v -3.116268 -11.449984 0.904026
v -3.044565 -11.459153 1.198612
v -3.016975 -11.447463 1.294965
v -3.125936 -11.448516 1.461170
v -3.218377 -11.412773 1.524342
v -2.980285 -11.462528 0.934791
v -2.959321 -11.458275 1.105095
v -3.007489 -11.451694 0.803863
v -2.886974 -11.439167 1.511477
v -2.793885 -11.457328 0.990141
v -2.833128 -11.461072 1.195475
v -2.767921 -11.463388 1.358276
v -2.771312 -11.481786 1.091148
v -2.690157 -11.469900 1.196995
v -2.705194 -11.464649 1.565733
v -2.814579 -11.476491 0.862667
v -2.779479 -11.459702 1.442214
v -2.649602 -11.468629 1.069097
v -2.580392 -11.475373 0.874671
v -2.603580 -11.447970 1.415365
v -2.528220 -11.463934 1.080820
v -2.619426 -11.440845 1.235905
v -2.504912 -11.501008 1.466360
v -2.498261 -11.484376 1.167840
v -2.475936 -11.975000 1.425000
v -2.462839 -11.882902 1.415444
v -2.488118 -11.875001 1.475000
v -2.476143 -11.775001 1.350000
v -2.482399 -11.714021 0.850000
v -2.495837 -11.638594 0.879846
v -2.485159 -11.719856 0.950000
v -2.468735 -11.732762 1.516228
v -2.504687 -11.497994 0.773335
v -2.483032 -11.577412 0.984844
v -2.498639 -11.481287 1.337692
v 3.023606 2.978520 2.114189
v 2.770569 3.275887 2.083558
v 2.731928 2.301532 2.117163
v -0.782675 -1.984061 2.093992
v -0.223220 -2.188966 2.095243
v -0.397540 -1.924181 2.093154
v -3.520533 -2.215186 1.802609
v -3.500872 -2.328311 2.089539
v -3.516961 -1.886971 1.852656
v -3.475351 -1.747153 2.086546
v -3.502633 -1.577483 2.068870
v -3.493637 -1.995564 2.089429
v 0.921529 -3.140679 -0.895580
v 0.864166 -3.040315 -0.868604
v 0.969296 -2.930977 -0.891561
v 0.948513 -2.783529 -0.855483
v 0.916220 -2.632486 -0.900863
v 0.975189 -2.490592 -0.815057
v 1.028798 -2.767776 -0.825113
v 1.047909 -2.769569 -0.889787
v 1.007631 -2.377771 -0.876525
v 1.125117 -2.403697 -0.893815
v 1.174619 -2.688632 -0.878310
v 1.093444 -2.708358 -0.780997
v 1.090874 -2.525987 -0.872359
v 1.078683 -2.458852 -0.808795
v 1.168663 -2.904285 -0.881966
v 1.181121 -2.993660 -0.861197
v 1.287452 -2.885393 -0.862379
v 1.170652 -2.850613 -0.686058
v 1.343330 -2.605111 -0.883689
v 1.304351 -2.582064 -0.777042
v 1.262611 -2.715366 -0.728225
v 1.362098 -2.689036 -0.800402
v 1.437754 -2.962942 -0.883891
v 1.410829 -2.793068 -0.788480
v 1.470857 -2.868384 -0.774125
v 1.426121 -2.768166 -0.884044
v 1.530525 -2.817616 -0.799353
v 1.413042 -2.488786 -0.817106
v 1.577316 -2.538360 -0.894614
v 1.410557 -2.374196 -0.894761
v 0.823392 -3.122389 -0.577816
v 0.873299 -3.040227 -0.523618
v 0.854366 -2.924505 -0.331793
v 0.895404 -2.888832 -0.500000
v 0.878704 -2.800365 -0.407747
v 0.798875 -2.824167 -0.175399
v 0.868085 -2.755372 -0.529091
v 0.867137 -2.667359 -0.510269
v 0.919475 -2.479559 -0.357582
v 0.940323 -2.916147 -0.424407
v 0.831186 -2.913116 -0.186459
v 1.021780 -2.792485 0.031965
v 0.920764 -2.397213 -0.629796
v 0.922910 -2.371463 -0.796041
v 0.955774 -3.199496 -0.372346
v 0.982814 -2.982275 -0.330104
v 0.930253 -2.778334 -0.137605
v 1.046583 -2.804328 -0.031871
v 0.943391 -2.772537 -0.625922
v 0.947305 -2.533946 -0.575511
v 0.982044 -2.564146 -0.252486
v 0.974090 -2.515123 -0.504270
v 1.018734 -3.035082 -0.169698
v 0.900000 -2.850000 -0.602306
v 1.039910 -2.724361 -0.563305
v 0.965562 -2.637139 -0.610199
v 1.116772 -2.423967 -0.540269
v 1.032198 -3.085580 -0.026446
v 1.212500 -3.072031 -0.400000
v 1.060108 -2.962500 -0.475000
v 1.125000 -2.921419 -0.375000
v 1.089661 -2.770684 -0.586374
v 1.104914 -2.417369 -0.063032
v 1.301154 -3.084632 -0.053005
v 1.048090 -2.981066 -0.431245
v 1.086315 -3.056950 -0.334280
v 1.110792 -2.939139 -0.364553
v 1.126019 -2.859254 -0.646471
v 1.125016 -2.781705 -0.184837
v 1.156594 -2.825000 -0.575000
v 1.129509 -2.805123 -0.727826
v 1.166220 -2.564914 -0.791406
v 1.181151 -2.656204 -0.638914
v 1.206719 -2.439019 -0.295595
v 1.221869 -3.067416 -0.374233
v 1.175000 -2.972678 -0.400000
v 1.275000 -2.967800 -0.375000
v 1.271232 -2.883328 -0.661872
v 1.144481 -2.711545 -0.118885
v 1.232746 -2.629941 -0.755095
v 1.309813 -2.385278 -0.133192
v 1.393701 -3.109769 -0.357516
v 1.280345 -3.118841 -0.013605
v 1.275000 -2.975000 -0.365398
v 1.258430 -2.389013 -0.520097
v 1.292173 -3.080533 -0.125796
v 1.325007 -3.025015 -0.374970
v 1.325000 -3.024962 -0.375000
v 1.355367 -2.814812 -0.547271
v 1.349734 -2.742962 -0.631914
v 1.292854 -2.697642 -0.596473
v 1.280137 -2.622126 0.017846
v 1.258598 -2.487188 -0.606484
v 1.346113 -2.429808 -0.350874
v 1.350000 -3.050139 -0.403033
v 1.374491 -3.027694 -0.373549
v 1.275734 -2.985243 -0.175478
v 1.225000 -2.925000 -0.673191
v 1.399700 -2.589720 -0.515737
v 1.370576 -2.493822 -0.143502
v 1.350314 -2.372852 -0.183202
v 1.384307 -2.518279 0.008988
v 1.412697 -2.925000 -0.375000
v 1.423836 -2.794741 -0.174923
v 1.482335 -2.581303 -0.456983
v 1.599600 -3.106444 -0.333798
v 1.400000 -2.922692 -0.531615
v 1.479213 -2.915472 -0.353644
v 1.464942 -2.642787 -0.425375
v 1.348526 -2.627227 -0.175092
v 1.442121 -3.061637 -0.625028
v 1.495425 -2.820043 -0.654694
v 1.476867 -2.853674 -0.458653
v 1.556738 -2.813094 -0.424020
v 1.591986 -2.623029 -0.395652
v 1.512770 -2.458706 -0.291819
v 1.428717 -3.059128 -0.176936
v 1.625260 -2.904035 -0.426030
v 1.659588 -2.909405 -0.554635
v 1.522201 -2.622577 -0.522438
v 1.625006 -2.719744 -0.558648
v 0.859654 -1.999552 -0.769606
v 0.868899 -1.933508 -0.896757
v 0.862484 -2.053576 -0.786084
v 0.928864 -1.981014 -0.873953
v 0.952925 -2.284260 -0.764187
v 0.953540 -2.197660 -0.831476
v 0.969904 -2.127920 -0.782360
v 1.034601 -2.271559 -0.785693
v 0.985522 -2.237590 -0.879997
v 0.987480 -2.084373 -0.881782
v 1.053653 -2.109201 -0.808799
v 1.077103 -2.295686 -0.876218
v 1.100120 -2.147674 -0.882905
v 1.086042 -2.013020 -0.894208
v 1.566942 -2.294192 -0.868427
v 1.582169 -2.234329 -0.871136
v 1.594474 -2.168567 -0.901887
v 1.012900 -1.999516 -0.761948
v 1.265134 -2.336104 0.008536
v 1.556288 -2.299704 -0.285864
v 1.408396 -2.276023 -0.224066
v 1.412229 -2.253903 -0.170796
v 1.567042 -2.312701 -0.688486
v 1.580064 -2.233497 -0.243805
v 1.645839 -2.442055 -0.324868
v -0.643415 3.719560 0.920765
v -0.658931 3.744059 0.999840
v -0.520325 3.844942 0.977634
v -0.606590 3.965785 1.036289
v -0.579700 3.822720 0.902767
v -0.340916 3.866388 0.970888
v -0.281360 3.634161 0.881150
v -0.182567 3.667120 0.892292
v -0.283026 3.714081 0.923565
v -0.183563 3.118071 0.898914
v -0.142474 3.871427 0.871062
v -0.180204 3.781957 0.910924
v -0.058800 3.826895 0.929970
v -0.073524 3.579935 0.947514
v -0.047466 3.395715 0.829162
v -0.018053 3.769058 0.870054
v 0.024378 3.598725 0.874491
v 0.014786 3.523306 0.921456
v 3.225000 -9.605232 0.275000
v 3.225000 -9.604671 0.325000
v 3.237500 -9.618284 0.400000
v 3.246165 -9.627163 0.597061
v 3.256662 -9.598375 0.665268
v 3.417970 -9.618575 0.563028
v 3.416923 -9.624918 0.773658
v 3.339634 -9.600577 0.461147
v 3.316226 -9.633976 0.633303
v 3.609903 -9.621436 0.751242
v 3.575000 -9.603834 0.375000
v 3.622535 -9.602536 0.505678
v 3.575000 -9.599710 0.325000
v 3.665034 -9.636374 0.631630
v 3.525000 -9.588437 0.275000
v 3.625000 -9.610826 0.325000
v 3.525000 -9.602926 0.475000
v 3.748373 -9.634074 0.538812
v 3.779165 -9.631204 0.766926
v 3.697876 -9.629436 0.475000
v 3.827135 -9.624098 0.661684
v 3.919506 -9.625379 0.729975
v 3.875000 -9.631483 0.325000
v 3.900000 -9.625688 0.400000
v 3.925000 -9.625001 0.334679
v 4.006518 -9.625863 0.419614
v 3.975000 -9.635905 0.325000
v -3.480721 1.941849 -0.087979
v -3.474484 2.203701 -0.441541
v -3.484151 2.325000 -0.225000
v -3.475000 2.323135 -0.175000
v -3.475000 2.325000 -0.175756
v -3.476138 2.301243 -0.131041
v -3.475000 2.325000 -0.171316
v -3.482828 2.427197 -0.317032
v -3.474045 2.382058 -0.174486
v -3.459576 1.650000 -0.600000
v -3.476041 1.851705 -0.438839
v -3.432414 2.229045 -0.536725
v -3.482948 2.287070 -0.487319
v -3.474853 2.325000 -0.175000
v -3.460833 2.353488 -0.650416
v -3.473325 2.375000 -0.175000
v -3.416789 1.700332 -0.515542
v -3.437769 2.222426 -0.752795
v -3.289852 1.659375 -0.610019
v -3.275000 1.614783 -0.675000
v -3.288507 1.755589 -0.488203
v -3.254914 2.149483 -0.450543
v -3.221590 2.171412 -0.537354
v -3.240135 1.751561 -0.186893
v -3.275000 1.700561 -0.564521
v -3.250986 1.725000 -0.450000
v -3.253578 1.525000 -0.275000
v -3.262730 1.880789 -0.441261
v -3.247494 1.916377 -0.236971
v -3.237246 1.993957 -0.481641
v -3.230492 2.011963 -0.857325
v -3.171139 1.971989 -0.166573
v -3.127481 2.080857 -0.242829
v -0.487500 -3.775476 0.822105
v -0.560275 -3.515141 0.889491
v -0.665622 -3.731828 0.903799
v -0.538146 -3.628098 0.932849
v -0.489106 -3.533091 0.964383
v -0.426970 -3.596477 1.329707
v -0.478092 -3.524879 1.448794
v -0.355420 -3.597064 1.181096
v -0.377222 -3.423910 0.986735
v -0.387562 -3.422628 1.552887
v -0.090625 -3.775347 0.826873
v -0.315526 -3.528465 1.034975
v -0.324760 -3.522610 1.606092
v -0.403357 -3.718375 0.926262
v -0.411552 -3.648571 0.974368
v -0.310031 -3.568640 0.943441
v -0.154043 -3.494202 0.878180
v 4.956933 -9.517419 1.574958
v 4.982260 -9.552596 1.503796
v 5.215962 -9.508585 1.546937
v 5.237573 -9.586248 1.465207
v 5.376738 -9.530005 1.662790
v 5.480091 -9.572983 1.460525
v 1.936185 -0.622721 2.099773
v 1.857275 -0.498900 2.091892
v 2.033616 0.085551 2.110259
v 2.061463 -0.228325 2.099960
v 2.237327 -0.657743 2.101924
v 5.774353 -1.816064 0.000000
v 6.175000 -1.975000 0.236802
v 6.226341 -1.910021 0.243877
v 6.225000 -1.825000 0.224662
v 6.325000 -1.625000 0.240248
v 6.325000 -1.575000 0.228794
v 6.374319 -1.775996 0.236070
v 6.325000 -1.725000 0.232741
v 6.332210 -1.575000 0.225000
v 6.325000 -1.800046 0.220293
v 1.828634 -6.535011 2.077770
v 1.760404 -7.015295 2.082728
v 1.826184 -6.714200 2.077703
v 1.995778 -7.144341 2.079921
v 2.048414 -6.580985 2.079947
v 2.451102 -6.626716 2.084072
v 2.246034 -6.917810 2.067200
v 2.447685 -6.464084 2.081198
v -1.723940 -0.289451 0.113446
v -1.396328 -0.234884 0.113919
v -1.420967 -0.090037 0.076010
v -1.292890 -0.174534 0.084557
v -1.217096 -0.281123 0.117846
v -1.222801 -0.124072 0.092624
v -1.173214 -0.157832 0.074096
v -1.141731 -0.135931 0.135246
v -1.184127 -0.050325 0.039773
v -1.205451 -0.215126 0.271774
v -1.075486 -0.394454 0.194908
v -1.054927 -0.194476 0.069383
v -1.114359 -0.127472 0.204194
v -0.973222 -0.481525 0.023559
v -1.021194 -0.389315 0.207663
v -1.069412 -0.248391 0.277464
v -1.024623 -0.150319 0.027479
v -0.985329 -0.194750 0.136810
v -0.978155 -0.320980 0.127096
v -0.968491 -0.230676 0.033478
v -1.622681 -10.245478 2.045649
v -1.532014 -9.848391 2.085315
v -1.410463 -10.103236 2.065993
v -1.428177 -9.662567 1.926563
v -1.387277 -9.718267 1.914249
v -1.353376 -9.700232 2.039503
v -1.373530 -9.652713 1.646577
v -1.366303 -9.716843 1.682480
v -1.392213 -9.630939 1.783537
v -1.328428 -9.592033 1.889290
v -1.297047 -9.386642 2.057059
v -1.353045 -10.320208 2.054072
v -1.318036 -10.306952 2.050000
v -1.329476 -10.030002 2.025160
v -1.298358 -9.845886 1.987318
v -1.322498 -9.757726 1.936525
v -1.283651 -10.175482 1.600066
v -1.312905 -10.225000 2.075000
v -1.290790 -10.227155 1.788369
v -1.275000 -10.118904 2.033065
v -1.276469 -9.958022 1.633654
v -1.290843 -9.883528 1.835464
v -1.317523 -9.802103 1.745395
v -1.273098 -9.505415 1.505831
v 0.425506 -2.622132 0.151366
v 0.537046 -2.797880 0.124230
v 0.630294 -2.647834 0.068880
v 0.524951 -2.569512 0.176488
v 0.544534 -2.776947 0.199180
v 0.682726 -2.569839 0.117241
v 0.702010 -2.830933 0.167193
v 0.832479 -2.765334 0.163277
v 7.234160 4.279850 0.588356
v 7.223403 4.268528 0.707188
v 7.387500 4.285344 0.187500
v 7.395291 4.280923 0.614043
v 7.447896 4.271241 0.260237
v 7.368209 4.278063 0.403213
v 7.368076 4.287956 0.751754
v 7.687500 4.282012 0.187500
v 7.525000 4.282295 0.675000
v 7.575000 4.274853 0.675000
v 7.574117 4.275000 0.675000
v 7.575000 4.275000 0.674432
v 7.575000 4.275000 0.675600
v 7.544597 4.281190 0.372803
v 7.575000 4.286144 0.625000
v 7.575000 4.284630 0.725000
v 7.616700 4.270308 0.527895
v 7.575531 4.275000 0.675000
v 7.625000 4.285372 0.675000
v 7.732530 4.278818 0.408985
v 7.715389 4.277146 0.231842
v 7.827515 4.271135 0.249713
v 7.769700 4.273746 0.517886
v 7.925000 4.284317 0.175000
v 7.875000 4.267342 0.250000
v 7.925000 4.275000 0.199845
v 7.875271 4.266321 0.587955
v 7.894571 4.273368 0.452348
v 7.968826 4.266098 0.775507
v 7.975000 4.279083 0.175000
v 7.950000 4.270655 0.225000
v 8.025000 4.279842 0.075000
v 8.103413 4.274966 0.331250
v 8.000000 4.273077 0.500000
v 8.100000 4.272778 0.650000
v 8.000000 4.277049 0.150000
v -0.713642 3.120778 -0.832022
v -0.433934 3.131963 -0.870019
v -0.265149 3.124484 -0.887637
v -0.094625 3.239360 -0.841105
v 4.847693 2.343565 2.114941
v 5.140172 2.271654 2.118558
v 5.129223 1.823528 2.109675
v 5.219816 2.024045 2.126336
v 5.487317 1.802302 2.115654
v 5.453889 2.097853 2.122786
v 5.735641 1.964247 2.127473
v -2.408643 -1.651813 2.094520
v -2.319287 -1.991576 2.096891
v -1.891289 -2.062753 2.099137
v -1.762092 -1.673492 2.090740
v -3.086310 -4.005259 1.419472
v -3.078452 -3.900000 1.475000
v -3.067652 -3.209160 1.455003
v -3.063857 -3.321477 1.223952
v -3.072568 -3.002567 0.913141
v -3.020747 -3.332665 1.408932
v -3.046707 -3.231204 1.270875
v -3.006428 -3.285523 1.434102
v -2.974851 -3.225788 1.406519
v -3.075000 -4.033863 1.475000
v -2.925944 -3.329756 1.532153
v -2.775000 -3.860291 1.575000
v -2.775000 -3.930807 1.611280
v -2.743852 -3.957751 1.486047
v -2.719816 -3.859755 1.425981
v -2.730967 -3.871934 1.551438
v -2.822170 -3.875000 1.481974
v -2.725000 -3.875000 1.266629
v -2.725000 -3.672849 1.171588
v -2.862587 -3.348358 1.153056
v -2.691771 -3.897404 1.358857
v -2.701897 -3.687182 1.269629
v -2.723493 -3.669324 1.300000
v -2.485059 -3.353514 1.425595
v -2.431848 -4.041407 1.139153
v -2.432987 -3.928857 1.372570
v -2.422560 -3.877926 1.544900
v -2.431811 -3.690873 0.930547
v -2.428346 -3.691394 1.616302
v -2.435205 -3.729485 1.235710
v -2.400414 -3.411174 1.269051
v -2.404985 -3.536348 0.886489
v -2.420312 -3.628274 1.347824
v -2.399045 -3.458809 1.131024
v -2.383269 -3.427518 1.174986
v 8.141020 4.279636 1.073672
v 8.107958 4.263986 1.450667
v 8.264581 4.254487 1.138694
v 8.277705 4.237616 1.253027
v 8.499028 4.269828 1.043415
v 8.512501 4.266849 0.800000
v 8.310658 4.265227 0.939892
v 8.397177 4.242318 1.575629
v 8.567469 4.252529 1.252159
v 8.731942 4.272635 0.917600
v 8.542962 4.267853 0.905028
v 8.693545 4.265106 1.422487
v 8.891023 4.275800 0.949417
v 8.782807 4.281885 1.090566
v -1.687581 2.632381 2.100851
v -1.365046 2.887994 2.097065
v -1.018932 2.616145 2.097825
v -0.995897 3.144492 2.095361
v -3.131123 -2.436521 0.368305
v -3.075000 -2.775439 0.225000
v -3.075139 -2.775000 0.225000
v -3.075000 -2.775000 0.224171
v -3.075000 -2.775000 0.226030
v -3.075000 -2.772931 0.225000
v -3.070646 -3.075102 0.100261
v -3.065909 -2.941647 0.305139
v -3.068979 -2.895122 0.580523
v -3.061386 -2.825000 0.225000
v -3.067750 -2.775000 0.175000
v -3.068496 -2.775000 0.275000
v -3.070953 -2.478499 -0.039498
v -3.072230 -2.725000 0.225000
v -3.065713 -2.626060 0.450001
v -3.072710 -2.734664 0.775322
v -2.256644 3.930383 2.090966
v -2.213649 3.337287 2.071185
v -2.256528 3.702478 2.090774
v -1.665749 3.196431 2.099419
v -1.933662 3.425584 2.096824
v -1.545249 -0.621933 -0.514794
v -1.516246 -0.458116 -0.627816
v -1.518728 -0.421276 -0.521359
v -1.607040 -0.388810 -0.125877
v -1.483314 -0.187278 -0.635229
v -1.402528 -0.101197 -0.529997
v -1.631348 -0.067128 -0.326406
v -1.434821 -0.139638 -0.113012
v -1.533562 -0.719298 -0.770457
v -1.384259 -0.546929 -0.683539
v -1.575392 -0.383984 -0.670631
v -1.433291 -0.340886 -0.734298
v -1.478132 -0.331447 -0.362891
v -1.467426 -0.081403 -0.342522
v -1.515645 -0.103104 -0.184088
v -1.425625 -0.799359 -0.326297
v -1.506863 -0.626365 -0.587562
v -1.369816 -0.253439 -0.714935
v -1.316092 -0.679133 -0.338908
v -1.248649 -0.468099 -0.368292
v -1.411487 -0.377951 -0.058677
v -1.334353 -0.382637 0.079417
v -1.393548 -0.296938 -0.423284
v -1.422373 -0.244102 -0.473471
v -1.342745 -0.151471 -0.397577
v -1.391528 -0.098949 -0.476069
v -1.378263 -0.018311 -0.526519
v -1.334223 -0.043576 -0.435000
v -1.326156 -0.649527 -0.530303
v -1.333332 -0.441794 -0.710562
v -1.324207 -0.260800 -0.770451
v -1.299306 -0.080274 -0.178698
v -1.319499 -0.034635 -0.277022
v -1.400350 -0.530091 -0.377290
v -1.327416 -0.515149 -0.472163
v -1.264485 -0.404153 -0.479144
v -1.330371 -0.378365 -0.175518
v -1.248039 -0.320391 0.011834
v -1.272093 -0.276423 -0.622128
v -1.314473 -0.085180 -0.005006
v -1.179312 -0.671216 -0.273574
v -1.267137 -0.366539 -0.195375
v -1.229322 -0.323007 -0.749135
v -1.162194 -0.308059 -0.680737
v -1.289415 -0.029814 -0.566470
v -1.125063 -0.134783 -0.311058
v -1.227530 -0.554424 -0.450636
v -1.240988 -0.510298 -0.627515
v -1.171126 -0.514270 -0.431643
v -1.159025 -0.411936 -0.200635
v -1.081306 -0.585509 -0.511179
v -1.148393 -0.190092 -0.625924
v -1.163846 -0.074706 -0.569739
v -1.165604 -0.088713 -0.198744
v -1.145481 -0.395423 -0.111491
v -1.080659 -0.615675 -0.332146
v -1.072779 -0.535293 -0.577658
v -1.083447 -0.487130 -0.465835
v -1.000719 -0.465139 -0.500821
v -1.088729 -0.569689 -0.374906
v -0.995218 -0.334492 -0.578956
v -1.031153 -0.401146 -0.334933
v -1.036990 -0.178978 -0.565466
v -1.043750 -0.470368 -0.307262
v -0.980344 -0.442140 -0.069637
v -1.029811 -0.361757 -0.261500
v -1.047763 -0.200330 -0.047819
v 5.720000 -3.946421 2.104937
v 5.750000 -4.150000 2.093603
v 6.085172 -4.384835 2.098877
v 5.960315 -4.150751 2.106066
v 6.016548 -4.375000 2.075000
v 6.112500 -4.656250 2.099147
v 6.251431 -4.631039 2.103792
v 6.282244 -4.301939 2.104495
v -3.491481 1.207018 1.650527
v -3.490273 0.960917 2.010420
v -3.484986 1.358471 2.026061
v -3.476054 1.718415 1.527180
v -3.433841 1.341671 2.077094
v -3.464058 0.887523 2.075537
v -2.374279 0.374209 -0.437477
v -2.377170 0.389321 -0.366327
v -2.249901 0.456248 -0.560152
v -2.389754 0.553391 -0.456329
v -2.323222 0.715355 -0.325568
v -2.377994 0.081033 -0.427057
v -2.235022 0.124569 -0.577013
v -2.312145 0.614385 -0.591849
v -2.250808 0.590115 -0.419833
v -2.340429 0.722744 -0.514061
v -2.245357 0.190856 -0.205672
v -2.288309 0.240938 -0.756719
v -2.263092 0.428070 -0.421773
v -2.226066 0.633299 -0.349924
v -2.231579 0.716136 -0.629592
v -2.177902 0.293687 -0.034855
v -2.168454 0.272410 -0.588973
v -2.246806 0.313907 -0.383571
v -2.158167 0.470440 -0.089886
v -2.177163 0.652675 -0.072602
v -2.126817 0.111316 -0.416019
v -2.130965 0.147342 0.028213
v -2.085180 0.482372 -0.433786
v -2.102978 0.585475 -0.481113
v -2.068717 -0.035790 -0.525473
v -2.109768 0.196413 -0.445528
v -2.082777 0.124378 -0.096054
v -2.046395 0.274477 -0.156898
v -2.082084 0.529498 -0.675824
v -2.050947 0.479467 -0.374623
v -2.086710 0.525384 -0.524136
v -2.017345 0.623156 -0.518102
v -2.111374 0.594281 -0.378001
v -2.063627 0.653371 -0.709049
v -2.056034 0.619541 -0.580412
v -2.096912 0.711820 -0.137221
v -2.066866 -0.009300 -0.468868
v -2.071187 0.122625 -0.679729
v -2.012279 0.325201 -0.192420
v -2.005372 0.276564 -0.728204
v -2.022947 0.299784 -0.527699
v -2.016088 0.398705 -0.476635
v -2.049391 0.384745 -0.405823
v -2.023764 0.407346 -0.706828
v -2.117202 0.760209 -0.662056
v -2.024768 0.685363 -0.146808
v -1.990357 0.084273 -0.640487
v -2.119338 -0.030975 -0.423892
v -1.986101 0.391109 0.044360
v -2.035910 0.664580 -0.193381
v -1.979798 0.523466 -0.123083
v -2.000752 0.755612 -0.372741
v -1.913106 0.033334 -0.101349
v -1.951913 0.164396 -0.092007
v -2.023675 0.323843 -0.666757
v -1.928648 0.804630 -0.647597
v -1.976195 0.144125 -0.177621
v -1.878436 0.125225 -0.404524
v -1.888085 0.586511 -0.638684
v -1.869386 0.408807 -0.372339
v -1.868009 0.658200 -0.672048
v -1.862209 0.114185 -0.669848
v -1.759392 -0.077475 -0.397489
v -1.787017 0.398937 -0.318692
v -1.797153 0.558905 -0.522285
v -1.817656 0.719017 -0.327421
v -1.692351 0.236632 -0.532048
v -1.769161 0.309295 -0.517298
v -1.664321 0.307496 -0.595747
v -1.774011 0.460304 -0.213352
v -1.686160 -0.000126 -0.373493
v -1.629276 0.507484 -0.328939
v -1.621409 0.527053 -0.621935
v -1.727025 0.684583 -0.525696
v -1.761709 0.611065 -0.322702
v -1.644306 0.787197 -0.284098
v -1.605607 0.616597 -0.179792
v -1.609842 0.229974 -0.457069
v -1.631790 0.317951 -0.298933
v -1.514407 0.323239 -0.579615
v -1.712620 0.440905 -0.524525
v -1.677336 0.833194 -0.191012
v -1.703792 0.191612 -0.325346
v -1.587259 0.415412 -0.762308
v -1.544365 0.431787 -0.562505
v -1.565228 0.600023 -0.116757
v -1.572894 0.578911 -0.689454
v -1.660677 0.789361 -0.089359
v -3.052021 -3.290740 -0.925162
v -2.920725 -3.127783 -0.888236
v -2.889714 -3.292735 -0.740971
v -2.607677 -3.319367 -0.823571
v -2.497086 -3.333363 -0.905320
v -2.457231 -3.350915 -0.879194
v -2.461472 -3.252090 -0.886685
v -2.998024 -3.337465 -0.872312
v -3.066816 -3.327002 -0.490551
v -3.061679 -3.308188 -0.591314
v -2.854922 -3.346952 -0.447280
v -2.831008 -3.360192 -0.215318
v -2.759973 -3.348799 -0.626602
v -2.796726 -3.216190 -0.652709
v -2.701965 -3.265175 -0.671801
v -2.682297 -3.331127 -0.702232
v -2.715268 -3.203099 -0.776828
v -2.632443 -3.260885 -0.622663
v -2.481819 -3.355178 -0.309945
v -2.561466 -3.182479 -0.554182
v -2.367695 -3.450587 -0.026198
v -3.074821 -2.433173 -0.098930
v -3.070677 -3.149433 -0.200605
v -3.068772 -2.904398 -0.575294
v -3.058799 -2.915522 -0.331314
v -3.068022 -2.729704 -0.050864
v -3.070551 -2.705513 -0.350848
v -3.065439 -2.661796 -0.722057
v -3.068811 -2.429341 -0.590815
v -3.069088 -2.426466 -0.881292
v -3.016297 -2.374565 -0.528643
v -3.017150 -2.373881 -0.124867
v -2.937421 -2.939874 -0.757021
v -2.975819 -2.760405 -0.718000
v -2.882985 -3.165509 -0.698173
v -2.889471 -2.574976 -0.753801
v -2.812702 -3.008739 -0.716827
v -2.700593 -2.554947 -0.688133
v -2.778260 -2.483366 -0.709152
v -2.773551 -3.095503 -0.557311
v -2.739849 -2.926975 -0.722871
v -2.716680 -2.716947 -0.736735
v -2.642928 -2.976584 -0.543873
v -2.627753 -2.904115 -0.702706
v -2.660712 -3.150601 -0.696408
v -2.504313 -2.945930 -0.574455
v -2.523724 -3.113560 -0.539282
v -2.445251 -3.078345 -0.574085
v -3.632443 0.145721 -0.880993
v -3.666023 0.010576 -0.841811
v -3.682538 0.168336 -0.738699
v -3.522520 0.136373 -0.915778
v -3.449992 0.178890 -0.735899
v -3.226140 0.159742 -0.754621
v -3.228174 0.140703 -0.904615
v -1.473659 -3.411218 -0.592331
v -1.423693 -3.427521 -0.617106
v -1.422520 -3.438240 -0.227058
v -1.442573 -3.180242 -0.726628
v -1.401103 -3.195590 -0.225281
v -1.360854 -3.454086 0.079063
v -1.390522 -3.412355 -0.228467
v -1.382488 -3.222061 -0.346926
v -1.350048 -3.363914 -0.389244
v -1.317392 -3.426483 -0.180398
v -1.408941 -3.265507 -0.671546
v -1.356587 -3.358886 -0.539412
v -1.268251 -3.412187 -0.835771
v -1.295758 -3.320154 -0.725246
v -1.208650 -3.349583 -0.671917
v -1.246256 -3.263428 -0.624256
v -1.259894 -3.405900 -0.721287
v -1.138702 -3.296295 -0.616265
v -1.225409 -3.277813 -0.301234
v -0.988959 -3.325712 -0.220371
v -0.832058 -3.449510 -0.735098
v -0.968424 -3.306902 -0.378656
v -1.021738 -3.239104 -0.133929
v -1.032628 -3.288156 -0.041422
v -0.934918 -3.295788 -0.242735
v -0.926059 -3.380053 0.020300
v -0.868800 -3.280289 -0.097670
v 7.427279 -0.413579 0.129492
v 7.440620 -0.416033 0.247899
v 7.429677 -0.335152 0.211066
v 7.454638 -0.325000 0.100000
v 7.475000 -0.220642 0.232814
v 7.451593 -0.224112 0.217990
v 7.475000 -0.172203 0.025000
v 7.425000 -0.426078 0.120811
v 7.479161 -0.225000 0.125000
v -2.362270 -3.459214 -0.880991
v -2.321922 -3.407162 -0.914146
v -2.152053 -2.944619 -0.915760
v -2.028330 -3.456764 -0.892627
v -2.030886 -3.295630 -0.919047
v -1.789883 -3.411157 -0.914116
v 3.278565 -8.407516 2.073679
v 3.228614 -8.111987 2.083095
v 3.082961 -7.997932 2.076191
v 3.318979 -8.571969 2.092776
v 3.550798 -8.429205 2.071162
v 3.585874 -8.241583 2.095124
v 3.671096 -8.364542 2.088008
v 3.552563 -8.123123 2.063240
v 3.802372 -8.625709 2.069197
v 3.919407 -8.363521 2.074592
v 4.021046 -8.183564 2.095997
v 4.012744 -8.445034 2.099493
v 3.953041 -8.105702 2.068732
v -3.467516 -3.285623 2.081660
v -3.468257 -3.295834 1.986165
v -3.422255 -3.202940 1.908968
v -3.220283 -3.334331 2.011237
v -3.313179 -3.260795 1.932628
v -1.548057 -3.459209 -0.875494
v -1.484073 -3.387764 -0.904013
v -1.405536 -3.435873 -0.864561
v -1.326734 -3.304710 -0.908398
v -1.260274 -3.311737 -0.905018
v -1.158363 -3.372849 -0.902705
v -0.898304 -2.984493 -0.903234
v 0.122970 -3.266873 -0.631446
v 0.074533 -3.271647 -0.377473
v 0.072250 -3.281358 -0.474023
v 0.051818 -3.433414 -0.175195
v 0.198212 -3.154213 -0.481488
v 0.270739 -3.439544 -0.731982
v 0.279953 -3.291261 -0.632364
v 0.278112 -3.268325 -0.371577
v 0.315252 -3.416593 -0.157765
v 0.277790 -3.306292 -0.443175
v 0.376404 -3.323650 -0.075210
v 0.363304 -3.317589 -0.400935
v 0.300277 -3.311592 -0.191792
v 0.374849 -3.242145 -0.563660
v 0.367875 -3.429683 -0.042751
v 0.421202 -3.325843 -0.639288
v 0.476094 -3.349686 -0.065791
v 0.413462 -3.311977 -0.035289
v 0.481490 -3.277682 -0.496031
v 0.393522 -3.263238 -0.327347
v 0.551044 -3.305174 -0.398203
v 0.555872 -3.425223 -0.111922
v 0.555947 -3.179550 -0.193159
v 0.516098 -3.285788 -0.176909
v 0.483563 -3.191041 -0.256381
v 0.690495 -3.322683 -0.636315
v 0.727054 -3.278088 -0.168277
v 0.721298 -3.294139 -0.357439
v 0.875000 -3.325000 -0.652196
v 0.647002 -3.289965 -0.486084
v 0.744019 -3.299656 -0.070475
v 0.771287 -3.360347 -0.644092
v 0.822146 -3.296176 -0.485089
v 3.257986 -0.526758 0.824524
v 3.250167 -0.213092 0.768890
v 3.280221 -0.176083 0.033385
v 3.294093 -0.529813 0.059714
v 3.375195 -0.531079 0.054401
v 3.473901 -0.482765 0.061687
v 3.487852 -0.400203 0.589329
v 3.467811 -0.286284 0.824101
v 3.424315 -0.467094 0.824349
v 3.464357 -0.477234 0.425622
v 3.534923 -0.326384 0.101992
v 3.529321 -0.393720 0.151769
v 3.532110 0.029952 0.142547
v 3.836147 -0.675909 -0.104974
v 3.808634 -0.677446 0.896989
v 3.818690 -0.674463 0.421164
v 3.821527 -0.394587 0.614320
v 3.874621 -0.690426 0.717305
v 3.844617 -0.256803 0.037365
v 3.830760 0.251176 0.451708
v 3.991432 -0.654200 0.412376
v 4.024883 -0.025027 0.574987
v 4.024846 -0.025000 0.575000
v 4.025000 -0.025000 0.575459
v 4.025000 -0.023177 0.575000
v 3.331200 -0.527871 0.837544
v 3.791601 -0.674956 1.227005
v 3.792608 -0.208781 1.224262
v 3.797209 0.186366 1.242741
v 3.860275 -0.666281 1.304786
v 3.850712 -0.230429 1.290916
v 3.947237 -0.708099 1.274899
v 0.215088 -6.714067 2.071845
v 0.616590 -6.489916 2.075827
v 0.455258 -7.162911 2.084403
v 0.788051 -6.813872 2.074913
v 0.862985 -6.466937 2.057091
v 1.023454 -6.523242 2.066960
v 4.122417 -2.295731 0.339420
v 4.113975 -2.320917 0.628296
v 4.117027 -2.246691 0.759072
v 4.125000 -2.228571 0.125000
v 4.124978 -2.225000 0.125000
v 4.125000 -2.225000 0.124693
v 4.125000 -2.225000 0.125127
v 4.119688 -2.225000 0.625000
v 4.125000 -2.225000 0.675000
v 4.125000 -2.225000 0.675000
v 4.125000 -2.225978 0.725000
v 4.118772 -2.190068 0.738290
v 4.125000 -2.225000 0.726796
v 4.125000 -2.224538 0.125000
v 4.125000 -2.225000 0.675000
v 4.118168 -2.175000 0.675000
v 4.125000 -2.223348 0.725000
v 4.130781 -1.858955 0.278046
v 4.129810 -2.005063 0.154641
v 4.121775 -2.047353 0.468113
v 4.123938 -1.888909 0.660734
v 4.129349 -1.902887 0.874091
v 4.119591 -1.778466 0.472489
v 4.122066 -1.682631 0.658384
v 4.117718 -1.542667 0.153988
v 4.131068 -1.555627 0.594715
v 4.125285 -2.275000 0.125000
v 4.128599 -2.225000 0.075000
v 4.134605 -2.224570 0.185631
v 4.125000 -2.225000 0.675000
v 4.125215 -2.225000 0.725000
v 4.127429 -2.175000 0.125000
v 4.133050 -2.034243 0.770162
v 4.440533 -1.962500 0.825000
v -3.200219 1.538542 -0.770274
v -3.115963 1.499415 -0.823898
v -2.919821 1.507188 -0.821950
v -3.044704 1.492637 -0.909999
v -3.121953 1.591561 -0.891267
v -2.968327 1.481022 -0.894865
v -2.933253 1.640686 -0.875023
v -2.837474 1.421601 -0.900564
v -2.789733 1.339329 -0.884872
v -2.710906 1.101091 -0.912437
v -2.736080 1.452087 -0.909159
v -2.784236 1.116073 -0.820571
v -2.538386 1.671490 -0.904761
v -2.423548 0.870314 -0.831198
v -2.505056 0.951183 -0.876912
v -2.497540 1.150824 -0.894006
v -2.378289 1.263800 -0.904023
v -2.583203 1.459250 -0.898547
v -2.475903 1.400244 -0.817754
v 3.343549 0.046040 0.851148
v 3.799184 0.236662 1.092058
v 3.790970 0.597245 1.228678
v 3.838497 0.556970 1.287407
v 4.009735 0.016568 0.843666
v 3.984246 0.713521 0.862588
v 3.992292 0.863364 1.074474
v 3.979914 0.826230 0.924189
v 3.802716 0.972433 1.230432
v 3.809984 0.943153 0.877415
v 3.924388 0.897749 0.946752
v 3.926144 0.965440 0.994064
v 3.881410 0.983952 1.212574
v 3.959776 0.921870 1.288136
v 3.980742 0.927101 1.225752
v 4.072404 0.001855 0.262837
v 4.027801 0.025000 0.575000
v 4.053604 0.141330 0.340409
v 4.036460 0.358915 0.509113
v 4.045902 0.629183 0.513868
v 4.072689 0.526792 0.768705
v 4.077008 0.696313 0.809399
v 4.014364 0.839460 0.775980
v 4.125547 0.315421 0.169341
v 4.119289 0.262373 0.286080
v 4.078533 0.471514 0.344331
v 4.128773 0.753950 0.437895
v 4.113281 0.663453 0.534090
v 4.115897 0.683944 0.774983
v 4.138924 0.308007 0.650624
v 4.130678 0.538332 0.316773
v 4.152097 0.508860 0.651909
v 4.147892 0.671548 0.480419
v 4.120805 0.770714 0.227293
v 4.225000 0.525000 0.601534
v 4.158052 0.616909 0.643107
v 4.188889 0.581621 0.763275
v 4.225000 0.125000 0.789962
v 4.234081 0.375000 0.775000
v 4.258191 0.525000 0.787584
v 4.376621 0.693750 0.822415
v 4.129389 0.878216 -0.771391
v 4.011068 0.952898 -0.750864
v 4.055315 0.873838 -0.427297
v 4.063915 0.875397 -0.058145
v 4.080712 0.977424 -0.244776
v 4.095202 1.463931 -0.735724
v 4.000337 1.574079 -0.757693
v 4.136670 0.852870 -0.057015
v 4.117623 0.925847 -0.738345
v 4.121339 0.925026 -0.472398
v 4.111714 0.888711 -0.306076
v 4.087152 0.951375 -0.114224
v 4.155830 0.979052 -0.260383
v 4.163372 1.116777 -0.293187
v 4.170606 1.110139 -0.618125
v 4.167451 1.275525 -0.374438
v 4.161637 1.346526 -0.129540
v 4.167043 1.424823 -0.683328
v 4.175810 1.591272 -0.463904
v 4.113143 0.925350 0.646470
v 4.157295 0.853044 0.871099
v 4.157960 0.926924 0.942218
v 4.168693 0.925526 1.262572
v 4.196454 0.984595 0.872273
v 4.195316 0.978592 1.320934
v 4.106831 0.932908 1.400731
v 4.220438 0.920000 1.257851
v 4.241156 0.915876 0.961110
v 4.222877 0.889681 1.514739
v 4.320311 0.960298 0.926715
v 4.280498 0.979743 1.569113
v 4.350944 1.144647 0.946608
v 4.420923 1.233170 0.869105
v 4.357962 1.281592 0.930866
v 4.036465 1.871509 -0.488807
v 4.024207 1.880511 -0.361923
v 4.086240 1.894224 -0.041528
v 4.153670 1.987015 -0.048668
v 4.059920 2.093140 -0.748436
v 4.083068 2.083064 -0.148401
v 4.055627 2.222342 -0.734964
v 4.075579 2.396034 -0.689829
v 4.125351 1.806544 -0.429953
v 4.116107 1.820453 -0.099786
v 4.103296 1.861794 -0.682751
v 4.135482 1.858402 -0.452367
v 4.156203 1.943060 -0.396907
v 4.094396 2.055507 -0.581195
v 4.075551 2.077741 -0.380786
v 4.026894 2.076066 0.023268
v 4.081324 2.257064 -0.072088
v 4.150328 1.750983 -0.420626
v 4.146332 1.800499 -0.688398
v 4.159746 1.798694 -0.110972
v 4.171374 1.779795 -0.495307
v 4.160524 1.943274 -0.665867
v 4.199359 1.949068 -0.501129
v 4.156994 1.964768 -0.240563
v 4.165267 2.371756 -0.072260
v 13.073394 -7.975000 1.525000
v 13.075000 -7.975000 1.527332
v 13.065827 -7.361246 1.379683
v 13.076051 -7.500000 1.600000
v 13.054755 -7.450000 1.400000
v 13.073572 -7.425000 1.125000
v 13.067377 -7.375000 1.125000
v 13.058316 -7.375000 1.175000
v 13.077171 -7.425000 1.325000
v 13.075000 -7.418397 1.325000
v 13.057859 -7.375000 1.325000
v 13.078109 -7.369162 1.532607
v 13.062460 -7.325000 1.075000
v 13.075000 -7.325000 1.090675
v 13.080812 -7.339657 1.125000
v 13.075000 -7.313797 1.075000
v 13.087296 -7.334507 1.325000
v 13.088904 -7.975000 1.575000
v 13.114876 -7.220657 1.569628
v 12.927034 -10.326203 1.275986
v 12.969275 -10.375001 1.288642
v 12.974325 -10.319769 1.084163
v 12.973229 -9.674829 1.224851
v 13.025000 -10.353613 1.233690
v 12.990074 -10.283255 1.202373
v 13.006370 -10.393160 1.337195
v 12.991446 -10.360296 1.380494
v 13.030752 -10.215035 1.102338
v 13.034073 -10.265374 1.279018
v 13.022804 -10.312500 0.977514
v 13.029898 -9.925000 1.181350
v 13.040495 -9.925000 1.375000
v 13.001096 -9.846290 1.385919
v 13.025000 -9.891293 1.475000
v 13.025000 -9.875001 1.525000
v 13.023920 -9.875001 1.575000
v 13.025000 -9.875001 1.525000
v 13.025000 -9.844449 1.475000
v 13.012942 -9.793633 1.463190
v 13.025000 -9.875001 1.525000
v 13.025000 -9.825001 1.496980
v 13.026031 -9.793091 1.543591
v 13.010785 -9.775001 1.075000
v 12.974999 -9.733607 1.175000
v 13.025000 -9.758018 1.125000
v 12.986744 -9.725000 1.175000
v 13.009203 -9.775001 1.225000
v 12.985699 -9.725000 1.225000
v 13.032042 -9.655071 1.616312
v 13.024862 -9.675000 1.175000
v 12.974999 -9.673634 1.225940
v 13.017485 -9.775001 1.358798
v 13.031881 -9.725000 1.136900
v 13.009997 -9.584786 1.162714
v 13.020554 -9.604481 1.533876
v 13.005913 -10.489405 1.610787
v 13.040528 -10.201551 1.615773
v 13.085266 -10.158372 1.289637
v 13.018291 -10.200001 0.975000
v 13.050293 -10.156188 1.072150
v 13.040812 -10.051144 1.348878
v 13.066178 -10.158820 1.428896
v 13.052903 -10.034376 1.037500
v 13.031316 -9.935392 1.276566
v 13.067956 -10.010002 1.589030
v 13.044891 -9.925000 1.575000
v 13.027220 -9.907351 1.695020
v 12.986297 -9.825001 1.275000
v 13.025000 -9.875001 1.525000
v 13.049840 -9.609214 1.376235
v 2.387560 -2.275584 -0.872143
v 2.408102 -1.684250 -0.890022
v 2.632709 -1.810644 -0.894475
v 2.676674 -2.095909 -0.880671
v 3.176847 -1.546135 -0.886637
v 2.996287 -1.901431 -0.884973
v 7.365515 -4.802024 2.125000
v 7.363147 -4.945774 2.106244
v 7.337500 -4.962500 2.114219
v 7.540596 -4.882021 2.119850
v 7.513128 -4.969120 2.123374
v 7.743575 -4.843903 2.117333
v 7.765172 -5.028211 2.114510
v 7.750000 -5.137500 2.105941
v 4.039877 2.658864 -0.040167
v 4.088887 2.624053 -0.672449
v 4.039267 3.049690 -0.072381
v 4.077024 2.486272 -0.745667
v 4.172635 2.609204 -0.727545
v 4.076415 2.958335 -0.051787
v 4.076442 3.117061 -0.061304
v 4.175150 3.064808 -0.689841
v 4.176420 2.855191 -0.032834
v 8.873491 -0.640823 0.200000
v 8.889136 -0.558238 0.133007
v 8.908866 -0.516194 0.150000
v 8.867704 -0.562500 0.090755
v 0.990142 -5.717909 2.076269
v 1.236537 -6.060938 2.067489
v 1.008585 -6.262943 2.079906
v 1.096237 -5.926334 2.076403
v 1.456003 -5.825629 2.077133
v 1.408724 -6.309324 2.084378
v 1.465801 -5.619696 2.082031
v 3.283432 -0.193541 -0.772679
v 3.316053 -0.486981 -0.029280
v 3.445274 -0.392351 -0.024524
v 3.364856 -0.123355 -0.707184
v 3.488000 0.003136 0.006491
v 3.510807 -0.068156 -0.706856
v 3.736267 -0.053627 -0.765424
v 3.858702 -0.554089 -0.135980
v 3.877541 -0.617150 -0.629968
v 3.863488 -0.276045 -0.453800
v 3.876588 -0.273308 -0.662553
v 3.858685 -0.096629 -0.205827
v 3.880901 -0.704930 -0.264698
v 4.052314 1.501163 -0.790988
v 4.053044 1.619352 -0.826353
v 4.072359 1.023522 -0.889585
v 4.060386 1.342084 -0.887100
v 4.172249 1.006178 -0.817229
v 4.170184 1.368767 -0.831521
v 0.043455 -0.803187 -0.888221
v 0.326359 -0.776198 -0.891915
v 0.305258 -1.228744 -0.891366
v 0.648265 -0.940255 -0.899938
v 0.985978 -1.280753 -0.892317
v 0.776291 -0.765087 -0.880122
v 0.073128 -0.826114 -0.031828
v 0.094308 -0.778640 -0.366912
v 0.270760 -0.928856 -0.001478
v 0.186092 -0.939599 -0.032246
v 0.161094 -0.839629 -0.182408
v 0.301339 -0.785021 -0.327328
v 0.328203 -1.039775 -0.090371
v 0.188488 -1.054832 -0.018799
v 0.360976 -0.857653 -0.120096
v 0.384715 -0.985912 -0.127729
v 0.465006 -0.981582 -0.028542
v 0.499778 -0.907726 -0.026209
v 0.474475 -0.846003 0.029743
v 0.587267 -0.941188 -0.130899
v -3.302068 -10.798803 2.065506
v -2.955697 -10.958783 2.042786
v -3.067584 -11.056293 2.075000
v -2.976473 -10.624689 2.049552
v -2.800000 -11.000000 2.063478
v -2.712854 -10.757671 2.015476
v -2.621702 -10.886730 2.018810
v -2.407447 -10.662939 2.023129
v -2.586796 -10.537210 2.059773
v -2.408459 -10.467624 2.078285
v -2.656250 -11.000000 2.056230
v -2.423225 -10.825729 2.026189
v 0.113978 -0.801888 0.017918
v 0.139897 -0.905617 0.027509
v -2.688674 2.190563 0.882635
v -2.627187 2.277410 0.876501
v -2.617285 2.104059 0.879406
v 1.740374 -2.384322 -0.826210
v 2.196115 -1.944711 -0.891891
v 2.344137 -2.173337 -0.894559
v 2.036099 -1.764469 -0.879172
v 2.308542 0.030404 2.109254
v 2.529616 0.578608 2.118627
v 2.812249 0.506316 2.112846
v 2.765159 0.070238 2.108251
v 2.954826 0.736099 2.129113
v 3.063479 0.475619 2.115137
v 3.078445 0.190972 2.108116
v 8.022787 -1.110525 2.135684
v 8.075712 -0.808430 2.116867
v 8.145966 -1.242162 2.120595
v 8.299445 -1.672298 2.116539
v 0.603575 3.106024 2.096544
v 1.023856 3.157427 2.099561
v 1.343014 3.192121 2.105431
v 1.277043 3.723922 2.100676
v 1.644902 3.783025 2.103790
v -2.354402 -4.181554 2.052985
v -2.174066 -4.620434 2.049645
v -2.097340 -4.408010 2.057786
v -2.010272 -4.133121 2.068614
v -1.867539 -4.654363 2.059753
v 3.107231 -9.607403 0.898188
v 3.085085 -9.583254 1.076195
v 3.096941 -9.579546 1.249443
v 3.226086 -9.635575 0.734587
v 3.217965 -9.635195 0.935300
v 3.226250 -9.586668 1.077331
v 3.297154 -9.594302 1.356779
v -3.146345 3.407335 0.239496
v -3.131238 3.541328 0.697053
v -3.160586 3.826114 0.746549
v -3.090429 3.428144 0.611847
v -3.100716 3.803430 0.744870
v -2.933302 3.403216 0.240397
v -2.918613 3.517167 0.634546
v -2.975081 3.783671 0.749815
v -2.931169 3.419337 -0.006641
v -2.924108 3.419061 0.513335
v -2.890355 3.520766 0.145083
v -2.866595 3.513276 0.516359
v -2.897212 3.764912 0.341514
v -2.875707 3.560222 0.290370
v -2.870206 3.680500 0.352648
v -2.864270 3.817623 0.300872
v -2.807185 3.596532 0.387798
v -2.878980 3.823638 0.743176
v -2.839504 3.566734 0.671566
v -2.810830 3.768113 0.635797
v -2.795912 3.773543 0.420874
v -2.769360 3.827698 0.375247
v -2.575613 3.819199 0.311772
v -2.774057 3.823055 0.624205
v -2.545863 3.535327 0.278523
v -2.527107 3.496901 0.147476
v -2.476232 3.644678 0.171724
v -2.506514 3.792960 0.271632
v -2.408487 3.717054 0.004861
v -2.492872 3.780985 0.107766
v -2.382631 3.780165 0.063747
v -2.410659 3.469478 0.006964
v -2.419123 3.816983 0.611942
v 4.837974 -1.800992 2.132218
v 4.912602 -2.360527 2.125787
v 4.928115 -2.059399 2.132222
v 5.203185 -2.196534 2.129847
v 5.190427 -1.814133 2.124174
v 5.251770 -1.640846 2.136426
v 5.288779 -2.491959 2.132774
v 5.456260 -1.827530 2.124369
v 5.428492 -2.399006 2.122234
v 5.468956 -2.034228 2.126324
v 5.493351 -1.680235 2.123562
v 12.946724 -9.550997 2.125000
v 12.952148 -9.537158 2.067906
v 13.004040 -10.250000 2.125000
v 12.974499 -10.522771 2.082280
v 12.896099 -10.125001 2.125000
v 12.991048 -10.163731 2.072504
v 12.983556 -9.875001 2.175000
v 12.989898 -9.880266 1.807311
v 13.014383 -10.120733 2.029763
v 13.016081 -9.834520 1.996916
v 13.020542 -9.879676 1.891980
v 13.017640 -9.716305 2.002621
v 12.994904 -9.717079 1.778005
v 12.991713 -9.640575 2.075000
v 13.008598 -9.590823 1.786358
v 13.014443 -9.712640 1.891503
v 13.029770 -9.586479 1.871542
v 12.964740 -9.616221 1.678697
v 13.050587 -10.227542 1.921141
v 13.050632 -10.080658 1.729802
v 13.065545 -10.040201 1.891968
v 13.002389 -9.871922 2.105815
v 13.020483 -9.848874 1.787492
v 13.030226 -9.712260 1.695946
v 13.031131 -9.614435 1.728310
v -2.281124 0.129895 -0.826480
v -2.404858 0.654050 -0.874633
v -2.326771 0.717023 -0.861258
v -2.299349 0.132586 -0.872198
v -2.288221 0.357196 -0.890019
v -2.369726 0.355671 -0.822528
v -2.378133 0.479316 -0.881948
v -2.252487 0.687722 -0.825753
v -2.182935 0.236094 -0.824961
v -2.197253 0.687477 -0.917137
v -2.166070 0.541101 -0.858604
v -2.078832 0.183988 -0.909562
v -2.033828 0.231576 -0.884988
v -2.271314 0.243451 -0.887700
v -2.060455 0.503411 -0.913211
v -1.770401 0.331966 -0.883438
v -1.709814 0.418497 -0.902560
v -1.645615 0.325636 -0.892399
v -1.649312 0.406444 -0.821651
v -1.669431 0.495233 -0.846843
v -1.670941 0.633806 -0.886860
v -1.553417 0.602394 -0.797106
v 9.199932 1.519081 2.134645
v 9.256427 1.326158 2.126316
v 9.183446 1.112193 2.117641
v 9.264218 0.936166 2.127560
v 9.463483 1.305382 2.129766
v 9.507239 1.109459 2.131526
v 9.695058 1.094097 2.136136
v -1.711202 2.161900 -0.914183
v -1.334971 2.205593 -0.468309
v -1.307666 1.853669 -0.909136
v -1.231525 2.220434 -0.868776
v -1.231336 2.143766 -0.909669
v -2.275000 -3.753340 0.775000
v -2.363928 -3.705335 0.886719
v -2.292841 -3.459548 0.433541
v -2.174964 -3.449967 0.178968
v -2.381452 -3.452298 0.825001
v -1.954069 -3.442020 0.433781
v -1.871470 -3.445644 0.610871
v -1.736790 -3.438078 0.238478
v -1.629370 -3.432661 0.370967
v -1.584938 -3.449452 0.821406
v -1.615234 -3.421080 -0.013211
v 2.646855 3.065728 2.116572
v 2.602224 3.553266 2.103358
v 2.725809 3.931268 2.109082
v 3.029826 3.251473 2.106927
v 3.127573 3.369876 2.074565
v 3.084994 3.425322 2.105781
v 3.066098 3.818731 2.111280
v -3.026776 1.958349 2.093559
v -2.612184 2.009794 2.101063
v -2.703296 1.755444 2.101732
v -2.352304 1.712788 2.093971
v -2.373185 2.267627 2.095001
v 2.481506 4.290042 1.542421
v 2.875339 4.283584 1.668233
v 2.941904 4.195035 2.108985
v 2.829073 4.281400 2.071301
v 3.077159 4.286140 1.951049
v 4.086673 -2.381543 -0.875320
v 4.067094 -1.778731 -0.875856
v 4.132228 -1.843365 -0.827416
v 4.116385 -1.834904 -0.697175
v 5.202930 -0.423087 2.121700
v 5.043081 -0.862617 2.133914
v 5.388373 -0.041042 2.119370
v 5.319574 -0.274528 2.108054
v 5.181275 -0.547425 2.111915
v 5.650623 -0.083988 2.121047
v 5.533497 -0.499802 2.113469
v 4.854975 0.143403 2.106312
v 5.072224 0.103712 2.110162
v 5.081219 -0.110340 2.111687
v 5.378520 0.800875 2.107939
v 5.322875 0.523739 2.112425
v 5.588240 0.139406 2.114791
v 5.653950 0.437694 2.113250
v 5.883349 0.423995 2.118978
v 6.021523 0.724225 2.125027
v 6.178762 0.071427 2.100294
v 6.076079 0.363720 2.112507
v 6.205472 0.546356 2.129784
v 6.241434 0.197808 2.122246
v 4.040328 -3.390080 0.125428
v 4.059338 -3.330920 0.690371
v 4.050523 -3.322452 0.112141
v 4.437758 -3.408244 0.790122
v 4.413977 -3.225000 0.761392
v 4.550000 -3.405351 0.725000
v 4.882329 -3.419118 0.773660
v 3.253661 2.778621 2.117436
v 3.365732 3.132277 2.107765
v 3.740365 3.064431 2.119930
v 3.641057 2.776474 2.111686
v 3.753914 2.304658 2.112054
v 3.901043 2.711187 2.111639
v 11.263895 2.644365 2.128107
v 11.366175 2.813121 2.075007
v 11.400422 2.545892 2.123198
v 11.492478 3.147484 2.144922
v 11.594694 2.709247 2.122492
v 11.630427 2.645151 2.153858
v 11.568641 2.793682 2.118738
v 11.525000 2.875000 2.106551
v 11.743750 2.758589 2.116111
v 11.555452 3.075000 2.137522
v 11.842238 2.578620 2.132967
v 11.794097 2.652870 2.126736
v 11.775000 3.075000 2.171579
v 11.825649 2.621950 2.165725
v 11.998722 2.659365 2.130030
v 12.051235 3.251800 2.164436
v 11.891759 3.110674 2.156664
v -1.390096 0.373062 2.083408
v -1.392349 0.681732 2.096605
v -1.230886 0.120650 2.089057
v -1.032573 0.449464 2.093785
v 3.306708 -2.292776 -0.893569
v 3.670357 -1.353686 -0.895043
v 3.276058 -2.006436 -0.888042
v 3.862633 -1.801899 -0.895943
v 3.491781 -1.791779 -0.887863
v 3.859700 -1.408097 -0.885083
v 3.828316 -1.724836 -0.896686
v 3.949312 -1.669041 -0.884890
v 3.970835 -2.041473 -0.897812
v 3.873641 -1.739944 -0.830692
v 0.247984 -8.913663 2.061852
v 0.076741 -9.499687 2.018341
v 0.131855 -9.521676 1.955231
v 0.213077 -9.471581 1.976578
v 0.357720 -9.479815 2.010539
v 0.305872 -9.155575 2.079297
v 0.318634 -9.501938 1.740596
v 0.754947 -9.482516 2.079754
v 0.444593 -9.368158 2.074252
v 0.590221 -9.484032 1.769100
v 0.522575 -9.501513 2.009136
v 0.966831 -9.141380 2.069418
v 0.634227 -8.815337 2.065546
v 0.771967 -9.365372 2.097013
v 5.685666 2.322148 2.127333
v 6.042536 1.567616 2.123339
v 5.828326 1.785076 2.124834
v 6.005499 1.766486 2.119284
v 5.937202 2.215774 2.130250
v 6.127233 1.918098 2.133718
v 6.272588 2.347557 2.125485
v 6.260743 1.734191 2.125825
v 6.387625 1.525301 2.130091
v 6.439813 1.898652 2.138616
v 1.573325 4.128133 -0.860149
v 1.550000 4.150000 -0.875998
v -3.537500 -0.268404 -0.885035
v -3.576450 -0.021721 -0.933294
v -3.651581 -0.072300 -0.909338
v -3.525000 -0.153900 -0.940427
v -3.432453 -0.191866 -0.914261
v -3.404225 -0.113160 -0.910138
v -3.301981 -0.156886 -0.800000
v -3.210842 -0.128726 -0.889999
v -3.280511 -0.112431 -0.829043
v 4.037372 -0.625141 0.151964
v 4.076877 -0.542605 0.442618
v 4.052836 -0.606243 0.750380
v 4.083192 -0.515429 0.858856
v 4.071826 -0.438733 0.405118
v 4.074751 -0.476113 0.569225
v 4.077645 -0.499534 0.709652
v 4.067133 -0.333362 0.318236
v 4.037298 -0.333797 0.778900
v 4.070775 -0.116593 0.365188
v 4.075140 -0.167023 0.663442
v 4.074574 -0.175347 0.892542
v 4.041615 -0.040030 0.546638
v 4.036888 -0.025000 0.625000
v 4.126945 -0.514081 0.559804
v 4.123403 -0.537970 0.729765
v 4.106220 -0.416855 0.379868
v 4.118806 -0.406348 0.588240
v 4.083986 -0.229593 0.387522
v 4.118961 -0.228004 0.531664
v 4.128268 -0.072958 0.383007
v 4.127604 -0.077848 0.604416
v 4.119973 0.093660 0.387030
v 4.127511 -0.578654 0.376777
v 4.126474 -0.569803 0.134173
v 4.126499 -0.049150 0.238895
v 4.126872 0.070284 0.569837
v 4.271565 -0.096644 0.755412
v 4.325000 -0.125000 0.669708
v 4.275000 -0.025000 0.769884
v 4.370877 -0.337500 0.693580
v 4.426760 -0.542652 0.738023
v 7.165635 2.903579 2.145518
v 7.198537 2.989440 2.111616
v 7.391919 2.765307 2.115986
v 7.405495 2.660957 2.136348
v 7.545070 2.890554 2.126605
v 7.707570 2.611247 2.134835
v 7.866786 2.936546 2.123038
v 7.726457 2.292060 2.129686
v -0.684277 3.473659 -0.865965
v -0.571823 3.660140 -0.857073
v -0.838859 3.884532 -0.818663
v -0.525000 3.425000 -0.775000
v -0.536031 3.526480 -0.898022
v -0.475000 3.375000 -0.793363
v -0.493171 3.575812 -0.897027
v -0.438917 3.668011 -0.929686
v -0.559463 3.727899 -0.830979
v -0.223811 3.862019 -0.791464
v -0.085902 3.325577 -0.873366
v -0.075421 3.483191 -0.836886
v -0.020635 3.409466 -0.829006
v -0.053233 3.484109 -0.862662
v -3.656306 -0.829599 -0.857432
v -3.500750 -0.941399 -0.874113
v -3.474035 -1.279581 -0.805421
v -3.497881 -1.164641 -0.867973
v -3.583550 -0.808949 -0.907360
v -3.440610 -0.988639 -0.909331
v -3.078026 -0.838703 -0.914438
v -3.361079 -1.190596 -0.895074
v -3.281605 -1.227266 -0.824231
v -3.353362 -0.775322 -0.875002
v 2.625594 -3.478162 -0.829928
v 2.688706 -3.343461 -0.847635
v 2.721277 -3.382151 -0.900281
v 2.904615 -3.467471 -0.830392
v 2.981011 -3.489605 -0.825782
v 2.973399 -3.418475 -0.884212
v -3.675226 -0.825000 -0.325000
v -3.675136 -0.824905 -0.325284
v -3.675217 -0.825053 -0.325016
v -3.675000 -0.781755 -0.275000
v -3.627868 -0.875000 -0.325000
v -3.620989 -0.876887 -0.327402
v -3.664337 -0.856367 -0.010651
v -3.643005 -0.812083 -0.337235
v -3.664152 -0.828009 -0.271645
v -3.578444 -0.874020 -0.635888
v -3.602270 -0.823346 -0.651341
v -3.486466 -0.835683 -0.647243
v -3.452806 -0.799271 -0.545146
v -3.473449 -1.471752 -0.445000
v -3.474310 -1.506325 -0.263266
v -3.513111 -1.366628 0.034466
v -3.512547 -1.390736 -0.184788
v -3.501069 -1.126830 -0.526460
v -3.506826 -0.929417 -0.498234
v -3.407111 -1.283652 -0.484331
v -3.476331 -1.252931 -0.662694
v -3.467538 -1.207260 -0.534284
v -3.446610 -1.205777 -0.621808
v -3.385287 -0.923034 -0.579724
v -3.368718 -0.781891 -0.691179
v -3.259831 -1.278672 -0.466015
v -3.253973 -1.182693 -0.654081
v -3.200097 -1.525707 -0.472483
v -3.296894 -0.802983 -0.559706
v -3.166621 -1.271521 -0.490316
v 4.016832 -0.682507 1.024455
v 4.040973 -0.603646 1.286437
v 4.087364 -0.508950 1.033679
v 4.044582 -0.319601 1.267077
v 4.076882 -0.062874 1.080643
v 4.074781 -0.414093 0.879326
v 4.075319 -0.225609 1.136217
v 4.085102 -0.177774 1.314340
v 4.108936 -0.175173 0.833873
v 4.172526 -0.081405 1.390456
v 4.129078 -0.069339 1.282011
v 4.129782 -0.064249 0.966537
v 4.179466 -0.348833 1.111112
v 4.164005 -0.312766 1.232091
v 4.172075 -0.208201 1.015510
v 4.125462 -0.402594 0.862098
v 4.178644 -0.357899 0.958002
v 4.187225 -0.134904 0.990258
v 4.226428 -0.117580 0.927001
v 4.211307 -0.202962 1.374537
v 4.230160 -0.071473 1.321963
v 4.255871 -0.407948 0.954506
v 4.385770 -0.463977 0.856631
v 4.343129 -0.349137 0.855421
v 4.435503 -0.634663 0.875690
v 2.449169 -0.240832 2.104799
v 2.580292 -0.645131 2.105805
v 2.863509 -0.121392 2.106053
v 2.818950 -0.273418 2.088945
v 2.927620 -0.714001 2.106665
v 2.919523 -0.381054 2.110479
v 3.573817 -0.260167 2.095858
v 0.792711 4.301359 2.006619
v 1.089754 4.289668 2.076722
v 1.236650 4.226383 2.101196
v 1.307754 4.298459 1.967104
v -3.500916 -0.518697 2.013078
v -3.504655 -0.503757 1.802749
v -3.486512 -0.117533 2.064247
v -3.502342 -0.089463 1.850472
v -3.461114 -0.405650 1.858646
v -3.445006 -0.229479 2.083892
v -3.473571 -0.771808 2.083992
v -3.461784 -0.456194 2.083808
v 4.916444 3.780788 2.066657
v 5.048878 3.470258 2.120054
v 5.216572 3.776334 2.071452
v 5.392490 3.766903 1.782807
v 4.993880 3.766588 1.825155
v 5.409149 3.373646 2.111168
v 5.297528 3.767612 1.907678
v 5.299264 3.750322 2.105507
v 5.529155 3.825878 1.804834
v 5.433924 3.817483 2.079396
v 5.501581 4.000153 1.920726
v 5.503682 4.050000 2.065143
v 5.557502 3.922896 1.679632
v 5.546844 3.920650 2.075380
v 5.564974 3.670332 2.116863
v 5.623157 4.107491 2.121870
v 5.600000 4.250000 2.107656
v 5.607856 4.275000 1.875000
v 5.676738 4.288436 1.957473
v 5.600000 4.267465 2.025000
v -3.481990 2.721065 1.383026
v -3.484847 2.978824 1.477306
v -3.481278 3.529786 1.102963
v -3.474992 2.583483 0.897144
v 5.626711 3.883497 2.109223
v 6.021505 3.641171 2.109476
v 6.035023 3.297933 2.115859
v 5.637500 4.288853 1.631250
v 5.684065 4.286673 2.117003
v 5.941339 4.257164 2.077194
v 6.008145 4.254974 1.871904
v 6.038811 3.971654 2.109903
v 6.247232 4.183949 2.110667
v 6.115381 4.256348 1.710784
v 6.229107 4.266834 1.928965
v 6.177333 4.264847 2.073381
v -2.277671 -0.174847 2.095488
v -2.078954 -0.282633 2.092612
v -1.913285 -0.336837 2.108248
v -1.592318 -0.092349 2.094979
v 0.629315 -3.000396 2.093825
v 1.662461 -2.795243 2.113681
v 1.788674 -2.924154 2.087574
v 1.338115 -3.013795 2.096924
v 6.615926 1.771592 0.073563
v 6.560794 2.225000 -0.025000
v 6.603168 1.875000 0.075000
v 6.623273 2.190978 0.288709
v 6.599660 2.225000 0.283817
v 6.667106 1.661470 0.134513
v 6.710346 2.225000 0.331632
v 6.813357 1.730135 0.143174
v 6.839817 1.778316 0.123300
v 6.726904 1.825000 0.138036
v 6.780908 2.167006 0.316919
v 6.773466 2.191381 0.060210
v 6.912500 1.637500 0.128868
v 6.973100 1.724178 0.170876
v 6.775000 2.172764 0.328633
v 7.025000 1.725000 0.152586
v 6.929864 1.803125 0.160549
v 6.991124 2.177027 0.113286
v 7.145540 2.179257 0.109100
v 7.194808 2.168329 0.243006
v 7.062500 2.187058 0.317887
v 9.038767 -0.447307 2.115622
v 9.040511 -0.591955 2.120328
v 8.827073 -0.057174 2.091236
v 8.975576 -0.146701 2.101717
v 9.202418 -0.657013 2.109260
v 9.120714 -0.020603 2.128043
v 9.470147 -0.434518 2.116741
v 9.087482 -0.314069 2.125571
v 9.304623 -0.128925 2.128524
v 9.503243 -0.574399 2.143653
v 9.518433 -0.237623 2.126834
v 9.756240 -0.528470 2.119649
v 9.619670 -0.016410 2.133330
v 4.814519 -5.468750 2.256250
v 4.871593 -5.370364 1.816432
v 4.856291 -5.343533 1.720007
v 4.835442 -5.499822 1.988645
v 4.860503 -5.099630 1.727264
v 4.872288 -4.989667 1.846325
v 4.851073 -5.152043 1.982187
v 4.853045 -4.816560 1.894635
v 4.835703 -4.805114 1.736947
v 4.830367 -4.780730 2.074786
v 4.994229 -5.064676 1.694953
v 5.024883 -4.861897 1.683474
v 5.031207 -5.403568 1.691640
v 4.918194 -5.298866 1.670049
v 5.218240 -4.994613 1.701382
v 5.387440 -5.157312 1.712481
v 5.400000 -5.027552 1.719912
v 5.429378 -5.475000 1.725000
v 5.437347 -5.131985 1.725000
v 7.312987 -0.677484 2.133816
v 7.343111 -1.017484 2.135363
v 7.321060 -1.506681 2.134945
v 7.469176 -1.358994 2.141136
v 7.853506 -1.236982 2.124675
v 7.084930 2.625000 -0.025000
v 7.115748 2.520678 0.050000
v 4.939582 -9.603747 1.430362
v 4.991379 -9.618082 0.971023
v 5.148679 -9.626016 0.942319
v 5.016534 -9.626320 1.071562
v 5.043314 -9.615138 1.250292
v 5.125000 -9.628091 1.225000
v 5.075000 -9.624003 0.750000
v 5.174775 -9.625163 1.175139
v 5.175326 -9.622231 1.125298
v 5.175000 -9.625000 1.225000
v 5.175000 -9.625001 1.225000
v 5.175000 -9.602382 1.275000
v 5.177054 -9.625001 1.175000
v 5.175000 -9.625001 1.225000
v 5.299736 -9.630751 1.198433
v 5.324949 -9.630061 1.095687
v 5.391146 -9.610392 1.347539
v 5.602298 -9.599172 1.063461
v 5.481725 -9.626106 0.997075
v 5.673704 -9.626103 1.254416
v 6.378579 3.618911 2.114855
v 6.386904 3.315842 2.120167
v 6.737607 3.282754 2.122879
v 6.741010 3.800220 2.115484
v 6.888983 3.429396 2.113995
v 7.046431 3.538363 2.117330
v 7.114638 3.273935 2.124182
v 7.401267 3.518213 2.117271
v 7.291020 3.310414 2.132520
v 7.097769 3.795927 2.115888
v 7.500792 3.169386 2.120409
v 7.663354 3.305528 2.107907
v 7.538250 3.772269 2.117116
v 4.084246 -3.295666 2.045824
v 4.159297 -3.277447 2.089382
v 4.483128 -3.355411 2.104865
v 4.356887 -3.389247 2.064312
v 4.326509 -3.390619 1.699690
v 4.759611 -3.398170 1.952039
v 5.656727 -3.356626 2.116728
v 5.811950 -3.156313 2.128362
v 5.801612 -3.610659 2.106738
v 6.195526 -3.409662 2.115957
v 6.233283 -3.629056 2.106806
v 6.037004 -3.492101 2.098442
v 6.236870 -3.541959 2.060358
v 6.440567 -3.847827 2.100934
v 6.214342 -3.517420 1.705595
v 6.281641 -3.485002 1.852753
v 6.286069 -3.468786 2.078487
v 6.299741 -3.591922 1.684216
v 6.319394 -3.488113 1.601936
v 6.406342 -3.642992 1.901091
v 8.901756 3.185882 0.056803
v 8.915091 3.125000 -0.025000
v 8.928430 3.118064 -0.050000
v 8.942039 3.125000 0.050000
v 8.932918 3.175000 -0.025000
v 1.774808 3.182633 2.100564
v 1.487679 3.336380 2.090447
v 1.980647 3.664848 2.103529
v 2.239597 3.708686 2.101905
v -3.486884 2.639449 0.215930
v -3.485174 2.640881 0.622426
v -3.462436 2.879307 0.118862
v -3.480623 3.040275 0.437988
v -3.488824 3.077109 0.787784
v -3.465138 2.562136 0.514821
v 12.935021 -3.494217 1.787902
v 12.875000 -3.475000 1.640585
v 12.894216 -3.482553 1.694603
v 12.843500 -3.498335 1.923121
v 12.958922 -3.539323 2.073121
v 12.892375 -3.470072 2.115948
v 12.874328 -3.424738 1.624573
v 12.875000 -3.425000 1.625147
v 12.881652 -3.409063 1.968095
v 12.875000 -3.424839 1.625000
v 12.929010 -3.365062 2.139177
v 12.881763 -3.262953 2.175358
v 12.943054 -3.479755 1.847453
v 12.946580 -3.483742 2.018208
v 12.925000 -3.425000 1.626645
v 12.925000 -3.423852 1.625000
v 12.884665 -3.231204 2.221996
v 12.974999 -3.438331 1.625000
v 12.927379 -3.425000 1.625000
v 12.988730 -3.353676 1.863508
v 12.962928 -3.430406 2.072249
v 12.979060 -3.388465 1.754019
v 12.999374 -3.204639 2.031033
v 13.074422 -3.424543 1.608621
v 12.974174 -3.303137 1.716521
v 12.996234 -3.404077 1.940706
v 13.020397 -3.286832 1.665515
v 12.991089 -3.161329 1.609090
v 13.021335 -3.179976 1.864245
v 13.087351 -3.336060 1.615794
v 7.250450 -7.075000 2.125000
v 7.225000 -6.919861 2.125000
v 7.409979 -6.951186 2.122519
v 7.468322 -6.633477 2.090529
v 7.410368 -6.603509 2.104035
v 7.462446 -6.583435 2.125000
v 7.449104 -6.362687 2.105258
v 7.509740 -6.909359 2.116868
v 7.630859 -6.745531 2.110803
v 7.622643 -7.260720 2.110517
v 7.523636 -7.065968 2.122118
v 7.639600 -6.650000 2.125000
v 7.724710 -6.414284 2.105932
v 7.576545 -6.456031 2.125000
v 7.761934 -6.863414 2.116431
v 7.739201 -6.624957 2.104354
v 7.889834 -7.167770 2.112486
v 7.919131 -6.627610 2.116688
v 7.894186 -6.938116 2.113456
v 7.987633 -7.150102 2.117662
v 7.955422 -6.514462 2.110488
v 8.009007 -6.450000 2.125000
v 8.020133 -7.011197 2.122816
v 8.829906 3.325000 0.125000
v -3.675601 0.893254 0.558547
v -3.680329 0.878958 0.765851
v -3.679915 1.099870 0.696942
v -3.677031 1.322970 0.790305
v -3.672876 1.074744 0.213179
v -3.674357 1.339208 0.226994
v -3.620802 1.369014 0.437000
v -3.534527 1.379901 0.204414
v -3.483841 1.424978 0.111186
v -3.491163 1.427746 0.217463
v -3.486186 1.545285 0.179709
v -3.493960 1.264684 0.191738
v -3.425985 1.412435 0.177756
v -3.096543 1.394155 0.104390
v -3.415733 1.402461 0.017502
v -3.467986 3.466002 0.460881
v -3.471425 3.456048 0.574117
v -3.484282 3.404829 0.711836
v -3.484515 3.678072 0.729901
v -3.431938 3.477821 0.067248
v -3.421634 3.484938 0.435840
v -3.405123 3.493912 0.621912
v -3.440833 3.784312 0.724292
v -3.452048 3.475118 0.265601
v -3.375590 3.423302 0.509406
v -3.405190 3.650262 0.694939
v -3.289203 3.806017 0.671210
v -3.402818 3.824485 0.870019
v -3.126558 3.420487 0.113448
v -3.297753 3.448019 0.199640
v -3.375077 3.456318 0.139291
v -3.337563 3.456139 0.598966
v 5.789326 -0.963602 2.121918
v 5.658130 -1.441713 2.133758
v 5.940234 -1.102069 2.123468
v 6.070654 -1.407839 2.129563
v 6.182397 -1.148493 2.120113
v 6.305459 -0.867646 2.126615
v 7.893814 1.647827 -0.025351
v 3.993388 -0.353794 2.105063
v 4.096763 -0.175848 2.060477
v 4.150175 -0.113062 2.069800
v 4.124111 -0.236460 2.077078
v 4.153006 -0.200582 1.997378
v 4.160106 -0.094614 1.855743
v 4.245131 -0.123847 2.030823
v 4.248897 -0.093961 1.695709
v 4.184727 -0.622066 2.097950
v 4.256443 -0.174457 1.860506
v 4.304826 -0.126788 1.419641
v 4.570532 -0.240234 2.104191
v 4.326853 -0.118556 2.097168
v 4.396253 -0.498369 2.107671
v 4.471137 -0.846850 2.123231
v 4.747394 -0.712474 2.125422
v 12.334090 2.059309 2.164704
v 12.348357 2.146839 2.148087
v 12.239993 2.235524 2.155849
v 12.158091 1.726931 2.154909
v 12.510231 1.809230 2.170986
v 12.610332 2.350151 2.166039
v 12.603456 2.057039 2.166540
v 12.909099 2.299550 2.172035
v 7.986309 -5.124094 2.111817
v 8.212166 -5.007573 2.121470
v 8.289827 -5.419993 2.125000
v 8.355876 -5.445590 2.077000
v 8.402035 -5.546911 2.077129
v 8.088558 -5.275000 2.116528
v 8.456142 -5.210660 2.115541
v 8.399440 -4.989501 2.107930
v 8.515587 -5.407753 2.091637
v 8.636941 -5.243042 2.112224
v 8.543058 -4.891087 2.088609
v 8.593779 -5.051934 2.103397
v 8.422438 -5.475000 2.068048
v 8.664785 -5.332632 2.095279
v 8.686894 -4.917863 2.077949
v 8.703737 -5.412075 2.125000
v 8.799999 -5.555161 2.123623
v 8.825000 -5.525000 2.117862
v 8.799999 -5.450000 2.111073
v 8.729705 -5.325000 2.075000
v 8.725000 -5.012500 2.088372
v 8.803222 -4.826340 2.108572
v -2.877299 -4.677852 0.773829
v -2.863320 -4.625000 0.825000
v -2.875000 -4.609078 0.816873
v -2.443343 -4.225000 0.725000
v -2.441287 -3.987500 0.750000
v -2.440448 -4.252142 0.790312
v 8.625698 4.151588 2.117908
v 9.051614 4.243355 1.657044
v 8.940475 4.256353 1.840014
v 9.114259 4.226342 1.868127
v 8.981400 4.214759 2.071795
v 9.043656 4.149710 2.125148
v 9.375299 4.242153 2.082260
v 9.340187 4.180575 2.128837
v 9.508562 4.234628 1.797658
v 9.445683 4.251996 1.638983
v 9.569799 4.051297 2.127012
v 12.941725 3.548380 2.157128
v 12.923190 3.736622 1.694447
v 12.831943 3.770236 2.057338
v 12.947038 3.732253 2.131979
v 12.922235 3.752285 1.902958
v 13.061515 3.175072 2.093458
v 13.009088 3.309902 2.153221
v 13.047554 3.592368 2.117054
v 13.058327 3.670395 1.925853
v 13.065372 3.656346 1.642343
v 13.038999 3.721538 1.696455
v 13.096225 3.357341 1.912386
v 13.123103 3.343486 1.752112
v 13.122690 3.443133 1.788388
v 13.092234 3.364397 2.059731
v 13.101195 3.579149 1.827982
v 13.067701 3.543385 1.685521
v 13.060284 3.717327 2.064883
v 13.072559 3.717032 1.783417
v 3.703870 -1.264610 -0.749291
v 3.690553 -1.006970 -0.152479
v 3.685569 -0.977436 -0.773376
v 3.704077 -0.870551 -0.184030
v 3.707419 -0.872666 -0.623822
v 3.708055 -1.087140 -0.279227
v 3.807515 -1.321760 -0.599387
v 3.760420 -1.323072 -0.271412
v 3.711314 -1.252171 -0.170852
v 3.852178 -1.050424 -0.121785
v 3.745655 -1.098579 -0.167719
v 3.852829 -1.447991 -0.802350
v 3.857236 -1.435802 -0.324382
v 3.889920 -1.370726 -0.763530
v 3.865659 -1.381525 -0.577073
v 3.928983 -1.366336 -0.333739
v 3.896894 -0.796072 -0.604590
v 3.882267 -0.799487 -0.332162
v 3.811536 -0.812795 -0.706064
v 3.946887 -1.165454 -0.120002
v 3.949191 -0.810962 -0.162630
v 4.087090 -1.328698 -0.342456
v 3.928460 -1.336706 -0.190855
v 4.002009 -1.153782 -0.533959
v 3.920199 -0.934815 -0.132536
v 4.081443 -0.836280 -0.556243
v 4.097646 -2.378706 -0.515405
v 4.131453 -2.318760 -0.819836
v 4.119101 -2.326311 0.003272
v 4.108506 -1.789871 -0.406348
v 4.127999 -1.509930 0.023180
v 4.120365 -2.125817 -0.623418
v 4.130424 -2.318321 -0.305756
v 4.131118 -2.033960 -0.464857
v 4.119111 -2.131387 -0.186969
v 4.127044 -2.125509 -0.834910
v 4.131463 -1.944013 -0.220054
v 4.123039 -1.753250 -0.290231
v 4.126548 -1.782645 0.038181
v 4.124362 -1.399659 -0.288983
v 4.092449 -1.241674 -0.580543
v 4.075202 -1.148668 -0.374513
v 4.075000 -1.075000 -0.370485
v 4.053607 -1.085314 -0.460696
v 4.065297 -0.801369 -0.179207
v 4.102179 -0.809517 -0.365947
v 4.125424 -0.813230 -0.647630
v 4.125388 -1.547593 -0.273399
v 4.119748 -1.322053 -0.172198
v 4.127494 -1.326836 0.132453
v 4.082425 -1.270118 -0.146286
v 4.129843 -1.204845 -0.122084
v 4.125000 -1.158030 -0.408267
v 4.125000 -1.125000 -0.351808
v 4.125000 -1.075930 -0.325000
v 4.124992 -1.075018 -0.324619
v 4.125000 -1.035732 -0.475000
v 4.125000 -1.074612 -0.325000
v 4.117687 -0.885503 -0.803772
v 4.125000 -1.245077 -0.825000
v 4.135969 -0.897263 -0.111256
v 4.142219 -0.803472 -0.817827
v -3.679139 -0.125000 -0.878736
v -3.678936 -0.043367 -0.369470
v -3.683672 0.198204 -0.387191
v -3.581645 0.181895 -0.684608
v -3.560000 0.183981 -0.341602
v -3.475000 0.171577 -0.025000
v -3.677472 0.194852 -0.050512
v -3.414064 0.175594 -0.170764
v -3.425000 0.163365 -0.075000
v -3.426733 0.175000 -0.025000
v -3.425000 0.175000 -0.025506
v -3.424974 0.175135 -0.024988
v -3.425000 0.175143 -0.025000
v -3.381567 0.182109 -0.491412
v -3.202588 0.183047 -0.609606
v -3.351409 0.160922 0.023545
v -1.306250 -3.762004 0.822825
v -1.436055 -3.613466 1.285006
v -1.584788 -3.562947 1.144844
v -1.574535 -3.575462 1.704769
v -1.558900 -3.585962 1.412490
v -1.537718 -3.447409 1.140633
v -1.602347 -3.499681 0.924547
v -1.502221 -3.576291 1.172544
v -1.430376 -3.538964 0.966728
v -1.473101 -3.419935 0.999856
v -1.474805 -3.414608 1.265448
v -1.421163 -3.530448 1.269078
v -1.423982 -3.725588 0.903760
v -1.411192 -3.456722 0.824875
v -1.316861 -3.640153 0.911048
v -1.348779 -3.513689 0.879378
v -0.486432 -3.457978 0.822799
v -3.140916 0.183349 0.189413
v -2.845940 1.145744 0.193486
v -2.800923 0.205395 0.186799
v -2.654300 0.271507 -0.001407
v -2.580066 0.450321 0.023124
v 5.741049 1.219628 2.116202
v 5.629777 1.526766 2.122420
v 5.908160 1.378381 2.115411
v 5.895951 0.989727 2.121327
v 6.175697 1.208439 2.127756
v 6.224293 0.899243 2.131294
v 6.403932 1.263761 2.128746
v 6.652455 1.437822 2.142688
v -3.546643 -4.766744 1.884112
v -3.558695 -4.625000 1.756250
v -3.525000 -4.675000 2.042609
v -3.170676 -4.507654 2.072978
v -3.331588 -4.628515 2.080050
v -3.127065 1.405373 -0.183662
v -3.228570 1.414228 -0.312500
v -3.183187 1.590338 -0.177564
v -3.121659 1.479372 -0.213235
v -3.001418 1.424077 -0.175673
v -2.920634 1.415546 -0.106480
v -2.873750 1.444116 0.010637
v -2.902362 1.428798 -0.594607
v -2.895573 1.427406 -0.426909
v -2.885759 1.496147 -0.320235
v -2.886799 1.488068 -0.186753
v -2.826417 1.446467 -0.410850
v -2.790657 1.238753 -0.550367
v -2.772759 1.251347 -0.003087
v -2.776544 1.206159 -0.155099
v -2.776740 1.363091 -0.215606
v -2.792981 1.515202 -0.259450
v -2.820653 1.539619 -0.034932
v -2.723886 1.568407 -0.062865
v -2.637778 1.132096 -0.121237
v -2.699852 1.196877 -0.007742
v -2.682421 1.229946 -0.250181
v -2.683761 1.561220 -0.047015
v -2.624447 0.896002 -0.410480
v -2.634696 1.171162 -0.290932
v -2.616995 1.403501 -0.634422
v -2.664051 1.525844 -0.291269
v -2.627096 1.538519 -0.567936
v -2.630484 1.580920 -0.271722
v -2.606458 1.526285 -0.216609
v -2.618456 0.940020 -0.475691
v -2.619348 0.911801 -0.158835
v -2.592541 1.061287 -0.313566
v -2.539199 1.080223 -0.265987
v -2.578163 1.162131 -0.402880
v -2.530083 1.177238 -0.252206
v -2.644172 1.204692 -0.027894
v -2.583664 1.586436 -0.586578
v -2.506346 0.974006 -0.526828
v -2.547164 1.024054 -0.040906
v -2.471727 1.051878 -0.420985
v -2.561705 1.180868 -0.589948
v -2.525148 1.287656 -0.677114
v -2.546294 1.587674 -0.479487
v -2.523833 1.547634 -0.592427
v -2.469734 1.162388 -0.542923
v -2.519371 1.138469 -0.421433
v -2.527046 1.365229 -0.376031
v -2.520264 1.426551 -0.272366
v -2.494993 1.421340 -0.665649
v -2.453649 1.065985 -0.199854
v -2.510927 0.977037 -0.019317
v -2.442338 0.859424 -0.642392
v -2.423547 1.024706 -0.209102
v -2.446625 1.081921 -0.510634
v -2.470456 1.200099 -0.483486
v -2.454315 1.282112 -0.617179
v -2.471434 1.176839 -0.318759
v -2.487986 1.520040 -0.484719
v -2.385426 1.468357 -0.683341
v -2.434410 1.555352 -0.276779
v -2.426248 0.833081 -0.475649
v -2.987596 1.437894 0.173289
v -2.798675 1.106515 0.011163
v -2.803171 1.407129 0.184956
v -3.200000 -11.462767 0.625000
v -2.945365 -11.482958 0.753685
v -3.000000 -11.444288 0.610864
v -2.797697 -11.453137 0.705309
v -2.724863 -11.470721 0.673605
v -2.702295 -11.463938 0.802069
v -2.812500 -11.400749 0.625000
v -2.613269 -11.457104 0.671064
v -2.572253 -11.460162 0.650000
v -2.475000 -11.521428 0.775000
v -3.469543 1.411114 -0.633084
v -3.476428 1.626538 -0.531235
v -3.416001 1.512011 -0.685908
v -3.407669 1.480957 -0.783896
v -3.478333 1.588479 -0.625000
v -3.352169 1.465948 -0.683310
v -3.325000 1.419916 -0.631091
v -3.398891 1.399695 -0.261976
v -3.350000 1.537500 -0.657453
v 1.170693 -0.414985 2.103869
v 1.113885 -0.221424 2.091181
v 1.421774 -0.103507 2.101429
v 1.216900 -0.642281 2.095311
v 1.794659 -0.223585 2.091123
v 1.074147 -8.185796 2.083309
v 0.951705 -8.877474 2.064175
v 1.246802 -8.327790 2.068111
v 0.958540 -8.405606 2.050869
v 1.337146 -8.568200 2.066159
v 1.247417 -8.081105 2.060026
v 1.321698 -8.325525 2.091618
v 1.470925 -8.417976 2.072621
v 1.515808 -8.181014 2.083488
v 6.393384 -4.779477 2.103840
v 6.519122 -4.283906 2.102569
v 6.458467 -4.513713 2.108646
v 6.674190 -4.744828 2.094334
v 6.744267 -4.420887 2.094881
v 6.848913 -4.643020 2.107221
v 6.825000 -4.775000 2.120692
v 6.939871 -4.686125 2.084137
v 6.907478 -4.424438 2.092813
v 7.002458 -4.533661 2.097047
v 7.222275 -4.351117 2.101269
v 6.955659 -3.963215 2.107594
v 7.102260 -4.656434 2.102503
v 7.050000 -4.775000 2.088688
v 7.159641 -4.102929 2.111437
v 7.215771 -4.575431 2.119138
v 7.325000 2.169628 -0.042190
v 7.371311 2.169173 -0.024435
v 7.421772 2.119542 0.000000
v 7.434681 2.125000 -0.025000
v 7.429004 2.125046 -0.009347
v 7.600000 2.102041 0.028825
v 7.996294 1.725000 -0.025000
v 8.001430 1.819598 -0.039024
v 7.988036 1.850000 -0.075000
v 8.057698 1.881234 -0.007224
v 8.010265 1.875000 -0.025000
v -0.729832 -0.588929 2.095431
v -0.390577 -0.135463 2.095324
v -0.066318 -0.513724 2.096289
v 0.110060 -0.620349 2.096290
v -0.161753 0.113541 2.099284
v 0.171715 -0.140751 2.099118
v 0.579764 -0.197749 2.091638
v 0.396690 -0.383768 2.065859
v 0.479451 -0.500478 2.092129
v 0.894600 -0.524922 2.083235
v 0.619862 -0.490872 2.083090
v -2.132555 1.951880 2.105052
v -2.016903 2.242060 2.108015
v -2.050486 1.600081 2.108377
v -1.732919 1.785205 2.107395
v -1.777163 2.053151 2.106689
v -3.469687 -2.440357 0.572156
v 10.494415 0.566215 2.134268
v 10.881792 0.771165 2.150496
v 10.864053 0.384190 2.135476
v 10.818363 0.111065 2.164603
v 10.842233 0.539360 2.144637
v 11.094602 0.219143 2.141078
v 11.292667 0.391832 2.147745
v 11.164924 0.843441 2.141957
v 6.455387 -0.142516 2.127395
v 6.576005 -0.441149 2.123946
v 6.675000 -0.430300 2.125000
v 6.675000 -0.425000 2.125276
v 6.674493 -0.424945 2.125226
v 6.445345 -0.552447 2.116719
v 6.725054 -0.425004 2.125024
v 6.725000 -0.425000 2.125027
v 6.725000 -0.424862 2.125000
v 6.725000 -0.375000 2.117424
v 6.853344 -0.076772 2.116186
v 6.886953 -0.440557 2.128478
v 6.872317 -0.313230 2.117853
v 6.575345 -0.673122 2.126441
v 7.161973 -0.623316 2.115108
v 7.250512 -0.120387 2.131639
v 7.459038 -0.505199 2.122230
v 6.446620 -2.262402 0.327101
v 6.460391 -2.306318 0.487837
v 6.448296 -2.316439 0.674767
v 6.453544 -2.206250 0.143750
v 6.458510 -2.127020 0.470241
v 6.452245 -2.024357 0.713693
v 6.463814 -1.740443 0.371525
v 6.450758 -2.036414 0.225000
v 6.465468 -1.877859 0.609595
v 6.459661 -1.652569 0.872225
v 6.459204 -1.635216 0.525765
v 6.444022 -1.737500 0.224195
v 6.468469 -1.490404 0.310340
v 6.463273 -2.010333 0.302253
v 6.405110 0.673535 2.131826
v 6.459776 0.417135 2.125629
v 6.738804 0.078695 2.111982
v 6.645527 0.268784 2.112659
v 6.751279 0.566602 2.128465
v 6.749958 0.166488 2.141187
v 7.280504 0.659090 2.148451
v 7.057735 0.292477 2.115381
v 7.172374 0.129210 2.122415
v 7.514481 -0.349448 2.114624
v 7.684677 -0.520136 2.129144
v 7.685305 -0.122288 2.131433
v 7.786097 -0.372557 2.123395
v 7.649395 -0.806128 2.117387
v 7.890727 -0.046321 2.139674
v 7.954116 -0.745597 2.126828
v 7.934196 -0.567113 2.124189
v -0.807722 -3.984211 2.066376
v -0.328908 -4.795764 2.066740
v -0.602941 -4.393632 2.067897
v -0.479951 -4.620573 2.072956
v -0.286608 -4.519963 2.075962
v -0.393713 -4.229296 2.079329
v -0.301801 -4.409196 2.071931
v -0.125000 -4.325000 2.075757
v -0.125000 -4.275000 2.074069
v -0.129184 -4.186986 2.072075
v -0.075000 -4.375000 2.075926
v -0.075000 -4.325655 2.075000
v -0.075761 -4.325000 2.075000
v -0.075000 -4.325000 2.074988
v -0.075000 -4.275000 2.074911
v -0.075000 -4.273440 2.075000
v -0.100504 -4.225000 2.075000
v -0.074543 -4.325000 2.075000
v 0.089921 -4.487103 2.076227
v -0.073807 -4.275000 2.075000
v -0.025000 -4.275000 2.078704
v 0.058841 -4.091220 2.081417
v 7.453755 0.357805 2.127735
v 7.432854 0.104232 2.118009
v 7.716986 0.107242 2.122855
v 7.648426 0.492441 2.130174
v 8.070333 -0.159735 2.122132
v 8.125000 -0.625000 2.125000
v 8.125000 -0.575000 2.126324
v 8.131333 -0.675000 2.125000
v 8.125000 -0.625000 2.125000
v 8.146610 -0.717800 2.120265
v 8.154974 -0.516655 2.123320
v 8.539522 -0.099330 2.122653
v 8.274369 -0.454542 2.136665
v 8.537982 -0.450008 2.115736
v 8.658746 0.006662 2.116475
v 8.714677 -0.182345 2.138393
v 8.679288 -0.777873 2.115518
v 8.659043 -0.667025 2.106338
v 4.082241 2.335169 -0.877087
v 4.124075 2.251951 -0.822263
v -1.507588 -0.729704 -0.884914
v -1.504705 -0.516966 -0.866252
v -1.522749 -0.334249 -0.877290
v -1.536859 -0.092100 -0.904656
v -1.509624 -0.596803 -0.905462
v -1.399098 -0.515993 -0.894710
v -1.420461 -0.517106 -0.823428
v -1.404881 -0.278105 -0.883295
v -1.462657 -0.170779 -0.824400
v -1.174930 -0.619443 -0.887826
v -1.242079 -0.366512 -0.771051
v -1.426130 -0.138140 -0.889747
v -1.453901 -0.304606 -0.819004
v -1.320418 -0.193343 -0.815516
v -1.293768 -0.444684 -0.814059
v -1.161673 -0.053820 -0.827250
v -1.248193 -0.119537 -0.873407
v -1.292337 -0.430225 -0.883063
v -1.109528 -0.583074 -0.828781
v -1.136026 -0.355542 -0.829255
v -1.121767 -0.041668 -0.888347
v -1.124067 -0.027647 -0.824082
v -1.055563 -0.621244 -0.886176
v -1.160155 -0.279279 -0.873875
v -0.925813 -0.313009 -0.825723
v -1.152697 -0.251459 -0.814300
v -0.979319 0.098873 -0.904670
v -0.927904 -0.274289 -0.880475
v -0.875727 -0.329527 -0.874261
v -0.842916 -0.406230 -0.901509
v -1.160198 -0.150788 -0.902055
v -3.445479 -10.293779 1.652328
v -3.448656 -10.284978 1.891958
v -3.444352 -10.025859 2.013060
v -3.423573 -9.828098 2.025900
v -3.428270 -9.678071 1.549590
v -3.439277 -9.528931 1.803986
v -3.426027 -10.403928 2.050502
v -3.369263 -9.519904 2.053221
v -3.274145 -10.254260 2.032489
v -3.275099 -10.304814 1.936776
v 3.342918 -2.135269 2.109050
v 3.414751 -1.677612 2.110368
v 3.671482 -1.798081 2.112159
v 3.704222 -2.312260 2.109312
v 3.647399 -2.146360 2.108567
v 6.572264 1.309695 2.119997
v 6.577498 0.977895 2.138223
v 6.829119 1.439119 2.121500
v 6.948256 0.680662 2.139481
v 6.946058 1.238430 2.137969
v 7.469608 1.147745 2.148253
v 13.009605 -8.775001 1.025000
v 13.025000 -8.775001 1.058977
v 13.021561 -8.422310 1.557738
v 13.056448 -8.755514 1.352347
v 13.070841 -8.771152 1.611887
v 13.041340 -8.675000 1.225000
v 13.054691 -8.625001 1.225000
v 13.045234 -8.625001 1.275000
v 13.070798 -8.574522 1.529814
v 13.045814 -8.575001 1.225000
v 13.075000 -8.575581 1.275000
v 13.075000 -8.575001 1.274367
v 13.056371 -8.600000 1.475000
v 13.075000 -8.568726 1.275000
v 13.071527 -8.525001 1.275000
v 13.046507 -8.525001 1.325000
v 13.051546 -8.525001 1.337500
v 13.075000 -8.375001 1.237732
v 13.075164 -8.499290 1.239638
v 13.040552 -8.450001 1.425000
v 13.053600 -8.353522 1.565606
v 13.065062 -8.097027 1.618569
v 13.075000 -8.025001 1.537481
v 13.052713 -8.750000 1.275000
v 13.075414 -8.575001 1.275000
v 13.082013 -8.512501 1.200000
v 6.564199 2.191755 2.124118
v 6.766525 1.978951 2.123162
v 6.814858 1.850015 2.130722
v 6.986395 2.096239 2.122141
v 7.125000 2.125000 2.122119
v 7.175000 2.075000 2.125080
v 7.173258 2.125000 2.125000
v 7.175000 2.125000 2.125154
v 7.176799 2.075000 2.125000
v 7.172543 2.069779 2.124836
v 7.175096 2.125196 2.125113
v 9.747552 4.257157 0.932425
v 9.563004 4.250636 0.912453
v 9.613218 4.243476 1.216085
v 9.885612 4.240496 0.858665
v 9.732376 4.257256 1.108230
v 9.922923 4.244802 1.222463
v 9.807456 4.242253 1.473549
v 9.923587 4.261674 0.979820
v 9.897175 4.264102 1.094678
v 10.022450 4.241210 1.100898
v 10.175000 4.230402 1.075000
v 10.186365 4.239210 1.401647
v 10.038972 4.244274 1.487148
v 10.029547 4.245163 0.902876
v 10.437500 4.246395 0.837500
v 12.953010 -10.539207 1.575000
v 12.997296 -10.475000 1.550000
v 13.026861 -10.402271 1.487529
v 13.022259 -10.413829 1.085792
v 13.031922 -10.356770 1.150000
v 5.675000 3.341768 0.875000
v -1.475000 4.102503 -0.778300
v -1.384564 4.164258 -0.806214
v -3.032565 -6.968605 2.048185
v -2.998977 -6.522361 2.052704
v -2.618777 -6.770960 2.053779
v -2.501611 -6.303423 2.053582
v 7.069375 1.757764 2.134855
v 7.256312 2.036913 2.121249
v 7.390144 2.202746 2.126806
v 7.519022 1.736141 2.137080
v 7.442736 1.953788 2.116769
v 7.895599 2.289161 2.125617
v 7.771819 2.082965 2.136215
v 8.086277 1.810063 2.132941
v 8.090078 1.363245 2.120214
v 8.352608 0.915010 2.133553
v 7.773675 0.943240 2.140832
v 8.465398 1.310104 2.120882
v 8.509173 1.054389 2.126589
v 8.930057 0.691147 2.110234
v 8.802914 1.006383 2.108365
v 8.856585 1.154843 2.130386
v 8.852043 1.385311 2.130833
v 8.616370 2.541423 2.128752
v 8.557889 2.907567 2.129226
v 8.884158 2.770254 2.070358
v 8.928252 2.922566 2.093143
v 9.166348 3.236466 2.144276
v 9.080655 2.738868 2.098234
v 9.166913 2.949288 2.131380
v 9.064872 3.069154 2.141952
v 9.147181 2.868165 2.155309
v 9.338680 2.775991 2.111729
v 9.282403 3.128540 2.119408
v 9.158345 2.545771 2.134726
v 9.484071 2.649170 2.121191
v 9.587291 2.769434 2.129621
v 9.482000 3.075747 2.134822
v 9.705076 3.139591 2.152034
v 8.860286 3.743992 2.131312
v 9.011171 3.464373 2.144593
v 9.120897 3.748260 2.118742
v 9.275982 3.259050 2.115827
v 9.465996 3.271426 2.134403
v 9.269258 3.411191 2.133294
v 9.567636 3.760792 2.129216
v 9.774553 3.512433 2.141212
v 9.881684 3.827820 2.136640
v 9.967791 2.995043 2.161411
v 10.185420 3.635743 2.135401
v 10.259418 3.301858 2.148771
v 12.927202 -0.648017 2.097028
v 12.963999 -0.094855 2.151530
v 12.905250 -0.673678 1.555810
v 12.930799 -0.412316 2.162306
v 12.963460 -0.481292 1.676413
v 13.027003 -0.397603 1.650791
v 13.022706 0.036461 2.132766
v 13.007473 -0.575801 1.834983
v 13.037109 -0.534190 1.941784
v 13.078876 -0.466410 2.044863
v 13.007794 -0.219203 1.731283
v 12.957852 -0.219343 2.162236
v 13.016776 -0.089359 2.060563
v 13.050344 -0.430809 2.118119
v 13.068572 -0.293467 2.138833
v 13.071391 -0.253605 1.853588
v 13.071166 -0.059998 1.813734
v 13.052670 -0.407564 1.730380
v 13.103911 -0.320737 2.015373
v 13.126145 -0.306940 1.696438
v 13.086752 -0.427612 1.796230
v 4.088503 -1.274437 0.199366
v 4.118093 -1.328631 0.471522
v 4.130860 -1.343931 0.867831
v 4.132119 -1.369861 0.253669
v 4.131455 -1.204814 0.189359
v 4.131652 -1.175197 0.488469
v 4.128084 -0.975954 0.669648
v 4.140421 -0.787290 0.144739
v 4.130250 -0.999598 0.294660
v 4.137931 -0.803099 0.864173
v 4.135898 -0.796086 0.365820
v 4.442777 -1.212500 0.850000
v 4.452441 -1.025000 0.525000
v 4.448206 -0.987202 0.531909
v 4.455256 -0.925000 0.500000
v 4.445211 -0.882228 0.893734
v -1.458175 -6.150000 0.626311
v -1.375000 -6.125000 0.630515
v -1.425000 -6.125000 0.630754
v -1.400000 -6.083603 0.625000
v -1.387500 -5.870037 0.604855
v -1.325000 -6.071074 0.575000
v -1.325000 -6.397206 0.590592
v -1.328559 -5.927493 0.604614
v -1.273694 -5.814124 0.606055
v -1.244516 -5.896787 0.578254
v -1.291888 -5.794830 0.587500
v -1.221883 -6.269792 0.478684
v -1.200000 -6.159277 0.600000
v -1.118519 -6.185781 0.586328
v -1.175000 -5.975000 0.455996
v -1.208038 -5.925000 0.475000
v -1.226290 -5.928035 0.525000
v -1.125269 -6.326647 0.531801
v -1.180776 -6.225000 0.472772
v -1.175000 -6.025000 0.449441
v -1.125000 -5.975000 0.442781
v -1.075000 -6.310629 0.569677
v -2.470583 -7.003363 2.047907
v -2.070999 -6.870946 2.056258
v -2.023659 -6.512442 2.057173
v -1.673286 -7.020944 2.051279
v 4.880887 3.769148 0.947151
v 4.938807 3.776855 1.512249
v 5.075000 3.769399 0.875000
v 5.068824 3.774431 0.956053
v 4.919762 3.764367 1.362252
v 5.317312 3.758841 1.046672
v 5.260878 3.761636 1.406672
v 5.400242 3.767447 0.875000
v 5.391242 3.243723 0.919202
v 5.372138 3.770570 0.988940
v 5.409487 3.633850 0.875593
v 5.480371 3.342810 0.923231
v 5.449346 3.549159 0.925396
v 5.476229 3.775905 1.175002
v 5.441348 3.815735 0.909458
v 5.441720 3.828682 1.045505
v 5.492486 4.025000 1.150000
v 5.525000 3.417015 0.925000
v 5.525000 3.425000 0.930390
v 5.525000 3.475000 0.926061
v 5.525000 3.525000 0.932128
v 5.475000 3.825000 0.900374
v 5.493606 3.883134 1.146967
v 5.503376 3.975000 1.075000
v 5.512491 4.000000 1.400000
v 5.528310 3.929316 1.261924
v 5.522351 3.979834 1.586953
v 5.575000 3.424566 0.925000
v 5.575000 3.425000 0.925289
v 5.542385 3.537500 0.924616
v 5.550722 3.912768 1.435474
v 5.561323 3.932796 1.547243
v 5.575627 3.425000 0.925000
v 5.625000 3.425000 0.903461
v 5.560204 3.824128 1.204273
v 5.556497 3.825683 1.445622
v -3.153434 -3.101360 1.922762
v -3.042805 -2.984543 2.084404
v -3.251964 -2.827140 1.572906
v -3.021607 -2.838833 1.847241
v -3.007319 -3.066087 1.862728
v -2.971174 -3.042374 1.788810
v -2.942107 -3.125477 1.864897
v -2.966686 -2.872027 1.754832
v -2.877229 -2.530011 2.096873
v -2.570897 -3.114913 2.087662
v -2.669711 -2.770535 2.094217
v 7.275372 -7.516479 2.116543
v 7.381014 -7.376452 2.125000
v 7.211909 -7.355059 2.103248
v 7.301616 -7.142637 2.105786
v 7.285976 -7.842039 2.090608
v 7.459838 -7.410030 2.110285
v 7.375000 -7.246782 2.125000
v 7.462611 -8.023471 2.099730
v 7.480703 -7.560141 2.126995
v 7.514262 -7.219160 2.125000
v 7.378807 -7.720572 2.118264
v 7.577701 -7.842862 2.111176
v 7.664436 -7.946667 2.099506
v 7.710726 -7.721336 2.085614
v 7.712442 -7.541229 2.125237
v 7.623269 -7.515636 2.114352
v 7.735977 -7.837403 2.113069
v 7.876125 -7.698794 2.101997
v 7.823396 -7.348172 2.114409
v 7.839415 -7.820103 2.093853
v 7.912083 -7.502530 2.109159
v 8.027759 -7.680006 2.112714
v 7.971005 -7.293995 2.093326
v 8.096233 -7.252723 2.117595
v 6.472278 -2.158809 2.139507
v 6.717317 -1.720686 2.136679
v 6.739659 -2.059522 2.127435
v 7.246286 -2.348135 2.139418
v 7.090969 -1.633960 2.128121
v 12.921111 -8.163749 1.876083
v 13.025777 -8.237103 1.802977
v 13.035540 -8.183316 2.125000
v 13.026626 -8.298592 2.071177
v 12.983231 -8.164244 1.674848
v 13.054019 -8.808857 2.051307
v 13.018520 -8.350000 2.125000
v 12.938029 -8.269882 1.813833
v 13.006230 -8.301877 2.023413
v 13.044181 -8.191185 1.892292
v 13.022737 -8.122066 1.987792
v 13.021858 -8.221888 2.077539
v 13.035077 -8.235821 1.683521
v 13.008718 -8.169394 1.751447
v 13.057579 -8.112531 1.768020
v 12.970541 -8.124955 1.821109
v 13.067011 -7.975000 1.775000
v 13.017304 -8.013246 2.038331
v 13.057049 -8.725000 2.100000
v 13.078932 -8.670390 1.679858
v 12.984023 -8.550001 2.100000
v 13.025755 -8.573182 1.822705
v 13.068961 -8.552813 2.007695
v 13.053111 -8.444194 1.699121
v 13.052387 -8.448544 1.969044
v 13.039350 -8.379763 1.824167
v 13.021298 -8.428917 2.077127
v 13.069611 -8.337989 1.721712
v 13.059336 -8.297995 1.928601
v 13.058189 -8.330795 1.518750
v 13.028416 -8.140698 2.047592
v 13.018566 -7.925000 2.087500
v 13.081700 -8.014991 1.642578
v 13.028610 -8.008321 1.891230
v 13.033643 -8.012224 1.750082
v 13.067986 -8.019363 1.976756
v 13.081488 -8.718453 1.809304
v 13.077005 -8.071256 1.856410
v 1.693736 -3.261676 -0.903302
v 1.700000 -3.304354 -0.895344
v 1.725000 -3.125000 -0.920157
v 1.825000 -3.198706 -0.875000
v 1.825000 -3.175000 -0.857010
v -2.250354 -5.395206 2.045851
v -2.214448 -4.982276 2.054943
v -2.073096 -5.087287 2.046093
v -1.824384 -4.917086 2.041892
v -2.052612 -5.395768 2.047347
v 0.843857 -5.565001 0.220965
v 0.816903 -5.512500 0.462500
v 0.826736 -5.537500 0.287500
v 0.816764 -5.448778 0.624581
v 0.822957 -5.425000 0.225000
v 0.836074 -5.412500 0.337500
v 0.856083 -5.508936 0.677130
v 0.871903 -5.351180 0.675115
v 0.844610 -5.415519 0.366731
v 0.831045 -5.286648 0.387554
v 0.872006 -5.316322 0.622208
v 0.825532 -5.220466 0.675274
v 0.832338 -5.143755 0.483777
v 0.825045 -5.123778 0.600755
v -1.634356 -5.489133 2.055158
v -1.459181 -4.977537 2.044022
v -1.566119 -5.172216 2.056046
v -1.210346 -5.349099 2.055285
v -1.152517 -5.176241 2.064974
v -0.945270 -5.439796 2.055278
v -0.994256 -4.952528 2.049504
v -0.847013 -5.169124 2.055918
v -2.359458 -3.643732 1.271368
v -2.329468 -3.607122 1.214327
v -2.373880 -3.542967 1.286041
v -2.353758 -3.415493 1.226936
v -2.170496 -3.640679 0.918519
v -2.150352 -3.731799 0.886517
v -2.124817 -3.579067 1.323159
v -1.667888 -3.438143 1.176205
v -1.678381 -3.633423 1.221408
v -1.661064 -3.624882 0.919116
v -1.733049 -3.659956 1.286711
v -1.669406 -3.506444 0.871529
v -1.699921 -3.549165 1.312832
v -1.588606 -3.420206 1.224561
v -1.577354 -3.590307 0.965820
v -1.601805 -3.522115 1.405304
v 4.112532 3.512534 -0.844820
v 4.049212 3.515187 -0.815955
v 4.089061 3.458315 -0.795081
v 4.177561 3.332526 -0.848371
v 7.814872 1.352725 0.085688
v 7.719042 1.368519 -0.015754
v 7.769559 1.367824 -0.062359
v 7.781250 1.550000 -0.075000
v 7.825000 1.625000 -0.118225
v 7.929751 1.308556 0.048279
v 8.025000 1.527856 0.025000
v 7.918750 1.644590 -0.036099
v 7.911665 1.403215 0.080812
v 7.727276 1.480408 0.020122
v 7.975000 1.355789 0.104761
v 7.825000 1.550827 0.025000
v -3.443991 1.441800 -0.767523
v -3.270483 1.504695 -0.886689
v -3.250000 1.575000 -0.801140
v -3.275000 1.695436 -0.877120
v 8.200000 1.627055 -0.013599
v 8.083364 2.119620 -0.050000
v 8.171040 1.900000 0.023947
v 8.085307 1.972949 -0.040367
v 8.074198 1.975000 -0.075000
v 8.142250 1.668348 0.020082
v 8.083375 2.008677 0.121317
v 8.084334 2.126505 0.091428
v 8.210258 2.140142 0.226262
v 7.975384 2.165694 0.285572
v 8.186436 1.924108 0.142986
v 8.216501 1.943764 0.208867
v 8.325000 2.125000 0.235988
v 8.250000 1.700000 0.060481
v 8.275000 1.725000 0.109753
v 8.270054 1.775000 0.125000
v 8.247862 1.875000 0.125000
v 8.288116 1.725000 0.125000
v 8.525000 2.152653 0.237500
v 8.410337 2.150620 0.267044
v 8.387500 2.153363 0.325000
v 8.724999 2.125000 0.187198
v 8.724999 2.136917 0.225000
v 8.775000 2.141465 0.175000
v 8.700000 2.132707 0.256995
v -3.481589 3.298534 1.515278
v -3.475471 3.764079 1.411085
v -3.467602 3.754270 1.033513
v -3.407597 3.825623 1.232022
v -3.418437 3.815123 1.553552
v -3.276472 3.825200 1.474866
v 1.510878 -3.665678 0.925092
v 1.721341 -3.744648 0.908265
v 1.710473 -3.577167 0.955042
v 1.742716 -3.565479 1.073934
v 1.747577 -3.558082 1.273793
v 1.745009 -3.525073 1.644234
v 1.766768 -3.473758 0.879367
v 1.773529 -3.572301 1.640531
v 1.864132 -3.613052 0.978349
v 1.833347 -3.455559 0.888176
v 1.910419 -3.520147 1.236107
v 2.044437 -3.777038 0.861496
v 1.893805 -3.593528 1.334544
v 1.944937 -3.564379 0.952847
v 2.499476 -3.787107 0.845858
v 2.010258 -3.476728 0.868870
v 1.865197 -3.727482 0.924320
v 12.721753 0.013590 0.958597
v 12.765569 -0.337490 0.969739
v 12.772732 -0.224706 0.833950
v 12.755003 -0.214557 0.972104
v 12.718720 -0.162589 0.966384
v 12.762547 -0.051017 0.974864
v 12.768735 -0.033479 0.840701
v 12.790230 -0.519498 0.887474
v 12.803664 -0.519830 0.969097
v 12.768299 -0.158925 0.791722
v 12.722340 0.625037 0.924910
v 12.762362 0.801977 0.917404
v 12.786486 0.189095 0.749373
v 12.754330 0.185792 0.974040
v 12.787705 0.265946 0.840103
v 12.786956 0.327119 0.972980
v 12.729278 0.524518 0.873165
v 12.775370 0.574945 0.874977
v 12.755174 0.575000 0.925000
v 12.775000 0.575000 0.876000
v 12.775000 0.625000 0.875296
v 12.775000 0.657692 0.875000
v 12.766944 0.672416 0.831961
v 12.780131 0.678505 0.961028
v 12.768336 0.063958 0.974381
v 12.778577 0.341468 0.840131
v 12.775426 0.575000 0.875000
v 12.775342 0.625000 0.875000
v -2.393875 -0.521703 -0.905998
v -2.276906 -0.721881 -0.773587
v -2.296026 -0.014438 -0.891167
v -1.977659 -0.476674 -0.896081
v -2.294102 -0.711828 -0.898434
v -2.190882 -0.284093 -0.907064
v -2.120987 -0.082358 -0.902849
v -1.784155 -0.442805 -0.908970
v -1.628519 -0.723737 -0.878535
v -1.558985 -0.198906 -0.884513
v -1.828213 0.277725 -0.912796
v 12.284659 -0.027071 2.123859
v 12.170141 0.403331 2.135158
v 12.207162 0.259326 2.132567
v 12.257491 0.339905 2.123565
v 12.153643 0.630528 2.148510
v 12.125000 0.294322 2.175000
v 12.552935 0.758774 2.165189
v 12.369056 0.181645 2.130184
v 12.381494 0.339532 2.161946
v 12.541757 0.481771 2.148673
v 12.436792 0.251453 2.175000
v 12.413162 0.175000 2.200000
v 12.478104 0.109346 2.145602
v 12.681556 0.026761 2.154492
v 12.516308 0.252416 2.128603
v 12.640579 0.174023 2.134598
v 12.692770 0.225000 2.175000
v 12.750673 0.570617 2.173179
v 12.744526 0.058189 2.175000
v 12.797189 0.175000 2.175000
v 12.719172 0.371764 2.175000
v 12.697064 0.403546 2.167384
v 6.010549 -9.532277 1.562066
v 6.264348 -9.557636 1.538159
v 12.873051 -0.601967 0.994820
v 12.893327 -0.726127 1.186314
v 12.902164 -0.715562 0.984135
v 12.908667 -0.637047 1.203410
v 12.912124 -0.646804 0.823460
v 12.781000 -0.424021 1.017251
v 12.838264 -0.364866 1.018697
v 12.883705 -0.239179 1.029748
v 12.951559 -0.748072 0.825000
v 12.923126 -0.710370 1.116198
v 12.911736 -0.664833 1.312730
v 12.997792 -0.541390 1.342969
v 12.983745 -0.575381 1.486089
v 13.017495 -0.526628 1.287375
v 12.920552 -0.432611 1.375152
v 12.912019 -0.469524 1.520901
v 12.986339 -0.779377 1.231745
v 12.972942 -0.802384 1.520515
v 13.073303 -0.521601 1.202677
v 13.073277 -0.328503 1.069937
v 13.011632 -0.454651 1.225578
v 13.030350 -0.166161 1.279582
v 12.999123 -0.182197 1.541307
v 12.967120 -0.583047 1.111358
v 13.121357 -0.466447 1.164576
v 12.960435 -0.530034 1.069127
v 13.071314 -0.423627 1.306919
v 13.123274 -0.346115 1.528843
v 13.024249 -0.239454 1.158959
v 13.040623 -0.215900 1.246825
v 13.022996 -0.193636 1.415982
v 13.071439 -0.015375 1.176155
v 13.082466 -0.018808 1.560446
v 13.146767 -0.431138 1.085676
v 13.148807 -0.351710 1.342926
v 13.108703 -0.311065 1.183517
v 13.130938 -0.321384 1.392880
v 12.829662 0.799206 1.016986
v 12.926410 0.094628 1.027617
v 12.940170 0.295992 1.018683
v 12.806300 0.496610 0.989872
v 12.875383 0.708842 1.026199
v 13.078311 0.052542 1.079200
v 13.076613 0.083724 1.318605
v 13.057653 0.232910 1.080337
v 13.062149 0.035045 1.653537
v 13.057343 0.423115 1.596173
v 13.042783 0.487108 1.284568
v 13.060584 0.494790 1.093805
v 13.064864 0.620102 1.082089
v 13.037815 0.519717 1.419801
v 13.048102 0.669491 1.483917
v 13.055884 0.661779 1.327633
v 13.083903 0.317566 1.195218
v 13.070179 0.321675 1.432925
v 13.085708 0.758416 1.216681
v 9.729959 -9.593493 1.543480
v 9.708833 -9.672823 1.406210
v 9.731250 -9.672528 1.219719
v 9.912701 -9.645732 1.446435
v 9.936313 -9.623497 1.274964
v 9.950000 -9.670695 1.178780
v 10.054721 -9.633080 1.431038
v 10.066153 -9.642263 1.260804
v 10.095836 -9.632085 1.387359
v 10.158517 -9.608140 1.547181
v 10.251621 -9.641934 1.447772
v 10.305260 -9.639750 1.221991
v 10.231608 -9.651889 1.316509
v 10.191839 -9.572531 1.622942
v 10.250000 -9.666880 1.200000
v 10.375000 -9.626996 1.225000
v 10.336447 -9.606092 1.534460
v 4.054565 -3.336538 1.164622
v 4.065037 -3.316014 1.235392
v 4.097930 -3.301535 0.918813
v 4.113004 -3.269353 0.878570
v 4.147146 -3.299527 1.298389
v 4.138644 -3.308992 1.139123
v 4.189128 -3.198586 1.331366
v 4.314399 -3.396086 1.030743
v 4.319332 -3.376420 1.309821
v 4.358943 -3.386846 1.452923
v 4.646940 -3.404395 0.985039
v 4.370323 -3.368093 0.893474
v 4.705051 -3.403201 1.404577
v 0.855435 -3.463820 -0.733249
v 0.875000 -3.257194 -0.525000
v 0.925000 -3.445786 -0.675000
v 0.904141 -3.297832 -0.140229
v 0.988765 -3.299680 0.006980
v 0.950693 -3.312057 -0.360518
v 1.051288 -3.323596 -0.426709
v 0.986860 -3.301086 -0.065273
v 1.093912 -3.265697 -0.026008
v 1.087308 -3.273277 -0.382835
v 1.050000 -3.304826 -0.475000
v 1.255462 -3.285498 -0.316544
v 1.325000 -3.286275 -0.625000
v 1.327608 -3.323445 -0.389446
v 1.373248 -3.460752 -0.057370
v 1.374297 -3.448658 -0.709087
v 1.312754 -3.340166 0.004433
v 1.376982 -3.170155 -0.122781
v 1.540628 -3.259862 -0.320738
v 1.409858 -3.255552 -0.614802
v 1.575000 -3.325000 -0.106146
v 1.489097 -3.320721 -0.517696
v 1.536040 -3.447423 -0.099349
v 0.724371 -3.425587 0.418459
v 1.188948 -3.468886 0.823644
v 0.950264 -3.425120 -0.047828
v 1.008618 -3.460104 0.559986
v 1.072362 -3.410305 0.057983
v 1.169629 -3.462917 0.145130
v 0.853979 -3.457219 0.269776
v 1.020609 -3.301242 0.081460
v 1.390505 -3.475766 0.690266
v 1.263928 -3.109125 0.090981
v 1.293140 -3.466396 0.525877
v 1.319411 -3.260001 0.086424
v 1.256722 -3.420096 0.064792
v 1.371686 -3.464160 0.268422
v 1.675909 -3.470143 0.430524
v 1.542553 -3.440264 0.104625
v 1.726248 -3.470064 0.737673
v 1.577533 -3.367961 0.074118
v -3.534727 -5.687668 0.798283
v -3.522483 -5.275000 0.825000
v -3.472734 -5.422400 0.681250
v -3.450198 -5.466333 0.721050
v -3.465085 -5.375000 0.775000
v -3.488164 -2.491624 1.574941
v -3.487063 -2.763855 1.546838
v -3.472387 -2.430837 1.147640
v -3.493386 -2.430393 1.475533
v -3.380326 -2.739339 1.538788
v -3.370289 -2.553311 1.566072
v -3.384417 -2.437858 0.851255
v -3.179886 -2.517396 1.583267
v -3.134395 -2.817882 1.515678
v -3.110853 -2.439644 1.057183
v -3.078152 -2.995049 1.457738
v -3.091955 -2.444300 1.488158
v -3.074015 -3.065779 1.263136
v -3.069653 -2.851240 1.125712
v -3.029176 -2.896961 1.473164
v -3.073598 -2.818089 1.461147
v -3.068247 -2.471387 0.587486
v -3.065036 -2.508118 1.067832
v -3.070175 -2.471479 1.250641
v -2.988826 -3.076371 1.521018
v -2.966155 -2.883570 1.514294
v -2.930344 -3.195746 1.500867
v 5.111876 1.505440 2.113170
v 4.856714 1.026016 2.106992
v 5.181563 1.214568 2.112567
v 5.443299 1.357589 2.128287
v 5.283514 1.010026 2.104482
v 5.700966 0.734634 2.117081
v 5.588157 1.352895 2.122811
v 13.042637 2.067356 0.769709
v 13.080049 1.525000 0.612500
v 13.068900 1.813819 0.655507
v 13.085416 1.956077 0.707591
v 13.051143 2.175000 0.625000
v 13.075255 2.162500 0.638715
v 13.037651 2.225000 0.600000
v 13.068274 2.274136 0.726319
v 13.106959 1.785521 0.737277
v 13.085281 1.725000 0.625000
v 13.079914 1.950000 0.625000
v 13.075424 2.075000 0.675000
v 13.116391 2.207392 0.744736
v 13.078449 2.392246 0.731348
v 4.225000 -0.162500 -0.874162
v 4.205877 -0.233181 -0.845610
v 4.182213 -0.041427 -0.818165
v 4.225000 -0.025000 -0.869625
v 4.225000 0.019140 -0.875000
v 7.061756 -5.787500 2.122930
v 7.127214 -5.973018 2.067971
v 7.139262 -5.786915 2.111858
v 7.205726 -5.938900 2.125000
v 7.164567 -5.675000 2.122075
v 7.356843 -6.067197 2.097934
v 7.265053 -5.813464 2.107845
v 3.280270 -9.523873 1.973504
v 3.427106 -9.531555 2.026677
v 3.317458 -9.529922 1.885738
v 3.483637 -9.369119 2.105301
v 3.456882 -9.517367 1.752721
v 3.505189 -9.495220 2.068519
v 3.765883 -8.898629 2.071813
v 3.582248 -9.528720 1.722893
v 3.444531 -9.000863 2.098615
v 3.517711 -9.523823 1.931225
v 3.616127 -9.590775 2.012535
v 3.853307 -9.509858 1.947932
v 3.806168 -9.507900 1.702008
v 3.891299 -9.487984 2.072034
v 3.906952 -9.154284 2.101925
v 4.033896 -9.507304 2.074155
v 5.735475 -2.240544 2.131769
v 5.648626 -2.093783 2.126782
v 5.730746 -1.830590 2.122600
v 6.027544 -1.743306 2.132972
v 5.938329 -1.944180 2.131820
v 6.220328 -1.850266 2.129040
v 5.992933 -2.312403 2.134812
v 0.706250 -6.120250 0.655746
v 0.717378 -5.621116 0.668038
v 0.690108 -5.875000 0.664363
v 0.776709 -5.460562 0.672006
v 0.775000 -6.336243 0.675000
v 0.756993 -6.102527 0.659758
v 0.757852 -5.967660 0.656872
v 0.791061 -5.985271 0.572185
v 0.850000 -6.288222 0.484313
v 0.817269 -6.236528 0.474974
v 0.815700 -6.325000 0.595589
v 0.830702 -6.112861 0.381926
v 0.813760 -5.900000 0.375000
v 0.816421 -5.980760 0.411672
v 0.816660 -5.925000 0.075000
v 0.826996 -5.947934 0.508857
v 0.819271 -5.875000 0.125000
v 0.825000 -5.875000 0.101690
v 0.812388 -5.839746 0.677007
v 0.821480 -5.825000 0.075000
v 0.825000 -5.864999 0.125000
v 0.814300 -5.905766 0.610363
v 0.807654 -5.756275 0.522869
v 0.851431 -5.678922 0.486916
v 0.853076 -6.303723 0.550000
v 0.919720 -6.275000 0.675000
v 0.841256 -6.162628 0.356074
v 0.875000 -6.119692 0.431671
v 0.849913 -6.213168 0.539187
v 0.845847 -6.177670 0.673965
v 0.841117 -6.127605 0.488075
v 0.821174 -6.070817 0.605666
v 0.885222 -6.129845 0.672876
v 0.876296 -6.074402 0.523983
v 0.830956 -6.042021 0.677017
v 0.874342 -5.923454 0.591209
v 0.841825 -5.859025 0.498220
v 0.832714 -5.843072 0.150000
v 0.822844 -5.700000 0.311659
v 0.883099 -5.910334 0.501763
v 0.858905 -5.826871 0.591115
v 0.823337 -5.662117 0.355579
v 0.842954 -5.706279 0.602088
v 0.878990 -5.626374 0.616648
v 0.839844 -5.575000 0.175000
v 0.875000 -6.214984 0.561608
v -2.497615 -12.130571 1.932171
v -2.487779 -12.139679 1.662524
v -2.483841 -11.974776 1.939718
v -2.412170 -12.291862 1.720131
v -2.471632 -12.216483 1.769547
v -2.403067 -12.267385 1.904884
v -2.463281 -12.275704 1.975115
v -2.398474 -12.231771 2.064167
v -2.431316 -12.087490 2.087695
v -2.376905 -12.151923 2.041432
v -2.857858 -0.123060 2.091342
v -3.047409 0.790017 2.086621
v -3.054149 0.313872 2.089951
v -2.621369 0.190530 2.085787
v -2.545481 0.644131 2.087667
v 6.390347 -1.586930 2.134404
v 6.585524 -0.989273 2.115364
v 6.511594 -1.236809 2.129672
v 6.919540 -1.012748 2.132599
v 6.692276 -1.419429 2.126166
v 4.908411 -3.388207 2.099931
v 5.259247 -3.393274 2.104866
v 5.221332 -3.398099 1.731322
v 5.428312 -3.475582 2.064072
v 5.475000 -3.628121 2.068932
v 5.459521 -3.507869 2.024010
v 5.467508 -3.625000 1.900000
v 5.513637 -3.624536 2.092270
v 5.439075 -3.456822 1.709162
v 5.515216 -3.575000 1.325000
v 5.488835 -3.559719 1.871949
v 5.538367 -3.762500 2.114309
v 4.786586 -3.090133 2.115962
v 4.639225 -2.782378 2.109705
v 5.139773 -3.133619 2.123698
v 5.149611 -2.938631 2.112025
v 5.106996 -2.588945 2.108975
v 5.509434 -3.025490 2.120644
v 5.457855 -2.730419 2.110929
v 8.011057 3.408013 2.118659
v 8.186802 3.912870 2.124211
v 7.998775 3.281502 2.131473
v 8.285838 3.480281 2.117947
v 8.289672 3.693184 2.114964
v 8.441688 3.720357 2.135468
v 8.623673 3.501399 2.117095
v -2.979322 -3.343315 2.016554
v -2.955591 -3.325245 2.084620
v -3.013482 -3.149740 1.918492
v -2.935400 -3.326077 1.913362
v -2.807709 -3.347428 1.610180
v -2.488284 -3.353032 2.013249
v -2.431041 -3.849804 1.838298
v -2.475305 -3.336996 2.080405
v -2.372776 -3.755973 2.063848
v -2.422235 -3.617469 2.002874
v -2.400387 -3.439028 2.038527
v 8.115136 4.254678 1.797354
v 8.117721 4.162920 2.114794
v 8.259693 4.235861 1.809484
v 8.468530 4.252019 1.979283
v 8.697764 4.245121 2.080724
v 8.732984 4.233065 1.929089
v 8.791306 4.256286 1.659057
v 0.764790 -3.307948 -0.915314
v 1.103821 -3.445134 -0.865213
v 1.225000 -3.447703 -0.725000
v 1.165432 -3.202940 -0.895599
v 1.377697 -3.188522 -0.900141
v 1.383696 -3.429255 -0.875380
v 3.290753 -5.021515 2.074922
v 3.342579 -5.164944 2.070404
v 3.400854 -5.363007 2.059842
v 3.545460 -5.552598 2.077115
v 3.835816 -5.250185 2.096387
v 3.758541 -5.462512 2.079172
v 4.153233 -5.296152 2.086286
v 3.757735 -5.116158 2.059855
v 1.768515 -3.397983 -0.019564
v 1.820674 -3.361185 0.085644
v 1.759697 -3.444493 0.163577
v 1.800677 -3.432728 0.474575
v 1.893319 -3.449394 0.495693
v 1.842892 -3.393856 0.418017
v 1.831855 -3.135895 0.204656
v 2.185938 -3.795031 0.775000
v 2.010406 -3.237608 0.082453
v 2.041333 -3.174372 0.207542
v 2.094953 -3.301191 0.073161
v 2.178520 -3.218882 0.171923
v 2.243767 -3.134684 0.468955
v 2.331705 -3.473078 -0.102610
v 2.308522 -3.466408 0.375665
v 2.258990 -3.452677 0.506979
v 2.292405 -3.414582 0.205803
v 2.314383 -3.303597 0.428824
v 1.637640 -2.851431 -0.634328
v 1.663536 -2.776508 -0.616739
v 1.658018 -2.595908 -0.447370
v 1.652267 -2.374601 -0.628507
v 1.701377 -3.023814 -0.529521
v 1.754433 -2.783557 -0.172720
v 1.717392 -3.098366 -0.430121
v 1.728656 -3.024235 -0.383310
v 1.730199 -2.962569 -0.477048
v 1.728407 -2.886841 -0.669421
v 1.787065 -2.486940 -0.732444
v 1.777911 -3.148420 -0.356340
v 1.792445 -2.903050 -0.021220
v 1.818034 -3.105371 -0.780403
v 1.792516 -3.125000 -0.782723
v 1.832943 -3.081949 -0.375202
v 1.797408 -2.988136 -0.730529
v 1.800447 -2.705517 -0.736492
v 1.793972 -2.813071 -0.131947
v 1.827600 -2.777033 -0.010521
v 1.830727 -2.989637 0.091407
v 1.852708 -2.917683 -0.733710
v 1.858238 -2.741660 -0.225317
v 1.880956 -2.704696 -0.291874
v 2.007546 -2.897113 -0.064545
v 1.873798 -2.676346 -0.468991
v 1.904686 -2.484030 -0.471782
v 1.872328 -2.402243 -0.257735
v 1.944009 -2.736219 -0.547378
v 2.018292 -3.063013 -0.119397
v 2.010556 -2.927384 -0.009692
v 1.960395 -2.761664 -0.163211
v 2.139053 -2.722574 -0.389853
v 2.049640 -2.392182 -0.447797
v 2.054104 -3.137882 -0.007780
v 2.095469 -3.040205 -0.110894
v 2.117272 -2.927802 -0.100939
v 2.036241 -2.493820 -0.536542
v 2.086118 -3.081060 -0.025468
v 2.141589 -2.689090 -0.521728
v 2.177124 -2.436584 -0.393021
v 2.219324 -2.903916 -0.069059
v 2.211689 -2.760375 -0.156058
v 2.260540 -2.961345 0.005370
v 2.234887 -2.649181 -0.360492
v 2.248421 -2.423135 -0.343072
v 2.315324 -3.121524 -0.769297
v 2.321750 -3.101498 -0.554507
v 2.263962 -2.979667 -0.373538
v 2.343113 -2.804545 -0.250131
v 2.291073 -2.711253 -0.278284
v 2.310629 -2.263123 -0.269071
v 2.350583 -3.070591 -0.681805
v 2.378137 -2.938059 -0.003893
v 2.339902 -2.895869 -0.492629
v 2.354430 -3.095678 -0.195338
v 2.336836 -2.761596 -0.462316
v 2.335474 -2.780337 -0.658075
v 2.386855 -2.701187 -0.282353
v 2.377012 -2.531041 -0.276361
v 2.365475 -2.386608 -0.613288
v 1.831816 -2.811413 0.287449
v 1.839818 -3.101539 0.410825
v 1.823144 -2.999561 0.463901
v 1.879853 -2.767016 0.054145
v 1.951261 -2.833125 0.448358
v 1.842968 -2.782746 0.484234
v 2.026566 -2.874567 0.075509
v 2.005856 -2.865161 0.263965
v 2.043315 -2.946902 0.312362
v 2.064674 -2.979129 0.471367
v 2.066057 -2.824512 0.474959
v 2.145386 -2.903773 0.475606
v 2.075000 -2.824289 0.475000
v 2.140031 -3.018356 0.031485
v 2.125406 -2.976856 0.215958
v 2.130581 -2.871608 0.189544
v 2.125000 -2.825000 0.474717
v 2.270770 -2.772993 0.473768
v 2.142347 -3.032334 0.269276
v 2.232205 -2.991921 0.342781
v 2.117359 -2.945672 0.179877
v 2.175000 -2.825000 0.474880
v 2.241337 -3.056857 0.468464
v 2.232077 -2.994878 0.126219
v 2.271031 -2.775128 0.026853
v 2.250063 -2.891261 0.416240
v 2.322624 -2.764307 -0.212666
v 2.352246 -2.786729 0.423148
v 2.386566 -2.961620 0.430239
v 2.318419 -3.143093 0.328465
v 2.393803 -2.851253 0.479063
v 2.392194 -2.842407 0.283431
v 2.442363 -3.476371 -0.719393
v 2.536347 -3.418087 -0.703889
v 2.607798 -3.479070 -0.387099
v 2.513852 -3.474922 -0.175660
v 2.552881 -3.180104 -0.616661
v 2.678025 -3.469768 -0.136422
v 2.658582 -3.434608 -0.574170
v 2.672834 -3.232628 -0.480992
v 2.567033 -3.271744 -0.560806
v 2.792972 -3.481782 -0.051999
v 2.684765 -3.399999 -0.537615
v 2.838397 -3.476639 -0.391940
v 2.709660 -3.470919 -0.536162
v 2.933097 -3.463695 -0.148291
v 2.991864 -3.482585 -0.481540
v 2.998564 -3.486611 -0.036518
v 3.167944 -3.472190 -0.140017
v 4.064995 -4.357573 2.059023
v 4.217130 -4.720954 2.076121
v 4.147042 -4.437879 2.061611
v 4.145468 -4.458287 1.598791
v 4.165659 -4.448841 1.904907
v 4.275000 -4.424924 2.025404
v 4.505096 -4.475000 2.091973
v 4.387287 -4.608917 2.083286
v 4.875000 -4.575000 2.082774
v 4.862812 -4.670066 2.079705
v 2.466964 -3.479007 0.384747
v 2.335562 -3.468819 0.526951
v 2.324761 -3.486418 0.214657
v 2.455800 -3.483323 0.869975
v 2.660177 -3.474276 0.566118
v 2.600406 -3.475164 0.087829
v 2.830561 -3.487644 0.239435
v 2.818449 -3.483641 0.486302
v 2.891726 -3.453305 0.500261
v 2.933794 -3.471311 0.143994
v 3.048476 -3.477887 0.485096
v 3.887500 -3.821718 0.750000
v 3.162080 -3.470347 0.115996
v 7.540070 -9.590313 1.943972
v 12.004262 -2.980160 2.126314
v 12.122184 -2.787444 2.155845
v 12.175444 -2.431984 2.148064
v 12.049999 -2.819402 2.175000
v 12.294325 -3.172373 2.175000
v 12.323290 -2.769382 2.134893
v 12.392087 -2.553381 2.152015
v 12.384199 -2.925000 2.200000
v 12.375244 -2.984236 2.120864
v 12.399999 -2.846299 2.173447
v 12.339197 -2.808611 2.225000
v 12.409444 -3.108842 2.154847
v 12.359083 -2.804112 2.116534
v 12.603123 -2.974637 2.144053
v 12.510154 -2.733760 2.167914
v 12.605962 -3.111750 2.142657
v 12.577273 -2.616376 2.155226
v 12.657585 -3.222377 2.176388
v 12.734632 -2.931029 2.151141
v 12.717860 -2.716915 2.167339
v 12.796637 -2.457069 2.177642
v 12.779890 -2.859140 2.171415
v 1.691070 -3.125000 -0.875000
v 1.675000 -3.122932 -0.834957
v 1.802722 -3.026449 -0.868359
v 1.702772 -2.868643 -0.873406
v 1.800020 -2.483641 -0.883313
v 1.827685 -3.118750 -0.878276
v 1.872129 -2.853722 -0.881556
v 1.798011 -2.713259 -0.895976
v 1.851222 -3.150000 -0.800000
v 1.853413 -2.969927 -0.873638
v 2.345031 -2.777522 -0.885320
v 2.366197 -2.419032 -0.894231
v -0.275000 -9.582424 0.700000
v -0.200501 -9.548372 0.756626
v -0.100000 -9.560523 0.500000
v -0.062084 -9.568901 0.561852
v 0.022636 -9.536695 0.794441
v 1.779933 -2.228490 -0.878487
v 1.759144 -2.288200 -0.169933
v 1.821520 -2.230572 -0.258844
v 1.889023 -2.200041 -0.280716
v 1.899251 -2.197248 -0.871759
v 2.025700 -2.221632 -0.272012
v 2.000568 -2.351590 -0.316452
v 2.361920 -2.210713 -0.279428
v 2.338197 -2.208074 -0.857491
v 2.389236 -2.268264 -0.474837
v 2.426685 -2.283281 -0.280236
v -0.131795 -3.670095 0.920323
v 0.546521 -3.636229 0.922125
v 0.676898 -3.584751 1.519423
v 0.614020 -3.514935 0.889511
v 0.634929 -3.560969 1.006910
v 0.676981 -3.460148 1.100868
v 0.724097 -3.442268 0.819048
v 0.837976 -3.545763 0.930074
v 0.766848 -3.611826 0.977449
v 0.798361 -3.581800 1.113139
v 0.801951 -3.527141 1.397571
v 0.950000 -3.781025 0.846205
v 0.889426 -3.498213 0.877676
v 0.868386 -3.725249 0.919241
v 0.867257 -3.682919 0.934250
v 1.333980 -3.742463 0.905142
v 1.837500 -3.781979 0.821497
v 3.215875 -3.478926 -0.686950
v 3.444484 -3.479598 -0.640607
v 3.358793 -3.479724 -0.303832
v 3.474839 -3.472673 0.095400
v 3.474344 -3.479749 -0.102167
v 3.675902 -3.479338 -0.306500
v 3.657371 -3.478391 -0.111703
v 3.883651 -3.496569 -0.205113
v 3.956798 -3.490152 -0.611328
v 3.954834 -3.482698 -0.111987
v 3.000084 -3.490880 0.224858
v 3.337312 -3.482213 0.327158
v 3.382176 -3.476921 0.663435
v 3.748399 -3.492754 0.156540
v 3.783700 -3.497395 0.475006
v 3.941703 -3.489585 0.572148
v 3.944289 -3.493365 0.140261
v 3.998085 -3.912500 0.725000
v 4.102989 -2.940031 -0.094648
v 4.111357 -3.268121 0.198402
v 4.116417 -2.946151 -0.821797
v 4.109291 -2.822667 -0.384142
v 4.115113 -2.641327 -0.202273
v 4.118526 -2.701103 -0.615597
v 6.464795 -1.428129 0.873489
v 6.486184 -1.106443 0.932350
v 6.450321 -1.175677 0.876112
v 6.445421 -0.902910 0.877617
v 6.670336 -1.218750 0.925490
v 6.463438 -0.815182 0.925997
v 6.500680 -1.436270 0.930714
v 6.594288 -0.611985 0.939366
v 6.666440 -1.190423 0.930416
v 6.675000 -0.950000 0.929590
v -0.709605 3.143533 2.096360
v -0.488566 2.517552 2.095017
v -0.624456 2.656547 2.095641
v -0.122190 3.014047 2.094894
v -0.148642 2.588313 2.096853
v -0.580675 3.571611 2.094252
v -0.612746 3.963717 2.089344
v -0.227610 3.777039 2.089184
v -0.334712 3.206794 2.095266
v 11.915673 -3.616151 2.124821
v 12.264146 -3.579357 2.142043
v 12.071521 -3.425770 2.162737
v 12.224999 -3.650000 2.156802
v 12.216863 -3.207993 2.148595
v 12.360352 -3.638499 2.105394
v 12.413036 -3.457004 2.156271
v 12.352374 -3.964805 2.089672
v 12.383280 -3.797615 2.175000
v 12.403444 -3.879739 2.096412
v 12.373960 -3.776982 1.927259
v 12.354947 -3.602970 1.690118
v 12.395103 -3.953307 1.662733
v 12.404189 -3.973332 1.804617
v 12.427027 -3.898530 1.930688
v 12.400822 -3.930780 2.013743
v 12.436815 -3.972703 2.113405
v 12.425385 -3.854581 1.821612
v 12.423185 -3.858121 1.644795
v 12.426171 -3.787351 2.120051
v 12.373011 -3.716559 1.667299
v 12.353947 -3.643422 1.885724
v 12.429579 -3.519973 1.586365
v 12.467028 -3.507059 1.772758
v 12.378849 -3.573973 2.065629
v 12.537241 -3.495481 1.984492
v 12.458810 -3.175774 2.165191
v 12.757596 -3.473998 2.102100
v 12.707961 -3.465694 2.005120
v 12.631314 -3.411633 2.157414
v 12.770435 -3.520809 1.788861
v 12.825590 -3.333955 1.646564
v 12.773179 0.457623 0.845084
v 12.773230 0.566760 0.675000
v 12.767392 0.774404 0.726161
v 12.787031 0.031250 0.687500
v 12.802324 0.262500 0.675000
v 12.760737 0.556319 0.769526
v 12.806034 0.750000 0.700000
v 4.023112 -4.325000 0.725000
v 4.025419 -4.106250 0.692228
v 12.773004 1.067054 0.851539
v 12.755526 1.128138 0.930388
v 12.773515 0.895801 0.939590
v 12.855258 1.172698 1.029297
v 6.250000 -0.419870 -0.037500
v 3.316660 -6.961542 2.074539
v 3.416124 -7.115621 2.077475
v 3.673121 -6.422417 2.073033
v 3.281396 -6.743000 2.088746
v 3.649642 -6.567551 2.073510
v 3.329255 -6.601955 2.079966
v 3.880683 -6.976859 2.064827
v 3.923947 -6.558553 2.093185
v 3.773841 -6.835002 2.091398
v 12.984076 -9.617499 1.331153
v 13.018750 -9.473624 1.343133
v 13.019990 -9.420739 1.500700
v 13.013932 -9.333494 1.317559
v 13.008517 -9.319044 1.437083
v 13.014647 -9.319155 1.635374
v 13.020727 -9.252287 1.519541
v 13.041122 -9.208211 1.109144
v 13.032437 -9.167445 1.328699
v 13.031203 -9.187252 1.194664
v 13.012046 -9.152578 1.557497
v 13.020283 -9.175001 1.050000
v 13.041513 -9.027150 1.516735
v 13.010670 -9.091422 1.177048
v 13.065637 -9.529420 1.238961
v 13.032947 -9.487743 1.629927
v 13.057760 -9.429887 1.417806
v 13.036770 -9.500000 1.075000
v 13.044729 -9.293751 1.187500
v 13.059286 -9.265976 1.376206
v 13.063492 -9.102403 1.396692
v 13.082261 -9.130743 1.249715
v 13.062511 -9.050001 1.125000
v 13.052292 -8.911679 1.424531
v 13.083253 -8.945419 1.188293
v 13.055798 -8.794563 1.081250
v 13.108093 -8.968843 1.330151
v -3.673460 -0.870064 1.273777
v -3.650143 -0.873800 0.692754
v -3.638967 -0.751437 1.327254
v -3.509137 -0.926104 1.426121
v -3.511469 -1.527521 1.803689
v -3.512199 -1.489212 1.463391
v -3.512815 -1.345622 1.060733
v -3.509502 -1.028220 1.027302
v -3.510782 -1.169213 1.324635
v -3.503950 -0.548023 1.460204
v 0.240792 -8.518302 2.064785
v 0.103025 -8.358940 2.071852
v 0.293689 -8.302238 2.087310
v 0.419774 -8.175540 2.059342
v 0.619954 -7.868190 2.064265
v 0.647364 -8.457449 2.042038
v 0.042312 -7.913521 2.078366
v 0.215637 -7.900504 2.059582
v 0.197208 -7.560085 2.079004
v 0.258743 -7.189219 2.066604
v 0.501203 -7.631160 2.069106
v 0.940124 -7.248690 2.069769
v 0.711326 -7.806054 2.076390
v 0.895098 -7.447224 2.076889
v 1.382996 -7.807284 2.076373
v 1.361763 -7.360887 2.070546
v 1.335295 -7.869073 2.059559
v 1.297421 -7.697137 2.068050
v 1.531990 -7.288897 2.076332
v 0.198221 -3.464923 2.060443
v 0.174202 -3.589140 2.084249
v 0.673260 -3.469995 2.056856
v 0.599082 -3.596533 2.080048
v 0.701440 -3.385667 2.086720
v 0.723976 -3.541369 2.047803
v 0.645981 -3.525768 1.891850
v 0.749879 -3.587977 1.680591
v 0.723391 -3.449084 1.610999
v 0.779893 -3.525335 1.909731
v 0.735606 -3.469339 2.045964
v 0.905663 -3.585138 2.080343
v 1.023677 -3.392386 2.091917
v 1.107504 -3.755270 2.088208
v 1.525849 -3.763455 2.099660
v 1.436791 -3.474658 2.069373
v 1.440134 -3.978142 2.082572
v 1.701227 -3.486552 2.066376
v 13.011187 -1.063228 0.802038
v 12.980993 -0.959497 1.164647
v 12.973275 -0.826764 1.166922
v 12.971375 -0.772837 0.975688
v 12.992321 -1.556992 1.050321
v 13.023620 -1.542625 1.225710
v 12.990474 -1.558179 1.413827
v 12.976907 -1.495236 0.842171
v 13.041314 -1.445017 1.338243
v 13.020995 -1.391409 1.182694
v 13.023561 -1.129912 1.289490
v 13.010133 -1.061407 1.166849
v 12.984352 -0.981739 0.883910
v 12.977329 -0.977804 0.999039
v 12.984333 -0.971350 1.476403
v 12.978816 -0.867552 1.287108
v 12.987864 -0.925000 0.825000
v 13.036883 -1.442519 1.044247
v 13.060018 -1.412678 0.728997
v 13.031096 -1.331141 1.391294
v 13.018101 -1.328188 0.919948
v 13.000814 -1.332887 1.087772
v 13.064368 -1.229238 0.828170
v 13.057220 -1.206924 1.048635
v 13.057014 -1.227493 1.383593
v 13.015304 -1.062219 0.937243
v 13.013133 -1.072248 1.480138
v 13.067111 -1.121171 1.670578
v 13.087612 -1.423184 1.439851
v 2.707886 -4.452771 2.087715
v 2.773302 -4.606042 2.085878
v 2.589769 -4.216030 2.095518
v 2.940020 -4.070187 2.092182
v 3.426150 -4.924609 2.087263
v 3.379042 -4.453738 2.092960
v 3.641465 -4.695148 2.088467
v 3.212285 -4.228669 2.093372
v 3.831451 -4.393160 2.082105
v 3.980975 -4.257863 2.090030
v 4.007559 -4.927976 2.085758
v 3.979490 -3.938782 2.080057
v 4.015913 -4.265123 2.010169
v 4.009811 -4.109708 1.623874
v 5.148623 -7.049893 0.540050
v 5.147998 -7.084375 0.390625
v 5.157443 -7.056950 0.724761
v 5.148476 -6.990163 0.678138
v 5.151209 -6.937500 0.059334
v 5.146784 -6.954862 0.300580
v 5.145468 -6.953063 -0.001760
v 5.171744 -6.871519 0.296659
v 5.172249 -6.894101 0.561465
v 5.174887 -6.851332 0.672130
v 5.165187 -6.821119 0.139195
v 5.178852 -6.495138 0.573026
v 5.174713 -6.475000 0.175000
v 5.156242 -6.425000 0.175000
v 5.130510 -6.329871 0.561065
v 5.134655 -6.375000 0.150000
v 5.175000 -6.416099 0.225000
v 5.194977 -7.244188 0.460628
v 5.206767 -6.775000 0.705006
v 5.183599 -6.759113 0.417180
v 5.221067 -6.675476 0.528535
v 5.208911 -6.639877 0.225761
v 5.191065 -6.609348 0.429157
v 5.211325 -6.606597 0.087500
v 5.119107 -6.300000 0.650000
v 5.167629 -6.468197 0.365686
v -1.410717 -9.775001 1.425000
v -1.377061 -9.646258 1.525708
v -1.355506 -9.715233 1.466630
v -1.375000 -9.640987 1.300000
v -1.364236 -9.642542 1.395968
v -1.284277 -9.596367 1.200312
v -1.279882 -10.642001 1.602566
v -1.281249 -10.018750 1.506010
v -1.302257 -9.829653 1.549937
v -1.279673 -9.875001 1.425000
v -1.325000 -9.621445 1.104202
v -1.325000 -9.712189 1.175000
v -1.266911 -9.566250 0.815299
v -1.304545 -9.600702 1.049410
v -1.252809 -9.567775 0.910783
v -0.938221 -9.609483 1.010840
v -0.959914 -9.640562 0.883206
v -0.939148 -9.700001 0.900000
v -0.886412 -9.592890 1.011551
v -0.909172 -9.578764 1.425146
v -0.810806 -9.698123 0.919985
v -0.829884 -9.653672 1.021510
v -0.774093 -9.647213 0.993382
v -0.775621 -9.564597 1.086590
v -0.827458 -9.701967 0.934128
v 3.276522 -1.194698 2.109385
v 3.612004 -1.344108 2.109669
v 3.196526 -0.917984 2.106632
v 3.290951 -1.491308 2.104098
v 3.549059 -0.938014 2.110847
v 3.762822 -1.488642 2.108076
v 3.833636 -0.995210 2.108612
v 3.995039 -1.750292 2.114109
v 4.015924 -1.244788 2.107445
v 8.830073 -9.611171 0.916781
v 8.822194 -9.568753 1.024243
v 8.998903 -9.592451 1.150159
v 8.881389 -9.605086 1.380188
v 8.893528 -9.621102 1.463341
v 8.991992 -9.587782 0.929464
v 9.009971 -9.608315 1.485991
v 8.850000 -9.597227 0.825000
v 9.079453 -9.571262 1.522980
v 9.105416 -9.599476 1.581964
v 9.181050 -9.599279 0.941601
v 9.123962 -9.566567 1.269463
v 9.175875 -9.593309 1.068056
v 9.196875 -9.594173 1.312500
v 9.228075 -9.574082 1.494691
v 9.368084 -9.615509 0.979832
v 9.427980 -9.622557 1.131250
v 9.350388 -9.611237 1.109316
v 9.262499 -9.612598 0.850000
v 9.378970 -9.565293 1.322088
v 9.394042 -9.596010 1.551465
v 9.350000 -9.601991 1.300000
v 9.414063 -9.613245 1.425759
v 9.475780 -9.626821 1.090782
v 9.437500 -9.600083 0.962500
v 9.581864 -9.630366 1.440779
v 9.549999 -9.591060 1.075000
v 9.600809 -9.569355 1.605438
v 9.549462 -9.640905 1.385148
v 6.595610 -5.011014 2.104162
v 6.542040 -4.907369 2.094588
v 6.706522 -4.991043 2.130837
v 6.568750 -5.039161 2.074010
v 6.725870 -4.920618 2.073506
v 6.775000 -5.025000 2.108954
v 6.762776 -4.912500 2.077009
v 6.485976 -3.671096 1.694524
v 6.502316 -3.647140 2.084874
v 6.500792 -3.538817 1.990866
v 6.433536 -3.212431 2.116549
v 6.541591 -3.570965 1.559033
v 6.542146 -3.634151 1.866197
v 6.697842 -3.410196 2.119278
v 6.521091 -3.522298 2.088658
v 6.826951 -3.232733 2.125518
v 6.687735 -3.772664 2.110522
v 6.922770 -3.498353 2.102842
v 7.082162 -3.643033 2.113061
v 7.292526 -1.753778 2.131444
v 7.412042 -1.963332 2.144159
v 7.688019 -2.095409 2.143277
v 7.830310 -1.579572 2.134604
v 7.868977 -2.190667 2.126843
v 7.223147 -5.963933 2.120013
v 7.325000 -6.267828 2.125000
v 7.112742 -5.975000 2.075000
v 7.306581 -5.925000 2.125000
v 7.350000 -6.304574 2.124006
v 7.381151 -6.275000 2.125000
v 7.393142 -6.118064 2.125000
v 7.475000 -6.332663 2.125000
v 7.509302 -6.065845 2.125000
v 7.584094 -6.211453 2.117428
v 7.595971 -6.094941 2.125000
v 7.682512 -6.345069 2.125000
v 7.814458 -6.304456 2.125000
v 7.863393 -6.301345 2.115810
v 8.025000 -6.285047 2.125000
v 8.100000 -6.271361 2.123966
v 6.430046 -2.615032 0.606250
v 6.443311 -2.521614 0.190346
v 6.436972 -2.523877 0.664200
v 6.438587 -2.625000 0.237500
v 6.445360 -2.394645 0.239780
v 6.449969 -2.475000 0.125000
v 6.446782 -2.582894 0.483453
v 6.419130 -2.475000 0.175000
v 8.687733 -1.370793 2.121637
v 9.317583 -1.542087 2.145424
v 9.595860 -1.165202 2.144713
v 9.186523 -1.109681 2.125553
v 6.443391 -2.463209 0.870133
v 6.468122 -1.800000 0.925000
v 6.453089 -1.806314 0.827948
v 1.884784 -5.233510 2.065783
v 1.859281 -5.518368 2.062048
v 1.936611 -4.941450 2.075188
v 2.171281 -4.882522 2.083319
v 2.253441 -5.407303 2.072963
v 2.237245 -5.046265 2.078352
v 8.875000 -5.525000 2.109051
v 8.923405 -4.991969 2.100785
v 8.838703 -5.091411 2.086608
v 9.157450 -4.930789 2.112494
v 9.151563 -5.088027 2.080638
v 9.244784 -5.089064 2.064107
v 9.352292 -5.028376 2.120435
v 9.414347 -4.884628 2.107959
v 9.597800 -5.066761 2.082193
v 4.237670 -6.437471 2.071713
v 4.076631 -6.930753 2.079728
v 4.062117 -6.589411 2.083313
v 4.372354 -6.995714 2.071221
v 4.559489 -6.677657 2.096247
v 4.771737 -6.917041 2.070111
v 4.761034 -6.536324 2.079379
v 4.746245 -7.251884 2.062585
v 4.837897 -6.719983 2.074914
v 4.827707 -7.121868 2.018347
v 4.849482 -6.227360 1.900900
v 4.874769 -6.184040 1.804212
v 4.887245 -6.218101 1.971800
v 4.854079 -5.762210 1.942629
v 4.856343 -6.159460 1.713606
v 4.840693 -5.768030 1.709339
v 5.185867 -6.464093 1.692749
v 5.123410 -5.993715 1.710740
v 5.160785 -5.679155 1.703688
v 5.263136 -6.223209 1.689568
v 5.383391 -6.269900 1.712735
v 5.383698 -5.837907 1.718788
v 5.391547 -5.580627 1.712417
v 5.416860 -6.337500 1.733103
v 5.377113 -6.124571 1.723237
v 5.458314 -6.225000 1.775000
v 5.389055 -6.085612 1.770839
v 5.415330 -5.849622 1.751916
v 4.884448 -4.600000 1.750000
v 4.878900 -4.625000 1.950000
v 4.880195 -4.649498 1.768711
v 5.134376 -4.800469 1.689389
v -2.992112 2.849594 2.092356
v -2.797881 2.784098 2.099627
v -2.798112 2.550183 2.096758
v -2.334775 2.660381 2.098509
v 4.190938 -2.325124 0.904256
v 4.271014 -2.366512 1.029354
v 4.264231 -1.704755 0.945740
v 4.360689 -2.334908 0.955655
v 4.376213 -1.820210 0.931626
v 4.444829 -2.231250 0.800000
v 4.427358 -2.319042 0.872130
v -1.708093 -4.417388 2.057824
v -1.390439 -4.007232 2.064407
v -1.368991 -4.584644 2.062387
v -1.279140 -4.343407 2.065599
v -0.903448 -4.404661 2.070317
v -0.882868 -4.177813 2.079996
v -0.958284 -4.676874 2.067984
v 0.044350 -5.697149 2.064656
v 0.070716 -6.091717 2.070294
v 0.355271 -5.841228 2.068422
v 0.627080 -6.247684 2.074815
v 0.741376 -5.898425 2.071028
v 0.599372 -5.716630 2.071867
v 6.457781 -2.350000 0.925000
v -3.079836 -0.756852 -0.877789
v -3.066009 -0.517389 -0.910823
v -3.095310 -0.445689 -0.875272
v -3.107073 -0.149875 -0.874460
v -3.064896 -0.089027 -0.911974
v -2.445106 -0.523950 -0.905713
v -2.613642 -0.442312 -0.908767
v -2.424559 0.018159 -0.883746
v -2.523463 0.073716 -0.876021
v -2.558525 -0.083427 -0.909911
v 1.842411 -2.644003 2.093408
v 1.968325 -3.002085 2.104918
v 2.144926 -2.617229 2.110049
v 2.339188 -3.083077 2.106722
v 2.241290 -2.891701 2.108240
v 6.768925 -9.569692 1.905425
v 12.422471 3.881220 1.023936
v 12.473262 3.808506 0.924489
v 12.460800 3.833496 1.338777
v 12.445880 3.918420 1.203623
v 12.458097 3.909338 0.936708
v 12.457957 3.973155 1.015963
v 12.463729 4.000798 1.110601
v 12.472611 3.936880 1.272973
v 12.452087 3.981605 1.449922
v 12.466607 3.826352 1.435492
v 12.511067 3.768541 1.419647
v 12.471869 3.792640 1.611223
v 12.507026 3.777902 1.024180
v 12.481390 3.776890 1.138532
v 12.648816 3.764420 1.130024
v 12.700000 3.755002 1.025000
v 12.776686 3.776710 1.161826
v 12.848465 3.750355 1.337062
v 12.666631 3.749668 1.380288
v 12.075000 4.244973 1.125000
v 11.980948 4.244415 1.201061
v 12.125487 4.244637 1.382342
v 12.092808 4.215865 1.617151
v 12.293750 4.250647 1.119979
v 12.331361 4.269036 1.345668
v 12.162858 4.223216 1.303689
v 12.173769 4.227977 1.549390
v 12.315024 4.216675 1.170406
v 12.344107 4.281682 1.576384
v 12.431543 4.071878 1.226860
v 12.418518 4.142460 1.205124
v 12.451726 4.147873 1.350404
v 12.428920 4.187276 1.397825
v 12.474999 4.225000 1.079931
v 12.428625 4.242004 1.557658
v 12.423988 4.207698 1.476387
v 12.457014 4.005649 0.862500
v 12.451848 4.143343 1.241904
v 12.456543 4.100000 1.000000
v 12.426771 4.238939 1.161759
v 12.430614 4.226532 1.338692
v 12.029091 4.234335 1.853644
v 12.083297 4.243051 2.094454
v 12.093595 4.245876 1.742379
v 12.209103 4.076790 2.152260
v 12.368587 4.113877 2.165687
v 12.254061 4.224326 2.110078
v 12.322385 4.138035 2.138019
v 12.324995 4.224182 1.723821
v 12.395365 4.132223 2.123444
v 12.212823 4.247842 1.708151
v 12.406152 4.184737 1.813087
v 12.365636 4.237920 1.797103
v 12.417347 4.197663 1.663897
v 12.394490 4.222297 1.966122
v 7.311532 -9.585137 2.017601
v 7.275000 -9.176969 2.125000
v 7.275000 -9.175000 2.124290
v 7.282489 -9.175000 2.125000
v 7.261493 -9.004623 2.098633
v 7.284903 -9.077436 2.125000
v 7.420599 -9.562816 1.832292
v 7.552935 -9.591054 2.044333
v 7.525847 -9.518501 2.119109
v 7.825000 -9.325001 2.170382
v 7.526271 -9.548059 1.656183
v 7.713534 -9.423721 2.151385
v 7.423746 -9.050671 2.125000
v 7.544313 -8.954762 2.112806
v 7.647196 -9.535467 1.947623
v 7.724268 -9.541077 2.071474
v 7.809225 -9.507581 2.146671
v 7.700000 -9.041231 2.125000
v 7.751071 -8.917672 2.110088
v 8.109375 -9.235938 2.143516
v 7.986383 -8.862941 2.114961
v 7.940083 -9.538762 1.787619
v 7.911420 -9.546720 1.906884
v -2.318689 4.318007 2.070138
v -2.161894 4.325210 2.059562
v -2.372972 4.229893 2.079652
v -1.871331 4.330543 1.640533
v -1.838600 4.273386 2.083641
v -1.941864 4.322254 2.078874
v -1.664061 4.331439 1.845874
v -1.282886 4.323859 1.800153
v -1.494079 4.318160 2.057926
v -1.012462 4.317186 2.065189
v -1.251235 4.244472 2.092626
v -0.954911 3.778486 2.090589
v -0.806288 4.322031 2.003100
v -0.554718 4.298621 2.083302
v 1.019474 -9.585198 0.792348
v 1.076562 -9.588575 0.417188
v 1.276768 -9.587452 0.618024
v 1.362500 -9.595751 0.478252
v 1.378778 -9.592709 0.715932
v 1.556848 -9.589025 0.425000
v 1.488814 -9.580105 0.645769
v 1.658411 -9.603391 0.531884
v 0.875000 -9.559978 0.125000
v 0.882822 -9.553146 0.523493
v 0.850000 -9.560028 0.275000
v 0.893293 -9.535982 0.750869
v 1.026544 -9.581899 0.589289
v 1.123578 -9.579491 0.546893
v 1.100285 -9.578972 0.692111
v 1.628029 -9.593987 0.709635
v 8.085363 -6.845459 2.112058
v 8.129059 -6.486543 2.115986
v 8.230100 -7.065036 2.101959
v 8.193873 -6.662987 2.121102
v 8.340812 -6.661486 2.119526
v 8.519211 -6.943244 2.108138
v 8.496710 -6.541101 2.119102
v 8.287171 -6.467887 2.119099
v 8.447138 -7.239050 2.096075
v 8.418821 -6.841547 2.106806
v 8.497730 -6.395334 2.106632
v 8.603321 -7.116385 2.107607
v 8.586066 -6.804328 2.082617
v 8.655575 -6.605403 2.118747
v 8.690715 -6.496639 2.083855
v 8.697810 -6.735890 2.080499
v 8.765113 -7.155263 2.105151
v 8.719720 -6.895380 2.095179
v 8.950724 -7.152289 2.125000
v 8.812500 -6.850000 2.109072
v 8.764236 -6.525000 2.125000
v -0.758382 -9.539735 1.966970
v -0.630730 -9.466455 1.898004
v -0.554428 -9.491567 1.962981
v -0.612014 -9.371254 2.073421
v -0.605858 -9.004002 2.070762
v -0.494450 -9.469521 2.022996
v -0.450699 -9.375471 2.076001
v -0.557043 -9.491209 1.659018
v -0.130539 -9.214961 2.096322
v -0.146252 -9.405987 2.074474
v -0.226708 -9.499157 1.752841
v -0.190255 -9.492926 2.015061
v -0.065349 -9.454949 1.913648
v -0.075035 -9.439846 2.073490
v 0.028704 -9.459215 2.082813
v -0.180627 -9.066350 2.070587
v 0.047548 -9.469099 1.957035
v 0.172133 -5.140248 2.071071
v 0.202317 -5.373834 2.064371
v 0.269205 -5.578149 2.074791
v 0.567396 -5.521505 2.066464
v 0.427420 -5.227445 2.069837
v 0.416723 -4.813439 2.068042
v 0.399504 -5.009967 2.071804
v 0.608014 -5.186989 2.067065
v 3.262715 -5.405894 2.085528
v 3.391994 -5.722736 2.082316
v 3.599263 -6.018919 2.086363
v 3.725419 -6.260216 2.088560
v 3.773333 -5.746102 2.066512
v 4.061529 -5.851149 2.084713
v 2.087518 -3.632600 0.937669
v 2.807941 -3.697307 0.963369
v 2.879241 -3.793308 0.887079
v 2.859799 -3.643423 1.073905
v 2.848747 -3.481714 0.872347
v 2.872464 -3.468562 0.890421
v 2.870542 -3.474900 1.266152
v 2.903579 -3.456592 0.890967
v 2.883429 -3.684585 1.044035
v 2.863570 -3.774416 0.937181
v 2.990912 -3.619920 0.994200
v 2.886049 -3.449975 1.253982
v 3.021020 -3.576259 1.575387
v 3.018865 -3.519508 1.132578
v 3.012477 -3.541902 1.454619
v 3.149551 -3.748160 0.959696
v 3.061061 -3.594578 0.975591
v 3.021769 -3.573978 1.344595
v 3.051149 -3.532621 0.920134
v 3.167378 -3.481335 0.873166
v 3.270843 -3.166798 2.111604
v 3.228867 -2.927881 2.092763
v 3.510343 -2.765901 2.112991
v 3.457800 -2.637614 2.101364
v 3.630364 -2.944676 2.097440
v 4.002197 -2.661169 2.098692
v 3.961037 -2.892043 2.103472
v 4.122500 -2.515960 -0.815771
v 4.086583 -2.953237 -0.879862
v -2.229021 -8.073964 2.070535
v -2.284579 -8.243349 2.046786
v -2.244124 -8.435364 2.059138
v -2.188752 -8.359464 2.084231
v -2.054431 -8.150265 2.056571
v -1.880574 -8.386584 2.049714
v -1.580680 -8.262117 2.056601
v -1.564448 -8.735456 2.071081
v -1.376787 -8.611064 2.060987
v -1.099713 -8.436584 2.068478
v -1.203785 -8.165551 2.058166
v -0.975454 -8.194588 2.081676
v -1.105630 -8.273974 2.020490
v -1.003253 -8.109781 2.054390
v -0.987873 -8.318124 2.091004
v -1.380902 -7.644298 2.055291
v -1.320210 -7.361991 2.052655
v -1.028906 -7.409813 2.069156
v -1.048243 -7.871983 2.054314
v -0.854575 -7.791836 2.053524
v 10.474351 1.165381 2.132543
v 10.423059 0.852750 2.135417
v 10.781430 1.387023 2.141427
v 10.812364 1.045477 2.144478
v 10.968073 1.206113 2.141877
v 7.254028 -9.704843 1.129661
v 7.259512 -9.623783 1.188889
v 7.243403 -9.573382 1.280610
v 7.224390 -9.608016 1.425947
v 7.361042 -9.597896 1.314690
v 7.336902 -9.720664 1.019562
v 7.457406 -9.591868 1.248568
v 7.439299 -9.607502 1.387864
v 7.458765 -9.682020 1.145910
v 7.560927 -9.679812 0.983625
v 7.489307 -9.567031 1.334633
v 7.539765 -9.677105 0.887221
v 7.721850 -9.632021 0.847876
v 7.569804 -9.630064 1.256396
v 7.677611 -9.625617 1.041982
v 7.693107 -9.628111 1.403444
v 7.720206 -9.626688 1.225544
v 7.758509 -9.613858 1.143167
v 7.942981 -9.623169 1.366719
v 7.961741 -9.626747 0.967973
v 7.862882 -9.637455 1.451657
v 7.915332 -9.631246 1.061752
v 7.945571 -9.650114 1.226616
v 7.974319 -9.618937 1.167268
v 8.038516 -9.620610 1.150942
v 8.072223 -9.632286 1.320837
v 12.777763 -5.103572 2.125000
v 13.045246 -5.376699 2.107622
v 13.021701 -5.242572 2.102440
v 13.049459 -4.884658 2.120357
v 13.043406 -5.481250 2.142624
v 13.078219 -5.494954 2.008485
v 13.058435 -5.389539 1.636235
v 13.074660 -5.280892 1.997651
v 13.009741 -5.171284 2.128895
v 13.065699 -5.142460 1.985742
v 13.077663 -5.104762 1.777312
v 13.060244 -5.010368 2.035867
v 13.052981 -4.875000 2.175000
v 13.076229 -4.851314 1.810427
v 13.069347 -5.572383 1.906733
v 13.100558 -5.387550 1.723099
v 13.073732 -5.326478 1.910508
v 13.100699 -5.185472 1.714490
v 13.074915 -5.125933 1.641695
v 13.097097 -4.968509 1.860155
v 13.114125 -4.952437 1.638025
v 13.061404 -4.830114 1.925653
v 13.071523 -4.814023 1.978451
v 13.080922 -4.707965 1.805046
v -3.075000 0.168852 -0.825000
v -3.075000 0.175000 -0.775000
v -2.755714 0.141899 -0.912095
v -2.845103 0.177183 -0.881132
v -2.789118 0.597423 -0.726067
v -2.509403 0.235584 -0.898661
v -2.740693 0.611164 -0.907475
v -2.555560 0.398392 -0.910847
v -2.494837 0.645902 -0.899098
v -2.425403 0.180496 -0.826057
v -2.415926 0.374204 -0.858791
v -2.359833 0.814697 -0.797636
v 12.968268 -9.474450 1.825043
v 12.965322 -9.351519 2.125000
v 12.935106 -9.175000 2.125000
v 13.036961 -9.480436 2.085785
v 12.977561 -9.410322 1.596011
v 13.024920 -9.460377 1.993458
v 12.977181 -9.367645 1.689570
v 13.024099 -9.338972 1.890379
v 13.052683 -9.193111 1.698106
v 13.022541 -9.289122 2.086046
v 13.013121 -9.012501 2.125000
v 13.032160 -9.168694 2.075185
v 13.014893 -8.977017 1.972452
v 13.044139 -8.983015 2.056022
v 13.022958 -9.512287 1.940905
v 13.033941 -9.399515 1.816310
v 13.027070 -9.403117 2.074594
v 13.071802 -9.268481 1.831772
v 13.050776 -9.226593 1.966685
v 13.053732 -9.061735 1.919468
v 13.067708 -9.079710 1.651059
v 13.062617 -8.919271 1.614807
v 13.080668 -8.934646 1.855803
v 13.032987 -8.845919 2.075000
v 13.073915 -8.780856 1.775259
v 13.047339 -9.071611 1.764657
v 13.076685 -8.838031 1.950918
v -3.507450 -1.328711 1.862641
v -3.511822 -1.223390 1.605386
v -3.499347 -1.053965 2.064794
v -3.508355 -1.067948 1.813701
v -3.507514 -0.748683 1.762768
v -3.389394 -1.101957 2.093529
v -3.699869 0.112806 1.242414
v -3.686964 0.508226 1.115833
v -3.676629 0.236228 1.373320
v -3.682443 0.702260 1.208088
v -3.622181 0.397682 1.412421
v -3.497755 0.208057 1.471412
v 4.156589 -8.302292 2.096098
v 4.197047 -8.391866 2.071207
v 4.278986 -8.499269 2.095805
v 4.227601 -8.192337 2.059336
v 4.458097 -8.105471 2.066375
v 4.512584 -8.430158 2.093527
v 4.442109 -8.392756 2.064884
v 4.424092 -8.184980 2.106488
v 4.643506 -8.077530 2.074890
v 4.621852 -8.563257 2.090004
v 4.747107 -8.845630 2.087375
v 4.717673 -8.341543 2.102669
v 4.790350 -8.089974 2.057205
v 4.822351 -8.531414 1.772690
v 4.839762 -8.265698 1.926727
v 4.783489 -8.511539 2.066039
v 4.810854 -8.486196 1.717678
v 4.826424 -8.267262 1.818036
v 4.828496 -8.307841 2.029065
v 4.826359 -8.181163 1.725634
v 4.818992 -8.071427 1.918137
v 9.632040 -1.481341 2.150307
v 10.001381 -1.259284 2.145669
v 10.142272 -0.818868 2.143703
v 10.392940 -1.482220 2.151419
v 10.378631 -1.218709 2.153435
v 8.115824 -8.751863 2.109821
v 8.047112 -8.419721 2.117005
v 8.053379 -8.068687 2.121167
v 8.166106 -8.496660 2.113386
v 8.026667 -7.982256 2.118518
v 8.227926 -8.152192 2.113680
v 8.325404 -8.559794 2.103102
v 8.243299 -8.743455 2.112086
v 8.319691 -8.660355 2.126560
v 8.365431 -8.446281 2.120406
v 8.426318 -8.255517 2.116023
v 8.460592 -8.152079 2.117087
v 8.675653 -8.139800 2.126635
v 8.582023 -8.048649 2.121783
v 8.613147 -8.562143 2.093550
v 8.678489 -8.291748 2.089813
v 8.553851 -8.737658 2.116392
v 8.720267 -8.541776 2.091033
v 8.467443 -8.509315 2.110086
v 8.763103 -8.750587 2.113077
v 8.749434 -8.646066 2.125056
v 8.802778 -8.415232 2.073179
v -3.045912 -1.156035 2.095213
v -2.921238 -1.634535 2.099539
v -2.557909 -0.942098 2.096524
v -2.781431 -1.361096 2.087171
v -2.336760 -1.182039 2.097127
v 11.247261 4.161051 2.155016
v 11.227916 4.216592 2.121045
v 11.330395 4.025450 2.146842
v 11.354968 4.223161 1.659520
v 11.370570 4.229742 2.070395
v 11.376645 4.240853 1.807955
v 11.469399 4.147209 2.158993
v 11.488520 4.213820 1.707021
v 11.560992 4.045120 2.158529
v 11.423593 4.209583 2.120100
v 11.570724 4.242870 1.988203
v 11.707196 4.228992 1.678663
v 11.562703 4.228150 1.891634
v 11.634513 3.949132 2.159570
v 11.667841 4.221905 1.807076
v 11.794565 4.212878 2.136761
v 11.882273 4.217432 1.636131
v 11.868457 4.204221 2.108298
v 11.864351 4.095864 2.152100
v 12.036530 4.143484 2.152351
v 11.817338 4.229305 1.888830
v -2.374377 0.424199 2.087990
v -2.183332 0.193217 2.085194
v -1.944642 0.510574 2.089471
v -1.968105 0.145525 2.079509
v -1.749299 0.728150 2.098080
v -1.760743 0.365918 2.087850
v -0.852722 -3.783246 2.080481
v -0.609374 -3.879245 2.077278
v -0.631957 -3.628954 2.070856
v -0.475677 -3.533207 1.886264
v -0.452982 -3.490197 2.042979
v -0.530163 -3.370373 2.083404
v -0.427460 -3.520564 1.973180
v -0.428581 -3.473347 1.931046
v -0.375335 -3.450587 2.011049
v -0.452623 -3.934372 2.077178
v -0.391205 -3.631375 2.070540
v -0.369798 -3.580038 1.710426
v -0.364420 -3.511668 2.002777
v -0.307620 -3.455070 2.055815
v -0.240433 -3.835931 2.077488
v -0.180857 -3.593041 2.081044
v -0.231786 -4.006755 2.081134
v 0.284407 -3.369876 2.087018
v -0.454573 -3.186480 2.087183
v -0.717731 -2.890391 2.089383
v -0.346528 -2.959964 2.084999
v -0.360496 -2.813237 2.095299
v -0.153773 -2.619330 2.094692
v -0.459515 -2.612647 2.091841
v -0.133503 -3.365312 2.086831
v -2.150416 -3.623853 2.069923
v -1.964226 -3.323536 2.075473
v -2.224868 -3.429241 2.056751
v -2.112867 -3.905450 2.068022
v -1.790478 -3.942608 2.062626
v -1.793473 -3.641930 2.071401
v -1.597454 -3.439580 2.047706
v -1.614847 -3.716339 2.072564
v -1.662453 -3.359146 2.073693
v -1.628697 -3.526777 1.805233
v -1.535469 -3.531243 1.961267
v -1.537211 -3.547262 2.042966
v -1.558194 -3.453552 1.790793
v -1.530646 -3.449409 2.006453
v -1.454033 -3.528067 1.809303
v -1.472093 -3.425352 2.009943
v -1.449808 -3.477631 2.042112
v -1.428048 -3.374211 2.074232
v -1.286849 -3.844212 2.073195
v -1.248671 -3.590913 2.072201
v -1.452464 -3.094307 2.087962
v -1.153237 -3.699552 2.076231
v -0.849002 -3.447665 2.058779
v -0.903300 -3.643814 2.079752
v -1.398573 -2.148103 2.082369
v -1.327588 -1.990765 2.095021
v -0.759873 -2.477197 2.093451
v -1.002219 -2.201462 2.095370
v 13.025404 -3.074787 0.829150
v 12.997547 -2.987500 0.812500
v 13.025000 -2.855335 0.625000
v 13.018002 -2.850000 0.601381
v 13.038765 -2.675000 0.825000
v 13.036907 -2.573985 0.649639
v 12.995689 -2.472213 0.877812
v 13.020663 -2.525000 0.575000
v 12.983080 -2.412500 0.618750
v 12.997988 -2.393055 0.916926
v 13.047508 -3.243750 0.837500
v 13.035716 -2.825000 0.625000
v 13.025620 -2.875000 0.675000
v 13.028001 -2.620091 0.687500
v 13.026242 -2.590137 0.777003
v 13.037540 -2.613692 0.481250
v -1.728285 -0.914762 2.101066
v -1.159041 -1.058243 2.098774
v -0.994390 -1.582170 2.097358
v -0.748205 -1.058287 2.094352
v -1.776061 -0.469660 2.092386
v -1.168350 -0.468749 2.086602
v -1.623000 -0.222581 2.085468
v -1.148792 -0.626050 2.090496
v -1.493626 -0.562694 2.095808
v -1.023678 -0.128183 2.089955
v -0.780656 -0.430420 2.082054
v -0.968756 -0.330882 2.105596
v -1.007959 -0.223605 2.074543
v 1.750935 -1.715010 2.105232
v 1.709309 -2.453414 2.107657
v 1.735579 -2.115518 2.106130
v 2.003658 -1.542256 2.107153
v 1.992523 -1.880169 2.109388
v 1.981139 -2.524775 2.109619
v 2.119001 -2.156127 2.108280
v 2.990900 -1.085993 -0.884733
v 3.337761 -1.345973 -0.886781
v 3.605255 -0.914778 -0.894158
v 3.700285 -0.869223 -0.876128
v 3.746286 -1.221959 -0.894920
v 3.707478 -0.876513 -0.808955
v 3.780406 -0.921334 -0.875467
v 3.788575 -1.306356 -0.867888
v 3.756656 -1.053981 -0.877327
v 3.858888 -1.657176 -0.808893
v 3.757790 -1.328853 -0.749537
v 3.881214 -1.219249 -0.875766
v 3.885906 -0.841555 -0.824364
v 3.910885 -1.475581 -0.878164
v 4.010941 -1.327454 -0.823689
v 3.887712 -0.841783 -0.877842
v 3.999756 -1.144159 -0.737205
v 1.739231 -4.763833 2.075174
v 1.905935 -4.092450 2.090621
v 1.809130 -3.957934 2.090402
v 1.657102 -4.555138 2.071971
v 1.916953 -4.627157 2.083648
v 2.012403 -4.469185 2.075284
v 1.868038 -4.323942 2.081799
v 2.150980 -4.448851 2.087613
v 2.275947 -4.700562 2.082085
v 2.282270 -4.121005 2.092074
v 2.480670 -5.081275 2.081009
v 2.487685 -5.364425 2.074841
v 2.770552 -5.309146 2.081812
v 2.784759 -5.038732 2.079360
v 3.061767 -4.592991 2.077311
v 2.981949 -5.516717 2.088453
v 3.071082 -5.145885 2.084648
v -3.574200 -11.418400 1.215046
v -3.564969 -11.435665 1.322447
v -3.601337 -11.289664 1.280897
v -3.587339 -11.294395 1.222248
v -3.572298 -11.375846 1.495277
v -3.545133 -11.384688 1.639290
v -3.588950 -11.304997 1.020155
v -3.574937 -11.399714 1.106265
v -3.583833 -11.278563 1.379843
v -3.580875 -11.192321 0.948145
v -3.578305 -11.176208 1.035345
v -3.584972 -11.305258 1.583101
v -3.576885 -11.422654 0.961856
v -3.468403 -11.412406 1.571489
v -3.484431 -11.440838 1.164448
v -3.518128 -11.431274 1.378626
v -3.406245 -11.458454 0.798425
v -3.366950 -11.447130 1.090437
v -3.305088 -11.443595 1.269910
v -3.352497 -11.448935 1.350397
v -3.382850 -11.422334 1.491170
v -3.337877 -11.410021 1.650447
v -3.342712 -11.445789 0.951967
v -3.258797 -11.457943 1.156829
v 0.166512 -1.998582 2.087235
v 0.050520 -1.769541 2.094443
v 0.359865 -2.212138 2.096290
v 0.505070 -1.696465 2.090791
v 0.694680 -1.884212 2.097086
v 0.293057 -1.475948 2.093375
v 0.584379 -1.060590 2.091098
v 0.270762 -1.134009 2.093454
v 0.905312 -0.943414 2.089551
v 0.955906 -1.467198 2.089532
v 0.760070 -1.228921 2.085737
v 1.236946 -1.334716 2.091830
v 1.486376 -0.991202 2.096376
v 1.370973 -1.556648 2.108705
v 0.986170 -2.041069 2.101241
v 1.121878 -1.862605 2.095809
v 1.175600 -2.634202 2.097261
v 1.021647 -2.322916 2.104461
v 1.490020 -1.747014 2.106476
v 1.481090 -2.284994 2.103898
v 1.384981 -2.078194 2.104251
v 6.300000 -4.819174 2.111456
v 2.632505 -1.257998 2.108489
v 2.392171 -1.664628 2.110431
v 2.843577 -1.334295 2.111403
v 2.995657 -1.090930 2.109573
v 3.115130 -1.504236 2.112911
v 2.959009 -1.439022 2.111260
v 4.076348 -1.274349 1.146157
v 4.078895 -1.271579 1.303333
v 4.082982 -1.273363 0.900561
v 4.169803 -1.226907 0.927844
v 4.136293 -1.205427 0.876491
v 4.171109 -1.327351 0.934617
v 4.174814 -1.332280 1.814791
v 4.215742 -1.221558 1.434263
v 4.190821 -1.055853 0.902380
v 4.267125 -1.345061 1.008604
v 4.229251 -1.215021 1.294282
v 4.238702 -1.196154 0.990562
v 4.269729 -1.327736 1.148097
v 4.270207 -1.325577 1.448287
v 4.263443 -1.232403 1.040351
v 4.318870 -0.680537 0.947472
v 4.305899 -1.284451 1.036874
v 4.381511 -1.187844 0.944177
v 4.323759 -0.999679 0.976255
v 4.334285 -1.401144 0.957099
v 4.433450 -1.764337 0.876744
v 4.092596 -3.275815 -0.864954
v -3.484879 -6.737500 1.200000
v -3.551999 -6.641384 0.944215
v -3.561379 -6.597007 1.094191
v -3.501081 -6.691871 1.365370
v -3.558975 -6.565917 1.361732
v -3.556423 -6.925000 1.375000
v -3.444801 -7.129463 1.408113
v -3.507058 -6.837127 1.374836
v -3.483587 -6.718915 0.930842
v -3.510812 -6.683619 1.070550
v -3.507407 -6.562681 1.422042
v -3.434432 -6.955321 1.529807
v -3.442101 -6.789679 1.416545
v -3.423667 -6.662889 1.623595
v -3.403393 -7.051711 1.474823
v -3.416439 -6.788480 1.478281
v -3.415962 -6.519758 1.474928
v -3.406646 -7.001604 1.855013
v -3.410394 -6.981040 2.016317
v -3.429074 -6.811000 1.679630
v -3.412769 -6.711054 1.781691
v -3.377880 -6.670606 2.022996
v -3.387628 -6.505898 2.025405
v -3.377931 -6.348714 1.826054
v -3.326517 -6.620991 2.041358
v -3.357136 -7.372978 2.050838
v -3.397836 -6.120163 1.960460
v -3.408476 -6.062386 1.758002
v -3.418215 -5.812786 1.961916
v -3.396860 -5.708522 1.760649
v -3.405828 -5.520173 2.017000
v -3.362560 -5.988855 2.026384
v -1.511051 -5.732759 2.053241
v -1.319469 -6.305268 2.058195
v -1.167969 -5.948975 2.058023
v -1.150317 -5.747681 2.055789
v -0.907327 -5.902591 2.064200
v -0.719437 -6.076382 2.061778
v -3.289307 -5.987091 2.046035
v -2.730781 -5.859397 2.040777
v -2.823705 -6.144722 2.052585
v -2.300027 -6.043427 2.052493
v -3.500092 0.321268 1.846859
v -3.494587 0.613308 2.033113
v -3.466897 0.397040 2.070712
v -3.385847 0.745087 2.077613
v -3.413471 0.150033 2.091371
v -0.622022 -0.826605 2.096306
v -0.520276 -1.182861 2.092936
v -0.642832 -1.509134 2.096909
v -0.249492 -1.563178 2.092868
v -0.157799 -1.264965 2.096794
v -0.117875 -0.975211 2.094687
v -3.677960 0.790612 1.369913
v -3.682405 0.939814 1.019504
v -3.681602 1.189005 1.180457
v -3.626838 1.148324 1.405439
v -3.665244 1.308745 1.374394
v -3.671465 1.318947 1.005722
v -3.623976 1.374516 0.849461
v -3.666334 1.358968 1.265966
v -3.512817 1.373630 1.418916
v -3.547188 1.381914 1.078567
v -3.522905 0.678294 1.425878
v -3.493159 0.896001 1.474737
v -3.490830 1.425536 1.417410
v -3.492748 1.586256 0.822037
v -3.490210 1.597957 1.269982
v 4.203408 -9.533678 1.532819
v 3.981703 -9.506613 1.715442
v 4.369289 -9.597146 1.419625
v 4.290241 -9.509646 1.654821
v 4.546546 -9.535778 1.524321
v 4.843156 -9.515496 1.658621
v -2.315241 -11.001864 2.054987
v -2.295617 -10.508926 2.079750
v -2.274572 -11.021171 2.075049
v -2.204638 -10.741653 2.024101
v -2.200000 -11.078844 2.075000
v -2.156176 -11.019382 2.058911
v -2.145688 -11.075001 2.075000
v -2.128904 -10.876918 2.018979
v -2.102682 -10.567390 2.070148
v -2.039281 -10.798452 2.023348
v -2.148347 -10.402082 2.077773
v -1.939861 -10.952424 2.038840
v -1.738732 -10.669117 2.065203
v -1.818689 -10.943432 2.048330
v -1.687368 -11.014884 2.056274
v -1.680393 -10.465564 2.063141
v -1.609759 -10.899892 2.069947
v -2.286276 1.129137 2.096845
v -2.233759 1.508528 2.088438
v -2.164618 0.790126 2.099352
v -1.902043 1.180593 2.105578
v -1.759834 1.391778 2.103518
v -1.758351 0.994535 2.099251
v -2.306109 -5.854633 2.051575
v -2.176372 -6.447704 2.052257
v -1.981961 -6.279384 2.055750
v -1.511667 -6.039885 2.052900
v -1.746998 -5.993768 2.053839
v -1.956794 -5.799825 2.055078
v -3.568750 -8.521875 1.406584
v -3.675520 -8.952938 1.406337
v -3.525000 -8.275001 1.386529
v -3.440791 -8.622230 1.613031
v -3.424591 -8.452094 1.426559
v -3.442282 -8.327672 1.411592
v -3.430329 -8.145292 1.522227
v -3.474392 -7.614063 1.412115
v -3.462174 -8.090225 1.423106
v -3.428679 -8.454561 1.551389
v -3.413760 -8.222486 1.477217
v -3.343580 -9.876365 2.060192
v -3.361356 -9.081524 2.059783
v -3.056952 -9.471946 2.050580
v -2.970480 -9.617477 2.054124
v -2.945710 -9.221530 2.040855
v -3.053303 -8.947580 2.052264
v -2.769177 -9.459686 2.039673
v -2.579237 -8.916489 2.052553
v -2.517039 -9.381317 2.049292
v -2.578888 -9.134411 2.056677
v 0.164958 -9.565776 0.692027
v 0.206250 -9.546659 0.362500
v 0.217542 -9.560393 0.376693
v 0.180776 -9.547378 0.599754
v 0.287993 -9.561287 0.644903
v 0.220691 -9.541577 0.726954
v 0.333803 -9.537326 0.618929
v 0.293750 -9.553812 0.487500
v 0.450679 -9.565935 0.498327
v 0.400000 -9.550886 0.300000
v 0.521434 -9.561131 0.272326
v 0.417847 -9.575001 0.475000
v 0.532099 -9.563966 0.423940
v 0.500619 -9.545985 0.672112
v 0.597464 -9.555158 0.612432
v 0.550000 -9.547930 0.212500
v 0.625627 -9.553097 0.291624
v 0.708709 -9.552330 0.468090
v 0.598700 -9.543053 0.708467
v 0.752932 -9.551328 0.189245
v 0.636337 -9.537594 0.580139
v 0.883835 -9.553706 0.359501
v 0.804095 -9.545033 0.465914
v 0.804179 -9.554784 0.623612
v 0.775000 -9.526962 0.100000
v 0.830734 -9.573324 0.124921
v 1.699173 -3.379422 2.098329
v 1.768369 -3.487206 2.016140
v 1.773752 -3.458669 1.698444
v 1.859267 -3.604468 2.080980
v 1.845701 -3.477694 2.042876
v 1.839297 -3.528738 2.014328
v 1.824805 -3.452582 1.517032
v 1.908408 -3.575190 1.565371
v 1.882339 -3.581068 1.896735
v 1.912359 -3.517428 1.865667
v 2.095168 -3.584538 2.093030
v 2.153137 -3.858784 2.099511
v 2.103928 -3.385107 2.099141
v 2.377357 -2.243204 2.108477
v 2.209493 -1.911747 2.111593
v 2.582009 -2.420759 2.111567
v 2.454655 -2.035855 2.109560
v 2.615895 -2.129658 2.110642
v 2.592491 -1.748676 2.111168
v 2.983424 -1.799569 2.110775
v 2.965756 -2.150929 2.111427
v 3.202488 -1.974400 2.107217
v 5.168398 -3.397931 0.998170
v 5.006641 -3.408923 1.304215
v 5.368509 -3.426748 1.380228
v 5.451319 -3.437938 1.018331
v 5.326799 -3.406729 1.188039
v 5.375000 -3.409188 0.946875
v 5.488380 -3.487108 1.565672
v 5.528268 -3.523126 1.338354
v 5.477639 -3.431394 1.216014
v 5.675000 -3.600000 1.288399
v 5.525000 -3.510351 1.025000
v 5.534965 -3.488460 1.286477
v 8.769738 -4.138085 2.119296
v 8.935812 -4.248899 2.119405
v 9.022056 -4.737787 2.117708
v 9.144974 -4.213563 2.126258
v 9.046306 -4.456658 2.114947
v 8.976382 -4.354084 2.112628
v 9.231698 -4.371862 2.109662
v 9.223236 -4.062427 2.114006
v 9.217180 -4.502472 2.117704
v 9.256513 -4.134792 2.123261
v 9.275000 -4.410050 2.125000
v 9.383210 -4.717570 2.126186
v 9.555976 -4.178060 2.111990
v 9.526524 -4.371622 2.112998
v 9.519826 -4.719202 2.121621
v 9.423835 -4.527101 2.115225
v 9.640625 -4.475048 2.139113
v 9.727392 -4.257840 2.129333
v 9.584256 -4.573025 2.121564
v 8.980018 -1.892428 2.125063
v 9.447185 -1.967090 2.127131
v 9.185430 -1.584931 2.122782
v 9.184423 -2.274943 2.117523
v 9.384975 -2.172618 2.133566
v 8.821546 -3.696299 2.017956
v 8.871165 -3.682857 1.625716
v 8.827561 -3.526739 1.709246
v 8.823273 -3.520517 1.889852
v 8.786203 -3.516817 2.057661
v 8.873622 -3.723132 1.683158
v 8.909089 -3.710144 1.925637
v 8.926100 -3.547124 1.853100
v 9.004925 -3.567688 2.076109
v 8.918167 -3.753890 2.117263
v 8.920475 -3.724426 1.810391
v 8.894905 -3.687003 2.079098
v 8.974999 -3.675084 1.687500
v 9.013110 -3.675000 1.975000
v 8.980426 -3.573292 1.772290
v 9.143879 -3.694290 2.098226
v 9.005775 -3.685570 2.065619
v 8.974999 -3.586276 1.875000
v 8.979174 -3.579077 1.700932
v 9.048592 -3.832816 2.120041
v 9.259851 -3.738387 2.099189
v 9.412063 -3.521274 2.102602
v 9.250565 -3.930314 2.119600
v 9.450000 -3.770261 2.125000
v 9.244557 -3.837500 2.130801
v 9.335352 -3.444911 2.120818
v 9.498395 -3.808801 2.105415
v 9.387590 -3.605521 2.103720
v 9.536978 -3.973688 2.111779
v 9.319544 -3.675000 2.125000
v 8.902572 -2.868689 2.095978
v 8.892574 -2.741537 2.087963
v 9.056712 -2.685388 2.129701
v 8.884651 -3.018332 2.109173
v 9.308331 -2.988144 2.122829
v 9.350898 -2.785806 2.109185
v 9.340476 -3.091501 2.116081
v 9.146034 -2.546627 2.120110
v 9.307818 -2.724241 2.127998
v 9.537022 -3.026896 2.154541
v 9.561823 -2.956003 2.119876
v 9.574639 -2.925000 2.175000
v 9.462969 -2.544392 2.127335
v -2.912737 -4.690864 2.045380
v -3.089002 -4.588383 2.065082
v -2.825000 -4.437500 2.062055
v -2.725000 -4.380921 2.025000
v -2.667375 -4.409564 2.035631
v -2.721886 -4.335172 1.700000
v -2.720251 -4.250000 1.659802
v -2.727364 -4.307224 1.663046
v -2.508240 -4.400637 1.583174
v -2.609606 -4.403860 1.749847
v -2.540181 -4.368406 2.007858
v -2.523184 -4.389652 1.864440
v -2.555018 -4.508774 2.051980
v -2.458237 -4.282351 2.006371
v -2.427645 -4.209508 1.924142
v -2.426508 -3.930699 2.021406
v -2.420011 -4.212406 1.669007
v -2.369993 -10.189399 2.061991
v -2.389385 -9.670740 2.061818
v -2.290587 -9.842484 2.047558
v -2.232350 -10.278703 2.068071
v -2.167478 -9.688563 2.061946
v -2.197412 -10.068707 2.082951
v -2.098814 -10.073835 2.039865
v -2.064415 -10.313576 2.062082
v -2.076406 -9.865398 2.061816
v -1.910576 -10.193143 2.079665
v -1.905177 -10.579485 2.060798
v -1.796224 -9.992259 2.070873
v -1.677808 -10.101388 2.066798
v -1.631791 -9.705171 2.070847
v -1.956731 -10.054479 2.064027
v 5.761350 -2.646524 2.121689
v 5.613400 -3.142188 2.114785
v 5.923149 -3.014030 2.124184
v 5.935869 -2.725445 2.117400
v 5.950944 -2.538836 2.136664
v 6.081718 -2.865670 2.110976
v 6.207546 -2.960080 2.105506
v 6.233716 -2.874621 2.135208
v 6.194291 -3.108973 2.127352
v 6.358409 -2.670177 2.117631
v 6.136826 -2.553374 2.133491
v 4.804928 -1.546350 2.123736
v 4.883289 -0.975140 2.113290
v 4.999039 -1.505079 2.128333
v 4.886733 -1.170909 2.130486
v 5.142130 -1.210329 2.122779
v 5.123065 -0.907989 2.119775
v 5.149741 -1.458415 2.115751
v 5.354252 -0.949312 2.128702
v 5.341522 -0.824590 2.124697
v 5.386178 -1.389638 2.122883
v 5.405371 -1.243483 2.116947
v 5.679637 -1.210541 2.127287
v 5.518736 -1.060735 2.125989
v 5.510018 -1.486967 2.116895
v 12.710218 -0.274903 0.775371
v 12.792067 -0.504170 0.541174
v 12.776284 -0.475000 0.525000
v 12.763210 -0.435351 0.712414
v 12.774493 -0.393158 0.745686
v 12.780954 -0.063765 0.668757
v 12.850032 -0.575000 0.525000
v 12.881371 -0.621515 0.775000
v 12.805731 -0.522303 0.650000
v 12.777548 -0.475000 0.625000
v 12.777775 -0.475000 0.725000
v 12.781962 -0.284086 0.726131
v 12.784298 -0.428125 0.625154
v 12.778111 -0.150000 0.725000
v 12.769857 -0.075000 0.625000
v 8.246978 -3.504490 2.106725
v 8.078744 -3.873368 2.118200
v 8.399258 -3.246140 2.120892
v 8.017032 -3.675666 2.114291
v 8.425000 -3.425000 2.122003
v 8.474999 -3.475000 2.120009
v 8.474999 -3.425099 2.125000
v 8.474875 -3.425000 2.125000
v 8.474999 -3.425000 2.125009
v 8.474999 -3.424946 2.125000
v 8.474999 -3.375000 2.119351
v 8.558527 -3.548650 2.098911
v 8.476136 -3.425000 2.125000
v 8.525000 -3.425000 2.124643
v 8.570407 -3.305092 2.132050
v 8.576518 -3.816940 2.120158
v 8.643853 -3.673146 2.129121
v 8.672703 -3.523345 2.080287
v 8.690368 -3.579949 2.068598
v 8.734460 -3.609916 1.836442
v 8.764599 -3.649138 1.668772
v 8.789137 -3.668256 1.759188
v 8.982145 -3.458854 2.120885
v 8.679817 -3.453785 2.117692
v 8.670669 -3.581634 1.924022
v 7.978279 -2.984719 2.137224
v 8.196456 -2.170731 2.127091
v 8.170996 -2.980351 2.125002
v 8.285416 -2.712312 2.132323
v 8.657928 -3.027158 2.122355
v 8.501148 -2.803176 2.116556
v 8.715799 -2.837476 2.131625
v 8.853922 -3.169437 2.117259
v 8.728246 -2.690658 2.130649
v 8.451993 -2.518094 2.126681
v 8.875000 4.270159 -0.125000
v 8.875000 4.274446 -0.075000
v 8.849009 4.275000 -0.059895
v 8.925000 4.262228 -0.050000
v 9.002126 1.917272 2.120312
v 9.230203 1.768033 2.144894
v 9.074072 2.206026 2.141708
v 9.369045 1.897742 2.138156
v 7.294849 -4.672625 2.104136
v 7.366781 -4.117238 2.096264
v 7.430767 -4.665725 2.114383
v 7.440627 -4.450225 2.116763
v 7.530680 -4.217678 2.114085
v 7.669955 -4.326054 2.116885
v 7.560454 -4.604660 2.115859
v 7.787612 -4.105742 2.104614
v 7.750224 -4.524460 2.123703
v 7.810015 -4.652605 2.120011
v 7.916722 -4.473429 2.122429
v 8.187866 -4.045825 2.123090
v 7.945919 -4.779112 2.113683
v 7.953040 -4.254471 2.112041
v 8.093602 -4.481375 2.119643
v 8.223999 -4.686995 2.110785
v 8.319376 -4.768838 2.126459
v 8.184605 -4.293363 2.109817
v 8.374754 -4.718709 2.119733
v 8.310907 -3.998349 2.127508
v 8.521503 -4.777526 2.115814
v 8.534504 -4.163382 2.120086
v 8.695599 -4.431663 2.112058
v 8.477183 -4.408391 2.114704
v 8.705520 -4.631872 2.116074
v -0.729383 -6.773152 2.082259
v -0.815110 -6.945767 2.065305
v -0.463720 -6.259246 2.067210
v -0.517464 -7.084321 2.060833
v -0.509883 -6.637671 2.059935
v -0.194969 -6.882066 2.066520
v -0.162953 -6.450665 2.066105
v -0.915341 -6.313648 2.055865
v -0.640754 -5.783243 2.063870
v -0.620146 -5.669693 2.065420
v -0.399696 -5.533885 2.061309
v -0.244554 -6.136179 2.061864
v -0.329323 -5.849694 2.063109
v 6.725131 -7.508827 2.125000
v 6.715684 -7.250000 2.125000
v 6.730081 -7.183102 2.106036
v 6.625000 -7.100000 2.115828
v 6.708355 -7.842286 2.104398
v 6.792858 -7.555900 2.109033
v 6.926268 -7.175000 2.112213
v 6.751460 -7.702670 2.099468
v 6.840633 -7.322273 2.104984
v 6.880339 -7.930715 2.100495
v 7.001427 -7.563608 2.104640
v 6.970974 -7.332221 2.102349
v 7.088262 -7.445875 2.119291
v 7.004528 -7.217515 2.095674
v 7.012469 -7.776556 2.096220
v 7.160217 -7.120799 2.125000
v 4.072105 -4.425000 0.675000
v 4.036451 -4.325000 0.625000
v 4.020961 -4.295790 0.786048
v 4.025200 -4.275000 0.675000
v 4.025000 -4.280714 0.675892
v 4.025000 -4.266946 0.675000
v 4.074778 -4.405590 0.718789
v 12.925000 -0.688725 0.625000
v 12.910963 -0.682386 0.600000
v 12.962847 -0.725000 0.612500
v 12.916026 -0.648996 0.700000
v 9.686434 -0.767741 2.139446
v 9.896442 -0.350749 2.123946
v 10.145848 -0.569110 2.145437
v 9.917999 -0.267213 2.135683
v 9.676440 -0.637236 2.117711
v 9.858603 -0.158104 2.106856
v 10.025000 0.003739 2.225000
v 9.995661 -0.427102 2.130127
v 10.046939 -0.127462 2.146225
v 10.108742 -0.496043 2.117281
v 10.148408 -0.326861 2.128716
v 10.317879 -0.118755 2.148134
v 10.132963 -0.727213 2.137411
v 10.256200 -0.622137 2.129724
v 10.404901 -0.442350 2.150373
v 9.625000 -1.093325 0.075000
v 9.620208 -1.020818 0.025000
v 9.799999 -1.471023 0.354842
v 9.625000 -1.438407 0.275000
v 9.850000 -1.426371 0.225000
v 9.925000 -1.440124 0.300000
v 8.722425 4.264877 1.197884
v 8.955403 4.266583 1.104094
v 8.936789 4.256201 1.398341
v 8.995673 4.268609 1.242134
v 9.087207 4.268192 0.876566
v 9.171800 4.274647 0.862060
v 9.120317 4.250460 1.331730
v 9.135529 4.266115 1.090363
v 9.269383 4.276310 0.884683
v 9.152246 4.253306 1.191611
v 9.332652 4.269461 1.094196
v 9.287385 4.249224 1.030092
v 9.380260 4.249533 1.386204
v 9.472736 4.244076 1.285590
v 9.511158 4.261564 0.872715
v 9.490153 4.238442 1.143096
v 9.560135 4.226836 1.515374
v 6.475000 -3.694564 1.375000
v 6.397909 -3.674225 1.502672
v 6.500000 -3.642845 1.125000
v 6.393808 -3.635597 1.162990
v 6.382432 -3.639569 1.231652
v 6.486796 -3.522130 1.212063
v 6.488390 -3.530626 1.382316
v 6.484692 -3.524121 1.539607
v 6.527291 -3.689345 1.453990
v 6.532492 -3.672452 1.555807
v 6.487479 -3.527831 1.284664
v 6.512133 -3.549471 1.162500
v -3.583560 -4.690202 1.190323
v -3.554508 -4.675000 1.025000
v -3.548482 -4.832712 1.520274
v -3.558623 -4.741718 1.128943
v -3.562970 -4.625000 1.281250
v 7.475000 -3.575000 0.948767
v 7.467301 -3.515892 1.096986
v 7.502937 -3.506550 1.335770
v 7.522871 -3.620106 1.222602
v 7.547141 -3.650000 1.021740
v 7.471153 -3.575961 1.457097
v 7.576657 -3.684929 1.199702
v 7.599437 -3.680703 1.503298
v 7.484739 -3.579350 1.020284
v 7.573173 -3.650844 1.093372
v 7.483403 -3.525000 0.975000
v 7.632262 -3.679389 1.398415
v 7.671646 -3.631669 1.050000
v 7.555159 -3.635240 1.383206
v 7.612500 -3.500587 1.100000
v 7.722406 -3.681095 1.379365
v 7.664765 -3.661427 1.231180
v 7.690540 -3.521877 1.437635
v 7.775000 -3.638346 1.348458
v 7.773502 -3.627666 1.398714
v 7.749852 -3.549262 1.237500
v 7.771749 -3.580787 1.409837
v -3.481762 2.776530 1.754382
v -3.473556 2.806373 2.081736
v -3.478169 3.055318 2.071887
v -3.356317 2.548892 2.095182
v -3.481238 3.359071 2.059171
v -3.480420 3.777397 2.002669
v -3.475516 3.811033 2.080184
v -3.478806 3.759896 1.700661
v -3.399744 3.363110 2.091953
v -3.302191 3.827794 1.772626
v -3.364367 3.079831 2.095220
v -3.209918 3.819327 1.873544
v -2.415281 -12.284778 0.925000
v -3.144313 3.813914 2.065713
v -3.299294 3.787556 2.095420
v -2.917071 3.816973 1.985942
v -2.968312 3.300061 2.098238
v -3.053997 3.585089 2.100729
v -2.791671 3.732562 2.093919
v -2.438279 3.818313 2.016714
v -2.531953 3.277451 2.096773
v -2.771580 3.786980 2.081635
v -2.371892 3.825096 2.071217
v -2.390338 3.889473 2.020539
v -3.210382 -10.299157 2.024337
v -3.192674 -10.001971 2.058927
v -3.000092 -10.367766 2.053656
v -2.807927 -9.817545 2.058773
v -2.616523 -10.175302 2.065090
v -2.454656 -9.772377 2.063253
v -2.332976 -9.954925 2.057975
v -2.491983 -10.290728 2.058944
v -3.088028 -4.112500 1.325000
v -3.088960 -3.906250 1.137500
v -2.897359 -4.775000 0.875000
v -2.875000 -4.675000 0.860574
v -2.885654 -4.625000 0.875000
v -2.676514 -4.383237 1.705397
v -2.677261 -4.386448 1.262500
v -2.720427 -4.300000 1.599705
v -2.696985 -4.147486 1.537273
v -2.711105 -4.109745 1.350000
v -2.731089 -4.041844 1.525000
v -2.625000 -4.431237 0.906233
v -2.634225 -4.418528 1.422525
v -2.618375 -4.433522 1.223552
v -2.547286 -4.413523 0.891496
v -2.568750 -4.398232 0.806250
v -2.534971 -4.437940 1.002017
v -2.543669 -4.437825 1.308233
v -2.493738 -4.416212 0.832319
v -2.478230 -4.354826 1.481275
v -2.476806 -4.368491 1.014310
v -2.422580 -4.217957 1.417807
v -2.449577 -4.267016 1.420948
v -2.425000 -4.225000 1.427857
v -2.425000 -4.227012 1.575000
v -2.424720 -4.225000 1.475000
v -2.424577 -4.224979 1.525518
v -2.426899 -4.214248 1.063510
v -0.707368 -9.573253 1.177894
v -0.575130 -9.574010 1.427025
v -0.695591 -9.484262 1.493412
v -0.262022 -9.574251 1.169137
v -0.261814 -9.562890 1.427883
v -0.384047 -9.496192 1.511170
v -0.211039 -9.557755 0.937369
v -0.184280 -9.526182 0.876777
v -0.113457 -9.531627 1.233052
v -0.083458 -9.545741 1.006114
v 0.009022 -9.534194 1.420040
v -0.154202 -9.497115 1.525437
v 9.384070 2.089022 2.146044
v 9.538471 2.223404 2.140561
v 9.897790 2.322507 2.140010
v 10.021488 1.872131 2.142987
v 9.796340 1.445286 2.142988
v 9.887391 2.011688 2.149637
v 10.031425 2.474610 2.130997
v 10.189995 2.258117 2.141429
v 10.262661 1.805018 2.157788
v 10.318639 2.140188 2.141147
v 4.720766 3.071783 0.775000
v 4.823230 3.147164 0.832181
v 4.896225 3.215646 0.826570
v 4.941466 3.119019 0.770969
v 4.939466 3.050000 0.734271
v 4.971286 3.028516 0.737150
v 4.984386 3.188808 0.800550
v 4.963060 2.959068 0.789474
v 5.004645 3.025000 0.725000
v 5.000000 3.022194 0.500000
v 5.066757 3.013170 0.400000
v 5.013956 3.077635 0.767623
v 4.950000 3.201627 0.775000
v 5.095087 3.174222 0.792426
v 5.073875 3.009398 0.549530
v 5.126038 2.984322 0.713634
v 5.108303 3.112660 0.785988
v 5.136618 3.061839 0.733898
v 5.160500 3.155027 0.788080
v 5.122154 3.223833 0.725000
v 5.204545 2.966049 0.745302
v 5.300000 2.996725 0.437500
v 5.155858 3.065174 0.777400
v 5.247045 3.157649 0.711940
v 5.265085 3.173358 0.772977
v 5.294117 3.075441 0.823125
v 5.187079 3.115238 0.715255
v 5.370611 2.972044 0.785914
v 5.298281 2.997874 0.596407
v 5.297823 3.073385 0.724425
v 5.377874 3.236431 0.817806
v 5.369970 3.242907 0.715513
v 5.350000 2.975000 0.668873
v 5.484521 3.057750 0.651649
v 5.525000 3.104707 0.625000
v 5.503297 2.998520 0.640269
v -1.248734 -9.573624 0.563062
v -1.325000 -9.631520 0.866859
v -1.300000 -9.587357 0.562638
v -1.195013 -9.576566 0.605831
v -1.197012 -9.577076 0.385222
v -1.162335 -9.579405 0.452605
v -0.975000 -9.599278 0.575000
v -1.023195 -9.570311 0.673318
v -0.956370 -9.618795 0.730928
v 4.950617 3.119905 0.841675
v 5.151746 2.979030 0.828943
v 5.064570 3.042708 0.881988
v 5.100286 2.967187 0.883820
v 5.050250 3.118128 0.883748
v 5.497582 2.948486 0.874763
v 5.295449 3.061383 0.878237
v 5.382984 3.062428 0.929148
v 5.475052 2.983721 0.918162
v 5.594008 3.196737 0.892131
v 5.575000 2.967942 0.884555
v 5.570861 3.106703 0.939256
v 5.625000 3.100000 0.902015
v 5.635143 3.248505 0.823520
v -1.760005 3.806810 2.091859
v -1.339361 3.738060 2.095253
v -1.174226 3.225987 2.094174
v -1.072850 3.443445 2.088779
v -0.860654 3.350433 2.074382
v 5.945164 -0.875000 0.275000
v 5.917549 -0.466238 0.175000
v 5.921109 -0.674524 0.271816
v 5.908826 -0.496190 0.267743
v 5.998120 -0.559901 0.379043
v 6.001130 -0.539885 0.318575
v 5.966539 -0.415492 0.266703
v 6.086267 -0.420249 0.142296
v 6.025000 -0.421818 0.075000
v 6.198751 -0.585781 0.426269
v 6.213203 -0.429692 0.145431
v 6.265064 -0.431837 0.287936
v 6.326751 -0.501573 0.431578
v 6.265775 -0.536752 0.326642
v 6.402451 -0.734113 0.478809
v 6.341990 -0.429101 0.312256
v 6.433710 -0.423169 0.364100
v 6.438429 -0.410202 -0.016012
v 6.360935 -0.429418 0.094044
v 11.127444 -1.088777 -0.027809
v -1.475000 -9.051096 0.275000
v -1.550434 -9.057554 0.248020
v -1.508720 -9.056383 0.224460
v -1.425000 -9.046018 0.175000
v -1.275000 -9.566386 0.775000
v -1.097608 -9.560884 0.777650
v -2.397124 -12.285550 1.639549
v -2.344702 -12.325001 0.875000
v -2.165738 -12.302417 1.694071
v -2.240675 -12.383912 1.129670
v -2.175150 -12.365875 1.429716
v -2.250171 -12.386680 1.050000
v -2.171895 -12.340496 1.151967
v -2.279963 -12.354651 1.239297
v -2.039889 -12.387389 1.526876
v -2.175000 -12.375195 1.075000
v -2.050478 -12.354009 1.458974
v -2.042132 -12.334509 1.261892
v -2.021744 -12.364345 1.590886
v -1.973444 -12.426368 1.623582
v -1.980013 -12.395199 1.448890
v -1.888768 -12.364128 1.388864
v -1.946159 -12.359202 1.537810
v -1.964188 -12.324925 1.228424
v -1.863008 -12.369526 1.564954
v -1.881250 -12.347656 1.200000
v -1.689704 -12.361554 1.312780
v -1.675000 -12.378519 1.325000
v -1.668750 -12.353365 1.237500
v -1.631578 -12.373322 1.520883
v -1.670640 -12.367362 1.623931
v -1.731250 -12.358640 1.478125
v -1.550000 -12.362784 1.197350
v 6.453728 4.269625 1.548552
v 6.484950 4.285551 0.925043
v 6.524140 4.262589 1.306739
v 6.534853 4.274900 1.094263
v 6.736911 4.270882 1.451701
v 6.591956 4.275043 1.478992
v 6.677297 4.277996 0.997402
v 6.695188 4.280189 1.307142
v 6.763343 4.287716 1.073006
v 6.869085 4.270012 1.026285
v 6.813175 4.263387 1.219235
v 6.929630 4.236296 1.438735
v 6.991285 4.248964 1.206315
v 7.222140 4.266063 1.735099
v 7.002572 4.273232 1.052621
v 7.121361 4.269765 1.177178
v 7.270754 4.249244 1.578375
v 7.172942 4.272044 1.027674
v 5.924189 -1.451811 0.063285
v 5.925000 -1.452529 0.125000
v 6.025000 -0.884635 0.225000
v 6.046476 -0.834462 0.417306
v 6.075000 -1.004286 0.225000
v 6.037590 -0.933583 0.276301
v 6.132217 -0.979120 0.364515
v 5.999253 -0.816788 0.324072
v 6.061487 -1.436270 0.022508
v 6.342997 -1.468879 0.225000
v 6.177048 -0.935547 0.200000
v 6.190087 -0.978200 0.342208
v 6.186179 -0.832376 0.411416
v 6.156250 -1.439896 0.025000
v 6.418627 -0.956229 0.376631
v 6.425000 -0.887708 0.125000
v 6.228564 -0.890423 0.273147
v 6.217710 -0.853823 0.332108
v 6.343105 -0.845635 0.326125
v 6.265453 -0.820264 0.473613
v 6.300000 -1.562500 0.237195
v 6.438208 -1.457212 0.086977
v 6.369457 -0.928184 0.426958
v 6.327888 -0.886979 0.274259
v 6.428551 -1.478615 0.137500
v 6.445378 -1.474141 0.024475
v 6.476357 -1.424223 0.537318
v 6.473595 -1.406406 0.702945
v 6.473332 -1.437500 0.006194
v 6.473817 -1.373954 0.241819
v 6.461090 -1.274058 0.377571
v 6.461687 -1.306250 0.112500
v 6.451118 -1.158998 0.701132
v 6.437468 -1.135330 0.312965
v 6.459350 -1.203822 0.200271
v 6.475675 -1.143765 0.227393
v 6.449820 -1.051679 0.431001
v 6.462076 -1.168750 0.100000
v 6.442587 -0.875721 0.485414
v 6.448429 -0.946028 0.223193
v 6.426216 -0.855896 0.331210
v 6.443912 -0.769663 0.539885
v 6.465887 -1.542316 0.687121
v 6.480204 -1.388698 0.371913
v -1.525000 -11.935680 2.030354
v -1.540169 -11.879761 2.022463
v -1.479884 -11.625001 2.025000
v -1.575000 -11.475000 2.046455
v -1.608689 -11.307404 2.040702
v -1.409698 -11.281673 2.029165
v -1.393773 -11.592315 2.014823
v -1.578095 -11.317810 2.025000
v -1.466444 -11.488147 2.005964
v -1.361545 -11.769875 1.993793
v -1.375000 -11.675000 2.014263
v -1.388182 -11.228225 2.048111
v -1.380506 -11.225000 2.024850
v -1.353474 -11.981594 1.922699
v -1.325478 -11.718532 2.023605
v -1.328425 -11.675000 1.975000
v -1.300000 -11.813431 1.954341
v -1.386911 -11.705269 2.062248
v -1.399134 -11.524414 2.066028
v -1.326026 -11.445420 2.002721
v -1.364112 -11.467311 2.026220
v -1.333596 -11.441177 2.075000
v -1.289286 -11.922203 1.741688
v -1.275000 -11.988137 1.875000
v -1.289353 -11.868751 1.684375
v -3.571404 -11.229594 1.477468
v -3.587548 -11.073676 1.603498
v -3.583643 -11.050655 1.330272
v -3.578903 -10.954648 1.419095
v -3.591052 -10.824757 1.623833
v -3.556875 -10.598777 1.291283
v -3.575462 -11.018660 1.115135
v -3.575000 -10.825001 0.884363
v -3.575098 -10.850970 1.559837
v -3.558619 -10.759160 0.930404
v -3.560518 -10.725000 0.925000
v -3.557474 -10.682489 1.128457
v -3.574468 -10.746881 1.334537
v -3.577952 -10.800001 1.025000
v -3.568260 -10.820113 1.113583
v -3.564924 -10.625000 1.027234
v -3.578891 -10.822036 1.218850
v -3.536536 -10.573683 1.431341
v -3.548954 -10.596278 1.537048
v -3.583687 -10.644556 1.622794
v -3.578777 -10.573662 1.129781
v -3.464152 -10.360434 0.975000
v -3.533084 -10.547883 1.183157
v -3.467920 -10.341599 1.158721
v -3.527301 -10.525960 1.530822
v -3.529596 -10.537692 1.090395
v -3.486533 -10.402866 0.750000
v -3.472055 -10.391837 1.333356
v -3.571757 -11.222242 1.641643
v -3.574399 -11.336211 1.757660
v -3.569978 -11.299084 2.040992
v -3.520751 -11.410103 1.872912
v -3.417737 -11.314802 2.075000
v -3.471949 -11.372412 2.029159
v -3.311625 -11.445712 1.867669
v -3.127817 -11.376660 2.075000
v -3.584066 -11.156256 1.876035
v -3.577613 -10.984121 1.815870
v -3.571108 -10.670354 1.802749
v -3.577000 -11.074910 2.025736
v -3.567688 -11.071173 1.687633
v -3.573464 -10.840693 1.995100
v -3.576425 -10.743469 1.677566
v -3.533406 -10.559804 1.816180
v -3.570458 -10.633719 1.920680
v -3.509281 -10.457592 1.940294
v -3.443980 -11.072184 2.067352
v -3.520144 -10.768283 2.053313
v -3.493174 -10.535583 2.028853
v -3.537256 -10.564880 1.692857
v -3.375837 -10.747519 2.034476
v -3.403817 -10.525533 2.028196
v -3.334792 -10.589451 2.008555
v -3.329461 -10.434130 1.919665
v -3.474318 -11.229183 2.075000
v -3.109778 -10.872145 2.054623
v -3.278035 -10.456877 1.928479
v -3.251452 -10.563966 2.044915
v 8.881884 -6.627942 2.125000
v 8.937840 -6.763929 2.096970
v 8.846052 -6.664793 2.102821
v 8.950000 -6.600000 2.102677
v 8.937500 -6.818240 2.092714
v 9.025000 -6.800000 2.083976
v 9.111719 -7.101103 2.109083
v 9.000000 -6.975000 2.113330
v 9.125000 -7.050000 2.114007
v 9.181133 -7.303232 2.116888
v 9.464231 -6.971254 2.125000
v 9.553338 -7.048547 2.079847
v 9.443750 -6.800834 2.123113
v 9.529432 -6.836729 2.098828
v 9.541765 -6.929824 2.125000
v 9.600000 -6.888852 2.118475
v -3.580387 -10.200838 0.634854
v -3.577637 -10.035912 0.456398
v -3.585002 -10.098866 0.672780
v -3.582236 -10.193118 0.792337
v -3.586853 -10.126460 0.870650
v -3.587614 -9.918751 0.401366
v -3.583969 -9.968315 0.743221
v -3.588459 -9.743837 0.719417
v -3.572418 -9.871192 0.723813
v -3.567348 -9.771235 0.578936
v -3.575771 -9.664131 0.700753
v -3.588000 -9.522190 0.673252
v -3.582405 -10.143751 0.484375
v -3.561034 -10.023423 0.625412
v -3.575603 -9.934114 0.556570
v -3.586488 -9.714510 0.550000
v -3.463758 -10.257157 0.762673
v -1.572528 -11.219895 2.055223
v -1.534252 -10.585115 2.060676
v -1.436543 -10.628631 2.058766
v -1.417076 -10.955746 2.053529
v -1.400000 -11.187998 2.061918
v -1.371021 -10.783704 2.004792
v -1.363739 -10.531387 2.027153
v -1.343410 -10.991232 1.971489
v -1.383106 -11.050001 2.016613
v -1.325000 -10.762407 2.025000
v -1.359630 -10.718000 1.980981
v -1.356456 -10.993046 2.075000
v -1.308645 -10.584007 1.945132
v -1.300000 -10.478326 1.973114
v -1.322654 -11.037500 1.957013
v -1.310195 -11.168751 1.775000
v -1.308027 -11.097579 1.769148
v -1.321596 -10.890012 1.829257
v -1.275320 -10.872260 1.927738
v -1.282595 -10.901091 1.737695
v -1.316188 -10.828561 1.913632
v -1.272866 -10.768159 1.772072
v -1.308772 -10.676165 1.820298
v -1.281954 -10.337501 1.885022
v -2.150000 -11.550001 2.100022
v -2.311481 -12.048770 2.067873
v -2.434382 -11.672103 2.049057
v -2.275000 -12.166409 2.075000
v -2.075000 -11.525001 2.076972
v -2.122273 -11.637896 2.065617
v -2.025493 -11.094938 2.075000
v -1.999239 -11.627958 2.075000
v -1.827660 -11.625302 2.064831
v -1.894895 -11.176141 2.069660
v -1.788159 -11.469851 2.075000
v -1.792029 -11.357115 2.065957
v -1.818058 -11.700001 2.071292
v -1.662500 -11.375001 2.043941
v -3.908145 -9.055572 0.665625
v -3.886178 -9.028052 0.695016
v -3.825000 -9.047441 0.675000
v -3.770793 -9.030389 0.736687
v -3.648871 -9.009281 0.741634
v -3.584888 -9.425000 0.625000
v -3.576348 -9.225000 0.575000
v -3.575263 -9.424751 0.746490
v -3.574791 -9.055592 0.669349
v -3.625000 -9.029478 0.650000
v -3.533660 -9.125001 0.525000
v -3.576723 -9.194147 0.695428
v -3.563750 -9.145881 0.839947
v 1.678278 -8.383619 2.059653
v 1.953782 -7.906332 2.085060
v 2.147463 -8.155621 2.088098
v 2.245564 -8.802242 2.074512
v 2.111211 -8.358535 2.066813
v 2.211166 -8.002220 2.087901
v 2.350982 -8.263787 2.084032
v 2.410022 -7.928333 2.087682
v -3.419256 -9.369174 2.022994
v -3.446663 -9.420381 1.622708
v -3.426531 -8.896712 1.945005
v -3.433813 -8.554931 2.028477
v -3.427167 -9.175766 1.806880
v -3.419655 -9.116179 1.594453
v -3.429496 -8.377844 1.799121
v -3.434871 -8.173196 1.907491
v -3.423759 -8.061092 1.761364
v -3.427237 -8.666905 1.715503
v -3.432827 -8.382888 2.022852
v -3.331023 -8.483858 2.056946
v -2.867853 -8.314858 2.042632
v -2.616159 -8.511953 2.050313
v -3.497408 -7.175000 1.380223
v -3.430570 -7.726254 1.479611
v -3.439401 -7.615287 1.432390
v -3.415698 -7.245309 1.524482
v -3.419743 -7.353048 1.459553
v -3.434922 -7.908042 1.756678
v -3.427403 -7.679147 2.028545
v -3.425000 -7.675000 2.028461
v -3.427498 -7.544502 1.585748
v -3.425214 -7.625000 2.025000
v -3.425000 -7.625000 2.025173
v -3.427441 -7.575000 1.975000
v -3.425000 -7.622174 2.025000
v -3.431239 -7.398760 2.024411
v -3.425517 -7.325693 1.734524
v -3.423215 -8.074722 2.012927
v -3.376779 -7.845678 2.023423
v -3.378987 -7.844910 1.842629
v -3.424003 -7.675428 1.783712
v -3.419341 -7.696679 1.983942
v -3.420710 -7.575000 2.025000
v -3.371706 -7.602107 2.046057
v -3.430884 -7.430457 1.908310
v -3.420740 -7.100513 1.731043
v -3.356454 -8.138954 2.050859
v -3.301142 -7.639252 2.048874
v -2.955648 -7.493090 2.047375
v -2.726141 -7.983439 2.046468
v -2.817433 -7.575625 2.046795
v -2.618620 -7.747796 2.047566
v -2.477733 -8.022445 2.041885
v -2.480171 -7.371355 2.039925
v -3.325094 -5.614151 2.043283
v -3.041483 -5.122252 2.047678
v -2.915175 -5.385296 2.047688
v -2.707993 -4.869777 2.051492
v -2.861670 -5.573961 2.047163
v -2.525384 -5.043250 2.054096
v -2.447251 -5.549244 2.049810
v -2.558824 -5.338961 2.046775
v -1.167610 -9.564849 1.103702
v -1.250883 -9.553133 1.425651
v -1.081104 -9.553115 1.060241
v -1.014822 -9.504416 1.684500
v -0.993166 -9.578739 1.212833
v -0.996424 -9.565986 1.404678
v -1.029949 -9.487679 1.488961
v -0.869746 -9.496776 1.574640
v -1.769839 -9.330275 2.059412
v -1.501270 -9.272546 2.064100
v -1.300711 -9.002756 2.062848
v -1.277343 -9.513042 2.005598
v -1.270522 -9.491240 1.789807
v -1.165306 -9.374263 2.086202
v -1.192574 -9.523332 2.021713
v -1.091438 -9.511677 1.811358
v -1.123869 -9.500449 2.022218
v -1.086056 -9.421013 2.077186
v -1.046555 -9.174656 2.067815
v -1.085945 -9.456758 1.957348
v -0.984920 -9.423105 2.083977
v -0.989618 -9.491321 2.003891
v -0.872165 -9.407866 2.064054
v -0.922687 -9.545979 1.979317
v -0.905572 -9.493187 1.914742
v -0.751379 -9.499915 1.844761
v -0.987418 -9.503973 1.808422
v -0.730734 -9.454946 2.080328
v -0.817677 -9.286476 2.091734
v -0.900304 -8.524268 2.060145
v -0.641498 -8.430276 2.081374
v -0.705225 -8.122412 2.074799
v -0.499269 -8.647786 2.055821
v -0.655686 -8.295888 2.066630
v -0.457825 -8.203412 2.072367
v -0.298151 -8.264524 2.060149
v -0.223580 -8.511992 2.043188
v -0.122226 -8.494381 2.053447
v -0.092753 -8.146795 2.060002
v 0.066668 -8.146452 2.094321
v 0.624791 -7.069247 2.063869
v 0.542734 -6.655222 2.071033
v 1.009085 -7.059333 2.080381
v 1.078866 -6.914221 2.074885
v 1.336641 -6.692558 2.073876
v 1.261647 -6.738598 2.075289
v 1.298684 -7.139673 2.083849
v 1.252974 -7.052001 2.088513
v 1.695534 -6.445754 2.063394
v 1.488859 -6.907249 2.088769
v 6.444285 -0.588669 0.868434
v 6.439039 -0.464636 0.470964
v 6.433137 -0.392129 0.159816
v 6.435811 -0.235168 0.628785
v 6.445464 -0.200979 0.278556
v 6.501008 -0.158002 0.740066
v 6.488139 -0.156208 0.795966
v 6.500000 -0.198936 0.181250
v 6.481296 -0.166562 0.443263
v 6.492198 -0.178892 0.523507
v 6.496284 -0.154220 0.312500
v 6.544880 -0.104926 0.372442
v 6.513180 -0.118267 0.472149
v 6.528415 -0.111532 0.642191
v 6.570189 -0.175983 0.434197
v 6.575743 -0.150963 0.575738
v 6.603031 -0.117760 0.712302
v 6.582199 -0.069469 0.674182
v 6.609443 -0.213788 0.520353
v 6.625000 -0.225000 0.536053
v 6.625000 -0.175000 0.334084
v 6.624699 -0.198423 0.430806
v 6.624166 -0.103487 0.327798
v 6.590018 -0.113717 0.478877
v 6.625000 -0.175000 0.534737
v 6.564601 -0.108337 0.323016
v 6.625000 -0.085528 0.775000
v 6.650000 -0.238064 0.425000
v 6.649724 -0.222298 0.766196
v 6.651472 -0.225000 0.625000
v 6.606051 -0.126278 0.661344
v 6.675000 -0.225000 0.791987
v 6.675000 -0.125000 0.774116
v 6.513786 -9.593970 1.208016
v 6.436689 -9.591088 1.469374
v 6.536697 -9.598048 0.943237
v 6.545032 -9.621032 1.049169
v 6.513751 -9.573355 0.859251
v 6.571665 -9.569909 1.334410
v 6.598444 -9.591079 1.457268
v 6.623853 -9.675000 0.825000
v 6.677467 -9.686686 1.005012
v 6.784881 -9.707502 1.128263
v 6.653884 -9.599700 1.231828
v 6.725000 -9.699804 0.833855
v 6.645660 -9.658172 0.876074
v 6.886412 -9.706752 0.972555
v 6.860773 -9.729003 1.073138
v 7.003877 -9.607336 1.410246
v 7.020970 -9.724664 1.074978
v 6.989650 -9.690176 0.889818
v 7.036883 -9.649521 1.164625
v 7.071283 -9.610415 1.346183
v 6.904777 -9.582735 1.259351
v 7.022351 -9.729911 0.787332
v 7.125004 -9.654276 1.194781
v 7.307359 -9.695097 0.874036
v 7.155318 -9.729914 1.050272
v 6.473332 -9.526998 1.521243
v 6.807689 -9.594300 1.427721
v 6.747098 -9.540981 1.516986
v 6.929305 -9.545409 1.525770
v 7.063952 -9.549240 1.481031
v 7.168863 -9.545394 1.513085
v 7.389606 -9.544916 1.559259
v 7.546795 -9.548419 1.524556
v 7.565084 -9.578998 1.495992
v 7.765428 -9.548089 1.549636
v 7.858086 -9.549730 1.633919
v 7.920269 -9.570614 1.531890
v 1.704062 -9.586322 0.971134
v 1.723118 -9.579699 1.062793
v 1.720393 -9.583289 1.203942
v 1.699576 -9.564434 1.425415
v 1.709833 -9.503551 1.565436
v 1.795535 -9.536414 1.238517
v 1.806515 -9.522061 0.883832
v 1.980413 -9.524177 1.419318
v 1.915324 -9.530577 0.755167
v 1.965254 -9.574183 0.871590
v 1.936042 -9.523089 1.206600
v 1.914787 -9.488331 1.517113
v 1.904887 -9.539776 1.045560
v 1.997158 -9.552235 0.776598
v 2.083267 -9.531393 1.096770
v 2.234941 -9.533877 1.481038
v 2.108099 -9.536649 0.884816
v 2.169587 -9.519380 1.633548
v 2.230199 -9.537552 1.236888
v 2.212649 -9.555923 0.848026
v 2.217210 -9.541761 1.064679
v 2.295652 -9.511497 1.792187
v 2.442526 -9.526711 1.139602
v 2.284713 -9.527911 0.767712
v 2.415701 -9.522072 1.082583
v 2.456546 -9.514140 1.039396
v 2.441497 -9.526889 1.439285
v -2.382905 4.274884 1.698055
v 5.131078 -7.029830 -0.049907
v 5.139512 -6.948316 -0.121359
v 5.158269 -6.925000 -0.193786
v 5.175277 -6.880885 -0.100000
v 5.188390 -6.711399 0.017603
v 13.062780 -4.830307 1.549251
v 13.054066 -4.750000 1.433231
v 13.062775 -4.608476 1.603614
v 11.056606 -5.075000 2.075000
v 11.369314 -5.076945 2.125000
v 11.359384 -5.074082 2.118241
v 11.447984 -5.021161 2.109668
v 11.425000 -5.049118 2.075000
v 11.479951 -4.855775 2.133402
v 11.747188 -4.999839 2.108299
v 11.903505 -4.819337 2.118988
v 11.812500 -5.050000 2.104049
v 9.818750 4.254688 0.125000
v 9.707497 4.255785 0.165035
v 9.825000 4.275000 0.619610
v 9.724167 4.285932 0.226697
v 9.637500 4.262737 0.237500
v 9.775615 4.261862 0.739635
v 9.875000 4.251427 0.375000
v 9.871459 4.271695 0.473514
v 9.825000 4.265205 0.475000
v 9.962500 4.242122 0.650000
v 9.818112 4.259903 0.665973
v 9.799999 4.253505 0.225000
v 9.925000 4.252413 0.475000
v 9.900476 4.254873 0.174831
v 10.025000 4.271932 0.075000
v 10.125000 4.249161 0.125000
v 10.065303 4.258809 0.126419
v 10.049999 4.273692 0.172029
v 10.054269 4.261647 0.758062
v 10.097195 4.275000 0.773421
v 0.665126 -5.166389 0.630365
v 0.675000 -5.610928 0.613846
v 0.815143 -5.366907 0.644804
v 0.720832 -5.194820 0.677612
v 0.675000 -5.350000 0.661158
v 0.663146 -5.146921 0.679796
v 0.772565 -5.041872 0.672774
v 0.757610 -5.018065 0.625000
v 0.836429 -5.538959 0.572625
v 0.822341 -5.375000 0.225000
v 0.825000 -5.350000 0.218493
v 0.823806 -5.350000 0.230560
v 0.828102 -5.375935 0.500380
v 0.825065 -5.050000 0.367603
v 0.818831 -5.223306 0.466333
v 0.834105 -5.206947 0.593758
v 0.822686 -5.151279 0.660276
v 0.798174 -5.025000 0.475000
v 8.025000 -0.225000 -0.161235
v 8.224999 -0.375000 -0.153439
v 8.173795 -0.276060 -0.158797
v 8.062500 -0.200000 -0.161997
v 8.175000 -0.231435 -0.175000
v 8.850000 -0.566558 -0.131287
v 8.821246 -0.546695 -0.057701
v 8.747353 -0.475000 -0.125000
v 8.788941 -0.465357 -0.013377
v 8.827755 -0.405629 -0.012500
v 8.842415 -0.375000 -0.150000
v 8.900272 -0.349968 -0.079049
v 8.945206 -0.330040 -0.100000
v 12.917425 1.483345 2.164804
v 12.966621 1.015875 2.155189
v 13.026961 0.875511 2.136410
v 13.071149 0.945156 1.776845
v 13.062819 1.239781 1.781549
v 13.068476 1.036115 2.119837
v 13.079914 1.269984 1.705495
v 13.077138 1.335263 1.979053
v 13.075186 1.536560 1.802061
v 13.080074 1.508763 1.636916
v 13.059734 1.446140 2.121506
v 13.095524 1.071836 1.906558
v 13.100667 1.654463 2.027244
v 11.388733 2.271017 2.157920
v 11.458386 1.803026 2.158932
v 11.445568 2.035013 2.156469
v 11.709517 1.992825 2.157082
v 11.693521 2.210317 2.150690
v 12.011145 1.891489 2.143377
v 11.764339 2.424163 2.151688
v 12.032379 2.307934 2.158442
v 11.933596 2.199817 2.149789
v 8.160753 -9.627356 1.412989
v 8.076507 -9.635383 0.978148
v 8.141173 -9.633245 1.158512
v 8.128614 -9.611470 1.216944
v 8.133045 -9.651892 0.867118
v 8.193818 -9.613123 0.966348
v 8.344409 -9.628544 1.466613
v 8.297297 -9.621223 1.136050
v 8.248000 -9.619523 1.383044
v 8.179968 -9.631461 1.076024
v 8.308652 -9.614360 1.032411
v 8.260519 -9.634622 0.985070
v 8.300261 -9.624245 0.822076
v 8.278513 -9.625290 1.223249
v 8.346672 -9.619442 1.313385
v 8.404302 -9.641821 1.375970
v 8.393207 -9.610502 1.077959
v 8.317614 -9.568744 1.522305
v 8.411951 -9.626496 0.912127
v 8.573257 -9.567101 1.066881
v 8.462427 -9.589472 1.266668
v 8.518167 -9.611565 1.151857
v 8.502493 -9.591317 1.387913
v 8.504014 -9.585196 1.628882
v 8.485168 -9.600788 0.847989
v 8.646076 -9.590653 0.982910
v 8.634896 -9.600741 1.211419
v 8.589847 -9.582239 1.302480
v 8.555570 -9.578376 1.510691
v 8.663570 -9.589417 1.109452
v 8.726668 -9.597740 1.281076
v 8.720886 -9.626280 1.177643
v 8.764017 -9.579774 1.380719
v 8.701428 -9.594482 1.433697
v 8.700000 -9.602571 0.901472
v 8.744651 -9.603938 1.021586
v 8.783633 -9.563798 1.222712
v 8.781195 -9.564015 1.572291
v 8.137663 -9.555753 1.576293
v 8.327248 -9.554970 1.596815
v 8.512836 -9.545334 1.566365
v 9.025182 -9.577306 1.326455
v 8.921172 -9.518362 1.569037
v 9.290815 -9.575625 1.506814
v 13.027951 -2.324438 1.290035
v 13.001173 -2.323218 1.050755
v 13.017729 -2.199925 0.947288
v 13.006400 -2.156280 1.056796
v 12.997087 -2.104254 0.843488
v 13.007206 -2.050573 1.112003
v 13.015388 -2.074668 1.510326
v 13.039230 -2.003363 0.834224
v 12.986956 -1.860515 0.859813
v 13.012739 -1.782501 0.936928
v 12.979252 -1.735513 0.722513
v 12.987896 -1.703010 1.008772
v 13.021881 -1.669801 1.302482
v 12.997660 -1.688061 0.820930
v 12.987761 -1.667489 1.195401
v 13.067020 -2.239590 1.350990
v 13.018822 -2.261333 0.833366
v 13.054155 -2.270040 1.197820
v 13.063587 -2.212113 1.434305
v 13.039442 -2.163374 1.122024
v 13.028848 -2.067173 1.268921
v 13.075435 -2.196993 1.534611
v 13.078516 -2.196547 1.609859
v 13.078058 -2.125416 1.376525
v 13.023673 -2.122261 1.437578
v 13.052757 -2.001449 1.526850
v 13.023449 -1.946640 1.091984
v 13.000011 -1.882055 1.237895
v 13.079285 -1.981861 1.333204
v 13.067307 -1.912239 1.364295
v 13.041694 -1.820582 1.434585
v 13.074154 -1.873932 1.591537
v 13.024444 -1.776812 1.201440
v 13.064389 -1.826255 1.580103
v 13.065824 -1.769552 1.361715
v 13.076655 -1.650125 1.476740
v 13.101530 -1.713407 1.564475
v 13.057027 -1.609404 1.533324
v 13.127431 -2.349667 1.491174
v 13.083087 -2.295927 1.560487
v 13.120159 -2.270325 1.412054
v 13.079784 -2.115243 1.608676
v 13.075728 -2.116866 1.543266
v 13.116322 -1.962080 1.623392
v 13.147601 -1.871360 1.376760
v 13.086833 -1.843908 1.517019
v 13.143408 -1.835364 1.610144
v 13.157794 -1.826079 1.431106
v 13.077384 -1.738459 1.542745
v 13.088655 -1.737872 1.448659
v 13.080655 -1.662069 1.381601
v 13.178741 -2.284428 1.418872
v 13.132433 -2.252619 1.454998
v 13.145646 -2.176848 1.550970
v 13.118395 -2.123691 1.418909
v 13.172524 -2.132485 1.503271
v 13.176333 -2.071897 1.575656
v 13.124065 -1.926996 1.538364
v 13.180786 -1.930030 1.567443
v 13.169454 -1.822795 1.566072
v 13.171884 -1.664634 1.523121
v 13.210260 -2.230315 1.471569
v 13.245248 -2.216680 1.513969
v 13.205153 -2.069553 1.477979
v 13.252068 -2.004051 1.473252
v 13.141853 -2.022616 1.473994
v 13.219156 -1.993314 1.578450
v 13.236181 -1.859161 1.572106
v 13.213810 -1.729128 1.474417
v 13.235897 -1.781778 1.589550
v 13.178975 -1.722477 1.527370
v 13.247371 -2.095826 1.535388
v 13.281610 -1.979599 1.543838
v 13.286441 -1.836284 1.513080
v 13.280109 -1.757493 1.525763
v 13.285569 -2.192546 1.429329
v 13.344661 -2.280448 1.435223
v 13.262096 -2.127049 1.418942
v 13.308148 -2.047373 1.451945
v 13.275733 -2.077555 1.584773
v 13.282310 -1.930248 1.470891
v 13.323898 -1.868375 1.524621
v 13.354321 -2.111915 1.505776
v 13.339175 -2.022052 1.503838
v 13.325582 -1.925000 1.475000
v 13.324705 -1.876458 1.525535
v 13.326951 -1.879910 1.507579
v 12.961920 -2.077764 2.126968
v 12.945913 -2.231866 2.121784
v 12.937667 -2.269046 2.022502
v 12.984389 -1.739333 2.126669
v 13.038836 -2.238446 1.896063
v 13.034191 -2.121520 1.904553
v 13.024403 -1.857201 2.057374
v 13.063655 -2.152948 1.749784
v 13.077115 -2.054680 1.684059
v 13.007760 -1.971942 2.004002
v 13.077866 -2.015522 1.799680
v 13.070131 -1.822736 1.723826
v 13.059534 -1.778835 1.625374
v 13.062257 -1.687822 2.069357
v 13.047833 -1.639615 1.686593
v 13.101209 -1.713926 1.865664
v 13.082778 -2.235174 1.697849
v 13.138771 -1.984360 1.722296
v 13.101011 -1.876382 1.684530
v 13.106761 -1.660653 1.748458
v 13.100415 -1.782387 1.795058
v 13.114007 -1.608378 2.006547
v 13.239601 -1.828832 1.676790
v 13.125627 -1.751049 1.672403
v 11.275000 -3.725000 1.604762
v 11.325000 -3.541352 1.475000
v -2.288805 -12.256726 1.671257
v -2.296368 -12.266235 1.779423
v -2.340348 -12.251874 2.125000
v -2.325000 -12.138253 2.075000
v -2.250321 -12.246990 2.125000
v -2.324917 -12.209576 2.070427
v -2.238092 -12.282461 1.834647
v -2.204477 -12.262234 1.731586
v -2.184104 -12.268456 1.869542
v -2.156260 -12.273938 2.016610
v -2.194371 -12.214247 2.068475
v -2.175000 -12.125001 2.086637
v -2.125000 -12.180457 2.125000
v -2.104806 -12.287050 1.774111
v -2.030379 -12.255383 2.053201
v -2.082073 -12.365558 1.589888
v -1.983211 -12.302895 1.898657
v -2.035082 -12.281688 1.955271
v -1.800000 -12.189499 2.075000
v -1.969033 -12.254301 1.972475
v -1.967148 -12.248796 2.065834
v -1.934845 -12.375699 1.669227
v -1.940636 -12.283288 1.798090
v -1.814856 -12.339742 1.788472
v -1.893548 -12.316074 1.908195
v -1.882819 -12.274593 2.046472
v -1.803846 -12.265819 1.988786
v -1.784264 -12.385169 1.631294
v -1.773625 -12.274169 1.874145
v -1.741456 -12.302470 1.928168
v -1.722921 -12.230392 1.990080
v -1.725000 -12.235251 2.075000
v -1.690154 -12.318295 1.738735
v -1.696866 -12.316637 1.842395
v -1.625000 -12.102785 2.075000
v -1.640692 -12.287006 1.866593
v -1.660601 -12.281580 1.977188
v -1.618253 -12.250849 2.031161
v -1.667294 -12.187290 2.042797
v -1.562654 -12.368989 1.636920
v 13.063231 -6.174183 2.089233
v 13.030996 -6.368887 2.122028
v 13.039824 -6.375000 2.150227
v 13.033162 -5.796487 2.118946
v 13.049999 -5.625000 2.141011
v 13.067787 -6.323280 1.671237
v 13.041639 -6.296302 1.818761
v 13.025477 -6.179832 2.125000
v 13.065309 -6.309080 2.046519
v 13.081256 -6.272343 1.755269
v 13.065295 -6.134555 1.737981
v 13.079365 -6.193246 1.980478
v 13.048977 -6.020230 1.674018
v 13.077114 -6.025000 2.175000
v 13.071003 -6.073149 1.838316
v 13.035486 -6.033619 2.120702
v 13.009705 -5.925000 2.175000
v 13.053219 -5.855181 1.773247
v 13.082402 -5.891977 1.741789
v 13.078974 -5.914920 2.065564
v 13.025000 -5.775000 2.144731
v 13.076611 -5.748549 1.825073
v 13.072083 -5.773590 1.991811
v 13.104523 -5.643647 1.807101
v 13.076859 -5.651530 2.070474
v 13.077037 -6.289844 1.890370
v 13.083659 -6.154480 1.667053
v 13.090396 -5.993537 2.005357
v 13.071444 -5.931255 1.638083
v 13.085439 -5.847929 1.915510
v 13.079147 -5.866883 1.644171
v 13.128307 -5.701737 1.683310
v 13.089078 -5.750900 1.901471
v 13.121622 -5.664744 1.645308
v 13.080060 -5.577473 1.617650
v 4.065959 -9.584978 2.018051
v 4.083918 -9.517934 1.882973
v 4.223038 -9.481320 2.030021
v 4.203689 -8.970236 2.097835
v 4.222338 -9.534379 1.850376
v 4.242376 -9.463982 2.076708
v 4.250512 -9.365712 2.108366
v 4.173526 -8.784210 2.071451
v 4.223250 -9.485544 1.973484
v 4.370068 -9.524715 1.875807
v 4.497535 -8.742579 2.068354
v 4.451025 -9.086853 2.103096
v 4.593940 -9.526104 1.923262
v 4.442140 -9.488234 2.070680
v 4.521417 -9.518681 1.716296
v 4.723721 -9.388460 2.122777
v 4.680799 -9.022231 2.108591
v 4.713389 -9.517957 2.075519
v 4.752156 -9.516802 1.834864
v 4.819459 -9.455488 1.928668
v 4.816839 -9.397911 2.078977
v 4.809111 -8.945928 1.726035
v 4.815715 -9.187253 1.724700
v 4.813622 -9.048208 2.023807
v 4.845610 -8.775329 1.839981
v 4.800415 -8.721813 1.934160
v 0.922153 -9.497048 2.029228
v 0.927540 -9.507138 1.906936
v 0.966936 -9.328233 2.081825
v 1.045980 -9.438927 2.069620
v 1.092006 -9.524436 1.771498
v 1.090744 -9.511041 2.007475
v 1.128446 -9.498537 1.907785
v 1.218107 -9.548096 2.009762
v 1.159817 -9.309945 2.096931
v 1.301876 -9.540740 1.959199
v 1.247826 -9.515183 1.834160
v 1.443416 -9.579936 1.978032
v 1.325629 -9.420890 2.083562
v 1.243044 -8.932399 2.076352
v 1.402567 -9.549639 2.032099
v 1.395006 -9.008512 2.072525
v 1.441353 -9.531310 1.909643
v 1.331952 -9.509135 1.673594
v 1.582608 -9.440373 2.073025
v 12.562500 -7.212540 2.170613
v 12.641006 -7.256802 2.152043
v 12.701170 -7.400000 2.169331
v 12.625000 -6.913421 2.225000
v 12.795891 -6.772167 2.225000
v 12.701700 -6.915667 2.215209
v 12.799900 -7.229586 2.133787
v 12.801589 -6.995245 2.181125
v 12.878402 -6.803024 2.168782
v 12.790186 -6.650000 2.200000
v 12.950000 -6.725000 2.157469
v 12.919431 -7.772261 2.085611
v 13.054939 -7.801920 2.099109
v 12.991420 -7.297543 2.096987
v 12.959790 -7.134354 2.134552
v 12.902721 -7.796423 2.112712
v 12.939980 -7.642441 2.080771
v 12.912734 -7.275000 2.125000
v 13.022985 -7.825000 1.825000
v 13.023645 -7.817912 1.894089
v 13.006655 -7.577418 2.125000
v 12.991379 -7.650737 1.972778
v 13.023290 -7.537905 2.043828
v 13.000312 -7.440092 2.042417
v 13.017940 -7.354589 2.059604
v 13.059137 -7.925000 1.875000
v 13.036241 -7.850216 1.946837
v 13.068352 -7.925000 1.675000
v 13.036729 -7.773725 1.993237
v 13.031116 -7.684078 2.039042
v 13.031771 -7.725000 2.125000
v 13.065895 -7.647143 1.687500
v 13.061277 -7.617036 1.717012
v 13.056202 -7.644514 1.775000
v 13.074636 -7.565402 1.930601
v 13.040810 -7.775000 1.875000
v 13.082913 -7.465102 1.839359
v 13.052412 -7.475000 2.125000
v 13.109076 -7.357045 1.752141
v 13.064589 -7.525000 1.712500
v 13.017771 -7.395655 2.150000
v 13.052451 -7.417939 1.963020
v 13.058878 -7.259228 1.984997
v 13.115829 -7.228380 1.776674
v 13.107329 -7.244342 1.632268
v 13.070376 -7.288264 1.859466
v 13.087438 -7.157774 1.418710
v 13.075000 -6.941424 1.475000
v 13.035092 -6.975000 1.525000
v 13.075000 -6.926449 1.525000
v 13.075000 -6.975000 1.488524
v 13.075000 -6.925000 1.517933
v 13.075000 -6.975000 1.558985
v 13.066152 -6.925000 1.475000
v 13.075000 -6.975000 1.373977
v 13.099539 -7.099934 1.300000
v 13.076180 -6.925000 1.525000
v 13.099651 -6.875000 1.475000
v 13.125000 -6.414567 1.427297
v 13.123240 -6.326558 1.460834
v 13.041258 -6.375000 1.575000
v 13.094400 3.232698 0.853878
v 12.857668 -6.704408 2.180924
v 12.975341 -7.025283 2.160813
v 12.970954 -6.893154 2.151411
v 13.025000 -6.777691 2.175000
v 13.054154 -7.123855 2.062974
v 13.037371 -6.842233 2.115966
v 13.007156 -6.624333 2.076840
v 13.028811 -6.462500 2.125000
v 13.078257 -6.574064 2.078750
v 13.024769 -6.375000 2.125000
v 13.077781 -7.021091 1.648578
v 13.072254 -7.119956 1.635938
v 13.050389 -7.070670 1.811724
v 13.068658 -7.001037 1.735798
v 13.070435 -6.972130 1.921928
v 13.044703 -6.981027 2.118220
v 13.078481 -7.015898 2.004872
v 13.072951 -6.950000 1.600000
v 13.084929 -6.975000 1.675000
v 13.067693 -6.888440 1.838492
v 13.054640 -6.806898 1.765981
v 13.060116 -6.787500 1.729145
v 13.072061 -6.712157 1.796336
v 13.083158 -6.783653 1.930014
v 13.063090 -6.688172 2.044686
v 13.060485 -6.600000 2.125000
v 13.088004 -6.614909 1.990138
v 13.060675 -6.451563 2.082181
v 13.081924 -6.904627 2.055395
v 13.080326 -6.642111 1.729682
v 13.074931 -6.498745 1.866853
v 13.072168 -6.498766 1.981389
v 13.081917 -6.506250 1.699757
v 13.082093 -6.459498 1.714862
v 13.090332 -6.498268 1.825000
v 13.079335 -6.444027 1.948930
v 11.112499 -7.225000 2.104403
v 1.129656 -9.586395 0.973853
v 1.149372 -9.609798 1.226011
v 1.053493 -9.594529 1.318612
v 1.253491 -9.601194 0.950124
v 1.260615 -9.581109 1.424857
v 1.281407 -9.593672 0.826073
v 1.312424 -9.596412 1.285099
v 1.422698 -9.596937 1.009020
v 1.545044 -9.600366 1.072895
v 1.422265 -9.609200 1.242747
v 1.509901 -9.573778 0.766543
v 1.548034 -9.580985 0.963850
v 1.379404 -9.595363 1.423135
v 0.882404 -9.538114 0.916750
v 0.885749 -9.532969 1.121747
v 0.947300 -9.550372 1.414979
v 1.016216 -9.584085 0.971417
v 1.006040 -9.575432 1.123705
v 1.041972 -9.585008 1.438041
v 0.986114 -9.484450 1.542061
v 1.161561 -9.506047 1.528839
v 1.423202 -9.507168 1.515714
v -1.399424 -7.836779 0.428010
v -1.422319 -7.877321 0.476048
v 2.457581 -8.116931 2.069341
v 2.461044 -8.616079 2.071825
v 2.562261 -8.358244 2.095555
v 2.589088 -8.053184 2.094917
v 2.781381 -8.109776 2.079058
v 2.693227 -8.425458 2.062462
v 2.820338 -8.843167 2.074355
v 2.953176 -8.173327 2.090528
v 3.116661 -8.661788 2.082545
v 2.902962 -8.393144 2.071844
v 2.507099 -7.734643 2.067488
v 2.577945 -7.383555 2.075158
v 2.994211 -7.753911 2.074764
v 2.910947 -7.099184 2.088126
v 2.790225 -7.551558 2.069755
v 3.084698 -7.349068 2.079687
v 3.136174 -7.757165 2.089666
v 10.597930 -1.473053 2.133306
v 10.796091 -0.984171 2.138276
v 10.778757 -1.108049 2.135074
v 10.967196 -1.279594 2.125060
v 10.957568 -1.479141 2.152853
v 11.088678 -1.132421 2.126258
v 11.225859 -1.021816 2.148335
v 10.996377 -0.903577 2.127307
v 11.130177 -1.526245 2.149391
v 3.267283 -7.818531 2.072823
v 3.148021 -7.351408 2.071074
v 3.358556 -7.827452 2.085185
v 3.542516 -7.857459 2.065115
v 3.506140 -7.678955 2.065541
v 3.655968 -7.439786 2.079645
v 3.700813 -7.166743 2.093861
v 3.771697 -7.265988 2.072984
v 3.775000 -7.325000 2.076004
v 3.855222 -7.815372 2.081750
v 3.780353 -7.425000 2.075000
v 3.825000 -7.375000 2.075000
v 3.825000 -7.375000 2.075000
v 3.825000 -7.375000 2.075000
v 3.825000 -7.375000 2.075000
v 3.875000 -7.375000 2.074508
v 3.875000 -7.367302 2.075000
v 3.825766 -7.325000 2.075000
v 4.074351 -7.281250 2.077968
v 3.956986 -7.445262 2.072587
v 4.141216 -7.880410 2.063402
v 1.750422 -7.790341 2.068671
v 1.789656 -7.338727 2.070901
v 1.849749 -8.062120 2.066078
v 2.073884 -8.014418 2.073538
v 2.060802 -7.624489 2.069672
v 2.195126 -7.749580 2.093675
v 2.216254 -7.386332 2.077785
v 2.639358 -6.989754 2.071439
v 2.622408 -6.775144 2.098457
v 2.640545 -6.446682 2.080964
v 2.763575 -6.518870 2.083227
v 2.754224 -6.761556 2.085958
v 2.903789 -6.595677 2.074734
v 2.854904 -6.425766 2.075346
v 2.931690 -6.967645 2.079562
v 3.326973 -6.493051 2.085333
v 1.667839 -5.934995 2.066292
v 1.727070 -5.818399 2.072832
v 1.745856 -6.301389 2.086991
v 2.044440 -6.058637 2.072845
v 1.927101 -5.771776 2.070745
v 2.022120 -6.347329 2.075693
v 2.173290 -5.767406 2.083946
v 2.137321 -5.652815 2.073221
v 2.354124 -5.896766 2.077888
v 6.620749 1.625000 -0.075000
v 6.607843 1.619503 0.020403
v 6.611620 1.776215 -0.075431
v 6.621335 1.768501 -0.126279
v 6.604414 1.825000 -0.125000
v 6.625000 1.875000 -0.125000
v 6.625000 1.875000 -0.125000
v 6.619836 1.875000 -0.075000
v 6.603033 2.204630 0.006291
v 6.714562 2.170563 -0.225000
v 6.625000 1.875000 -0.125000
v 6.800000 2.180088 -0.234760
v 6.724968 2.189761 -0.192445
v 6.887500 2.180096 -0.125000
v 7.062500 2.183649 -0.067362
v 7.014868 2.185596 -0.055358
v 7.200000 2.172306 0.020181
v 2.516449 -5.894341 2.078499
v 2.475299 -6.226662 2.090071
v 2.672645 -6.048172 2.087112
v 2.723671 -5.768551 2.083843
v 3.119175 -6.048873 2.079701
v 3.149013 -6.326342 2.088769
v 3.023013 -5.831147 2.090040
v 3.970151 -7.746284 2.066557
v 4.319736 -7.737833 2.072115
v 4.381105 -7.467537 2.078766
v 4.268537 -7.829781 2.087587
v 4.534296 -7.857357 2.066826
v 4.620393 -7.540660 2.069914
v 4.490047 -7.235994 2.077149
v 4.758177 -7.529448 2.045915
v 4.813211 -8.027427 1.721804
v 4.799848 -7.787769 2.029325
v 4.815958 -7.796452 1.874407
v 4.833517 -7.798440 1.927688
v 4.824998 -7.402585 1.926643
v 4.827024 -7.326756 1.992335
v 13.094534 2.375000 0.650000
v 13.097580 2.500000 0.750000
v 13.016938 2.875000 0.875000
v 13.125000 3.210604 0.775000
v 13.069427 3.150000 0.800000
v 11.320711 -0.628774 2.139460
v 11.409487 -0.519486 2.119194
v 11.579827 -0.328509 2.140175
v 11.251944 -0.241759 2.159566
v 11.462066 -0.074648 2.131450
v 11.537049 -0.676926 2.151489
v 11.558167 -0.460523 2.128878
v 11.588447 -0.575822 2.123249
v 11.686050 -0.331421 2.122444
v 11.684216 -0.071526 2.150373
v 11.691118 -0.460739 2.127531
v 11.620310 -0.385386 2.063263
v 11.484938 0.030980 2.109652
v 11.710412 -0.473671 2.075443
v 11.814140 -0.414866 2.066585
v 11.873083 -0.706430 2.147749
v 11.826437 -0.549848 2.133996
v 11.784579 -0.442386 2.138598
v 11.866413 -0.282274 2.125477
v 11.825749 -0.176681 2.129573
v 11.880180 -0.061846 2.159410
v 12.047400 -0.180805 2.127698
v 11.879663 -0.118431 2.117819
v 2.546384 -9.521822 1.166555
v 2.485648 -9.523328 1.359792
v 2.377242 -9.515017 1.505333
v 2.609087 -9.519994 0.882255
v 2.671448 -9.556135 0.976309
v 2.635488 -9.538187 1.307146
v 2.601694 -9.526835 1.466962
v 2.777745 -9.542842 0.897349
v 2.768007 -9.544812 1.214596
v 2.807588 -9.479346 1.519196
v 2.981347 -9.509811 1.061423
v 2.900287 -9.516240 1.387215
v 2.915035 -9.521442 1.161096
v 2.997073 -9.527864 0.788707
v 3.014286 -9.521254 1.300830
v 2.970762 -9.508839 0.897517
v 3.143637 -9.594721 1.406960
v 3.131161 -9.485363 1.575503
v 3.062339 -9.532509 1.522023
v 2.526868 -8.869637 2.078792
v 2.478753 -9.537972 2.022863
v 2.523658 -9.374701 2.114842
v 2.602959 -9.533178 1.669258
v 2.634932 -9.520898 1.897335
v 2.626915 -9.548560 2.023852
v 2.664942 -9.274003 2.102920
v 2.793155 -9.445285 2.074445
v 2.859487 -9.521693 1.591749
v 2.880493 -9.291645 2.111570
v 2.865819 -9.502410 1.802829
v 3.026381 -9.531911 1.915934
v 2.770013 -9.526235 1.992294
v 3.076283 -9.496880 1.665508
v 3.109718 -9.499688 2.069597
v 3.039820 -8.922661 2.086002
v 3.198554 -9.435590 2.111804
v 3.107626 -9.541915 1.951779
v 3.121940 -9.311421 2.113037
v 3.256668 -8.828768 2.068985
v 3.294003 -9.635805 0.821378
v 3.447408 -9.631401 0.919202
v 3.339901 -9.632133 1.045116
v 3.469801 -9.618585 1.132716
v 3.474196 -9.631183 1.007545
v 3.541105 -9.583666 1.154046
v 3.652077 -9.606496 1.458352
v 3.686193 -9.632235 0.848472
v 3.557161 -9.605271 0.894578
v 3.738270 -9.626005 1.423904
v 3.749362 -9.586960 0.950142
v 3.847364 -9.602629 1.247022
v 3.649943 -9.600900 1.168309
v 3.823527 -9.618675 1.332789
v 3.838600 -9.611766 1.038874
v 3.903249 -9.624303 0.907507
v 4.037867 -9.597857 1.011773
v 3.982814 -9.612050 1.126498
v 3.903858 -9.610068 1.174789
v 3.948282 -9.607007 0.858410
v 4.109748 -7.866584 0.768235
v 4.180751 -7.928596 0.663858
v 4.150000 -7.975513 0.606250
v 4.225000 -7.921207 0.825000
v 4.165300 -7.899454 0.817546
v 4.215269 -7.867162 0.675000
v 4.225000 -7.857399 0.775000
v 4.275000 -7.776117 0.625000
v 4.275000 -7.925000 0.794062
v 4.275000 -7.876030 0.775000
v 4.272813 -7.875000 0.775000
v 4.325000 -7.894944 0.775000
v 4.281948 -7.755621 0.615060
v 4.219243 -7.761673 0.537500
v 4.427810 -7.810776 0.659464
v 4.425000 -7.838545 0.675000
v 4.449189 -7.777058 0.641606
v 4.037950 -9.633214 0.813817
v 4.257392 -9.626389 1.120557
v 4.138973 -9.621514 1.315760
v 4.019385 -9.620099 1.385420
v 4.158662 -9.621340 0.981763
v 4.208742 -9.600666 1.064178
v 4.253393 -9.633036 0.878421
v 4.293867 -9.641933 0.962793
v 4.226073 -9.618572 1.275913
v 4.389760 -9.618744 1.205752
v 4.382549 -9.598161 1.316688
v 4.373826 -9.622534 1.078740
v 4.418895 -9.614756 0.865693
v 4.563265 -9.608313 1.142931
v 4.589419 -9.602612 1.428464
v 4.549937 -9.626966 1.201840
v 4.597013 -9.620700 0.926136
v 4.680841 -9.632555 1.125798
v 4.701493 -9.601836 1.250056
v 4.719861 -9.609544 1.451290
v 4.834424 -9.619217 1.194411
v 10.474999 -5.525000 2.060264
v 10.425000 -5.580363 2.126464
v 10.350000 -5.299668 2.142760
v 10.434868 -5.252059 2.128945
v 10.494738 -5.082842 2.121081
v 10.463037 -4.776176 2.103470
v 10.581981 -5.194452 2.093617
v 10.600000 -5.375000 2.105617
v 10.549999 -5.243805 2.125000
v 10.575949 -5.302835 2.086535
v 10.595232 -4.911092 2.113888
v 10.634891 -5.323209 2.125000
v 10.512500 -5.315175 2.042113
v 10.733218 -4.883289 2.125638
v 10.761314 -5.267380 2.116063
v 10.682002 -5.128913 2.120731
v 10.753817 -5.056592 2.102445
v 10.900000 -4.851289 2.116044
v 10.887501 -5.285454 2.030143
v 10.784292 -5.239919 2.081666
v 11.087500 -5.275000 2.062001
v 10.974999 -5.219569 2.075000
v 10.972522 -5.075948 2.111282
v 11.122741 -5.351194 2.037181
v 11.131923 -5.331060 2.053735
v 11.118277 -5.014077 2.109339
v 11.249096 -5.039283 2.125000
v 11.179454 -5.325000 2.075000
v 11.217381 -2.983011 2.104319
v 11.336001 -3.088468 2.120842
v 11.337858 -2.688025 2.138889
v 11.356108 -2.836448 2.098522
v 11.352138 -2.770148 2.072978
v 11.279387 -2.447807 2.153905
v 11.567151 -2.548909 2.152800
v 11.605808 -2.972858 2.120150
v 11.574432 -2.711537 2.135256
v 11.694918 -2.895798 2.151711
v 11.624722 -2.779794 2.126347
v 11.537500 -2.822447 2.135692
v 11.780026 -3.114583 2.124841
v 11.723160 -2.869325 2.122827
v 11.774146 -3.140557 2.177923
v 11.775000 -3.075000 2.140228
v 11.800016 -2.842212 2.147244
v 11.834170 -2.746554 2.142362
v 11.834243 -2.906917 2.165967
v 11.823174 -2.875000 2.175000
v 11.875980 -2.968281 2.175000
v 11.969983 -2.689187 2.134524
v 11.853489 -3.107962 2.132492
v 11.816652 -3.025190 2.120988
v 11.949985 -3.022709 2.170300
v 12.053359 -3.092676 2.126442
v 12.037708 -2.969767 2.175000
v 11.988900 -2.833849 2.125242
v 11.911244 -2.813377 2.118716
v 12.049999 -3.032487 2.175000
v 11.972170 -2.964680 2.175000
v 5.650000 -9.625783 0.650000
v 5.710286 -9.616070 0.677537
v 5.847363 -9.629390 0.817778
v 5.875000 -9.633242 0.675000
v 6.087500 -9.630749 0.700000
v 6.286855 -9.613667 0.823614
v 6.357424 -9.640388 0.703821
v 6.275001 -9.621393 0.750000
v 6.374749 -9.601261 0.855698
v 6.343750 -9.626754 0.649100
v 5.678272 -9.625652 0.990712
v 5.771691 -9.612337 1.082788
v 5.747118 -9.620921 0.833098
v 5.741489 -9.584391 1.462622
v 5.950439 -9.618631 1.186287
v 5.924395 -9.622468 1.016522
v 6.116228 -9.625235 0.881640
v 6.021880 -9.623812 1.306081
v 6.082405 -9.611016 1.426616
v 5.978904 -9.605585 0.865362
v 5.994401 -9.625207 1.064575
v 6.119191 -9.625371 1.168868
v 6.217904 -9.623610 1.118590
v 6.180114 -9.613106 0.870457
v 6.197661 -9.616836 1.037283
v 6.374739 -9.602739 1.262713
v 6.254449 -9.617527 0.946223
v 6.242925 -9.619985 1.402867
v 6.432298 -9.612505 0.964699
v 4.089120 -9.639628 0.420878
v 4.111669 -9.617667 0.481270
v 3.981322 -9.623482 0.566643
v 4.121479 -9.621080 0.596618
v 4.074824 -9.623290 0.661205
v 4.158043 -9.640248 0.716767
v 4.265311 -9.623721 0.601385
v 4.075000 -9.623026 0.375000
v 4.331325 -9.601425 0.709108
v 4.249949 -9.616900 0.439688
v 4.375257 -9.635913 0.802052
v 4.379158 -9.634893 0.678744
v 4.372813 -9.619129 0.422655
v 4.400000 -9.634305 0.400000
v 4.346647 -9.619486 0.537500
v 4.460999 -9.604518 0.694013
v 4.523318 -9.622043 0.740652
v 4.525000 -9.615659 0.525000
v 4.500000 -9.612787 0.550000
v 4.575000 -9.607896 0.575000
v 4.525000 -9.634428 0.475000
v 4.602699 -9.608443 0.758083
v 4.657442 -9.608645 0.451745
v 4.675000 -9.592423 0.475000
v 4.550000 -9.621811 0.653006
v 4.699056 -9.624577 0.760380
v 4.612500 -9.621391 0.412500
v 4.680298 -9.625001 0.525000
v 4.675000 -9.626546 0.525000
v 4.725000 -9.635826 0.575000
v 4.725000 -9.621843 0.500000
v 4.710200 -9.613177 0.842605
v 4.950606 -9.624512 0.774335
v 4.750000 -9.622206 0.650000
v 12.453690 3.775000 0.875000
v 5.747069 -1.950000 -0.050000
v 5.766701 -1.849996 -0.275516
v 5.771469 -1.826305 -0.095820
v 5.769178 -1.888426 -0.293750
v 5.768910 -1.646091 -0.216085
v 5.761523 -1.675000 -0.325000
v 5.773716 -1.971913 -0.181381
v 5.775000 -2.036962 -0.175000
v 5.825000 -1.789589 -0.125000
v 5.776455 -1.739757 -0.151581
v 5.916714 -1.740878 -0.153470
v 6.075000 -1.825000 -0.129368
v 6.093952 -1.687195 -0.100115
v 5.988148 -1.679989 -0.108343
v 5.987500 -1.618316 -0.018686
v 6.075920 -1.521013 -0.067764
v 9.166159 -1.661230 0.487720
v 9.322273 -1.677154 0.473333
v 9.275596 -1.657206 0.483573
v 9.439018 -1.212500 0.125000
v 9.412104 -1.213370 0.065437
v 9.503414 -1.125000 0.128001
v 9.503900 -1.120173 -0.030095
v 9.575000 -1.453595 0.325000
v 9.575000 -1.425000 0.291162
v 9.549999 -1.414377 0.275000
v 9.614465 -1.084750 0.061553
v 12.870172 -5.625428 1.177154
v 12.956573 -5.737500 1.250000
v 12.914350 -5.634665 1.234931
v 13.003601 -6.325313 1.586465
v 13.028122 -5.923394 1.428732
v 12.997255 -5.819766 1.492542
v 13.066132 -5.543251 1.262231
v 13.072483 -6.281386 1.350000
v 13.034481 -6.189735 1.367410
v 13.078932 -6.286154 1.553242
v 13.042299 -6.198274 1.572143
v 13.075000 -6.180217 1.328148
v 13.088937 -6.016575 1.621789
v 13.024650 -6.049134 1.377635
v 13.082386 -6.108213 1.420304
v 13.068662 -6.018085 1.472926
v 13.064276 -5.925000 1.325000
v 13.075000 -5.930663 1.333524
v 13.041317 -5.875000 1.275000
v 13.033134 -5.825000 1.325000
v 13.073884 -5.827272 1.405335
v 13.114648 -5.750614 1.557409
v 13.077008 -5.825000 1.369972
v 13.141880 -5.732370 1.473843
v 12.976473 -5.608830 1.191526
v 13.075642 -6.252020 1.423614
v 13.086647 -6.124166 1.250000
v 13.107176 -6.117383 1.489179
v 13.064130 -5.960630 1.527429
v 13.101401 -5.926317 1.575450
v 13.093036 -5.980453 1.318053
v 13.127353 -5.782704 1.422797
v 13.082244 -5.679798 1.271778
v 13.065890 -5.629652 1.319673
v 13.133750 -5.672253 1.380716
v 13.089157 -5.634492 1.564222
v 13.100128 -5.591566 1.373790
v 12.933117 -5.451014 0.981204
v 12.836429 -5.525000 1.025000
v 12.939207 -5.466260 1.025000
v 12.927044 -5.375000 0.975000
v 12.962751 -5.426836 1.173548
v 12.935251 -5.475000 0.925000
v 12.939007 -5.322749 1.022897
v 12.943946 -5.375000 1.075000
v 12.920082 -5.275000 1.025000
v 12.970261 -4.975000 1.227797
v 12.947615 -4.927750 1.191814
v 12.943677 -4.875000 1.175000
v 12.973874 -5.550000 1.175866
v 13.052848 -5.503408 1.219548
v 12.951891 -5.316092 1.422823
v 13.069688 -5.532374 1.397512
v 13.059013 -5.507507 1.542948
v 13.027768 -5.419126 1.385227
v 13.052004 -5.341733 1.363791
v 13.067399 -5.217192 1.515447
v 13.082137 -5.225000 1.225000
v 13.070839 -5.184946 1.284561
v 13.083075 -5.071646 1.294249
v 13.069544 -5.090801 1.532062
v 13.098759 -5.004838 1.519693
v 12.953082 -4.975000 1.175000
v 13.066458 -4.866590 1.406250
v 13.023993 -4.807857 1.478848
v 13.091733 -5.475000 1.275000
v 13.075268 -5.450770 1.308285
v 13.059838 -5.299552 1.470364
v 13.079764 -5.416661 1.538129
v 13.085019 -5.225000 1.325000
v 13.072693 -5.333922 1.350000
v 13.097906 -5.023114 1.419631
v 13.057239 -5.018750 1.277544
v 13.077630 -4.912477 1.463882
v 12.969238 -1.575000 0.425000
v 13.000000 -1.066772 0.587500
v 12.941550 -0.972740 0.563681
v 12.974832 -0.825000 0.725000
v 12.974999 -0.825000 0.724431
v 12.974999 -0.789530 0.675000
v 12.971836 -1.550000 0.606250
v 13.061254 -1.450898 0.462375
v 12.961008 -0.975000 0.675000
v 12.939726 -0.925000 0.525000
v 13.025000 -0.875000 0.614178
v 12.992753 -0.825000 0.675000
v 12.995276 -0.875000 0.725000
v 13.014452 -1.488058 0.512500
v 13.015972 -1.465951 0.751712
v 13.034521 -1.287500 0.450000
v 13.027658 -1.325000 0.425000
v 13.046903 -1.270863 0.591216
v 13.063898 -1.218632 0.630088
v 13.053493 -1.375000 0.375000
v 13.083136 -1.425000 0.575000
v 13.075000 -1.230029 0.530350
v 13.032546 -1.117978 0.701209
v 13.062080 -1.425000 0.656189
v 8.323111 -9.601247 2.034830
v 8.482057 -9.577880 1.958249
v 8.487509 -9.601209 2.018843
v 6.717933 -7.129835 2.125000
v 6.875000 -7.075000 2.115100
v 6.925000 -7.075000 2.110139
v 6.975000 -7.025000 2.123217
v 7.144238 -7.287198 2.125000
v 7.300749 -6.824817 2.112956
v 7.178235 -6.725000 2.125000
v 7.125000 -6.875000 2.114360
v 7.225393 -6.663756 2.116188
v 7.277006 -6.493750 2.115387
v 10.254231 3.918001 2.144431
v 10.602313 4.184567 2.135955
v 10.570579 4.225430 1.933111
v 10.540890 4.229051 1.693207
v 10.806319 4.231395 2.075891
v 11.037955 4.231188 1.993872
v 10.841981 4.237252 1.824672
v 11.087890 4.175468 2.140960
v 10.977435 4.224347 1.707390
v 11.041397 3.896813 2.123517
v 0.629718 -7.575000 0.567677
v 0.675000 -7.584112 0.647180
v 0.674716 -7.524869 0.587486
v 0.678385 -7.158739 0.636936
v 0.734972 -7.661344 0.535541
v 0.722969 -7.623935 0.725000
v 0.735017 -7.425000 0.450000
v 0.716059 -7.659088 0.454809
v 0.731030 -7.514604 0.571336
v 0.750000 -7.419606 0.675301
v 0.682420 -7.280022 0.611111
v 0.725000 -7.416866 0.568186
v 0.726643 -7.285231 0.679960
v 0.786264 -7.757395 0.185262
v 0.759421 -7.723980 0.323748
v 0.723775 -7.675402 0.375000
v 0.767032 -7.727719 0.542056
v 0.784055 -7.576783 0.574380
v 0.797504 -7.606511 0.669205
v 0.693778 -7.584898 0.664347
v 0.724916 -7.434459 0.630191
v 0.744557 -7.400818 0.516870
v 0.749164 -7.351379 0.599446
v 0.781808 -7.250000 0.475000
v 0.744666 -7.734451 0.162500
v 0.799218 -7.718544 0.483011
v 0.820263 -7.767426 0.300000
v 0.845756 -7.704951 0.671248
v 0.819086 -7.704368 0.542144
v 0.800000 -7.550000 0.688451
v 0.797709 -7.533247 0.625241
v 0.825090 -7.478370 0.568612
v 0.740867 -7.439941 0.668650
v 0.825708 -7.325923 0.625612
v 0.853579 -7.245303 0.642754
v 0.771679 -7.226567 0.596451
v 0.843198 -7.770081 0.200000
v 0.855558 -7.775000 0.625000
v 0.834766 -7.614717 0.615341
v 0.874211 -7.575579 0.625024
v 0.875000 -7.560927 0.575717
v 0.869002 -7.375000 0.626315
v 0.831091 -7.375863 0.575000
v 0.873850 -7.525000 0.673410
v -1.525000 -12.315215 2.075000
v -1.560441 -12.277227 1.841895
v -1.544679 -12.237072 1.964707
v -1.563934 -12.175000 2.075000
v -1.565966 -12.136138 2.025758
v -1.470518 -12.306093 1.691713
v -1.400000 -12.324200 2.100000
v -1.473480 -12.223636 1.821782
v -1.507645 -12.252749 2.035431
v -1.466120 -12.159578 1.991278
v -1.495758 -12.196156 2.018650
v -1.475000 -12.098344 2.025000
v -1.525000 -12.005423 2.025000
v -1.477874 -12.252693 1.895797
v -1.412216 -12.302888 1.865939
v -1.425000 -12.261053 2.011517
v -1.426452 -12.326304 2.072944
v -1.389836 -12.274687 1.923398
v -1.413669 -11.938567 1.975000
v -1.373336 -12.326834 1.825292
v -1.391561 -12.251093 1.788260
v -1.368360 -12.264707 1.876312
v -1.382450 -12.214561 1.682189
v -1.375000 -12.275001 1.632512
v -1.397814 -12.089248 1.899299
v -1.375373 -12.069981 1.829996
v -1.325000 -12.320393 1.782106
v -1.364731 -12.220824 1.728728
v -1.328948 -12.073559 1.790114
v -1.300967 -12.225000 1.887500
v -1.294861 -12.130120 1.806066
v -1.350051 -12.142504 1.925000
v -1.323671 -12.072608 1.874512
v -1.289922 -12.112501 1.725000
v 6.468307 -0.598582 0.926264
v 6.445474 -0.223952 0.920795
v 6.482887 -0.150741 0.882360
v 6.606053 -0.176374 0.931383
v 6.593662 -0.055640 0.873009
v 6.678210 -0.500000 0.924102
v 6.657028 -0.400927 0.943311
v 6.625000 -0.063176 0.875000
v 6.675000 -0.212500 0.906998
v 12.017230 -4.728866 2.122817
v 11.726439 -4.429112 2.122510
v 11.894478 -4.379383 2.112962
v 12.086240 -4.295916 2.125000
v 12.150000 -4.436954 2.125000
v 12.275141 -4.425080 2.125000
v 12.375030 -4.289655 2.107298
v 12.352940 -4.074317 1.928173
v 12.367499 -4.009291 2.141463
v 12.309544 -3.972618 2.172110
v 12.379977 -3.961881 1.876037
v 12.510748 -4.800000 2.120138
v 12.388277 -4.246539 2.003119
v 12.371683 -4.250000 2.125000
v 12.384495 -4.092299 1.830073
v 12.423590 -4.124454 1.930430
v 12.426434 -4.179368 2.125000
v 12.424336 -4.173338 1.727348
v 12.425312 -4.125751 2.064140
v 12.404289 -4.100000 2.150000
v 12.367268 -4.028918 1.729790
v 12.415648 -4.040887 1.890068
v 12.377028 -4.038025 1.975266
v 12.422945 -3.967726 1.722391
v 12.474999 -4.325000 1.769358
v 12.420176 -4.251025 1.717413
v 12.497667 -4.410497 1.873294
v 12.421686 -4.271833 1.797665
v 12.521178 -4.377206 1.810614
v 12.415813 -4.368363 2.152054
v 12.503289 -4.371103 1.954298
v 12.527713 -4.399217 2.073110
v 12.650000 -4.405830 1.851717
v 12.583977 -4.405551 1.874947
v 12.700000 -4.425000 2.093548
v 12.724999 -4.425465 2.075000
v 12.675000 -4.428216 2.125000
v 12.825549 -4.604003 2.164286
v 12.775000 -4.434834 2.025000
v 12.750000 -4.600000 2.162975
v 12.893911 -4.541705 2.135521
v 6.850000 1.603891 -0.050000
v 6.825000 1.603776 -0.025000
v 6.775000 1.596118 0.000000
v 6.875000 1.608438 0.025000
v 5.764032 -1.553825 -0.179757
v 5.775722 -1.550000 -0.275000
v 5.790077 -1.475000 -0.175000
v 5.903346 -1.562078 -0.141093
v 5.911067 -1.512500 0.061804
v 5.971672 -1.522511 -0.070194
v 5.924140 -1.521874 -0.125000
v 6.032354 -1.558588 -0.026519
v 6.125000 -1.505828 -0.075000
v 6.125000 -1.475000 -0.117960
v 6.175000 -1.479988 -0.125000
v 6.091031 -1.473295 -0.128096
v 6.175000 -1.475000 -0.133311
v 6.225000 -1.525168 -0.125000
v 6.225000 -1.525000 -0.125301
v 6.228011 -1.525000 -0.125000
v 6.375000 -1.481190 0.025000
v 12.967912 -1.625000 0.425000
v 13.021320 -1.750000 0.425000
v 12.965020 -1.575000 0.375000
v 12.958236 -1.567421 0.670269
v 13.028033 -2.286304 0.772391
v 13.020168 -2.258113 0.699401
v 13.029753 -2.123526 0.767629
v 13.023814 -2.128009 0.525000
v 13.001970 -2.110612 0.648655
v 13.000168 -2.045432 0.766091
v 13.016723 -2.020301 0.602743
v 12.994750 -1.889587 0.724243
v 13.024318 -1.823807 0.675330
v 13.002668 -1.862500 0.600000
v 13.009039 -1.728045 0.471741
v 13.000826 -1.725000 0.525000
v 12.991413 -1.647532 0.747007
v 12.987129 -1.625000 0.517010
v 13.018531 -2.300000 0.650000
v 12.997800 -2.050000 0.525000
v 13.032446 -1.962235 0.718604
v 13.011494 -1.700610 0.675000
v 4.902315 -8.539242 1.687794
v 4.889283 -8.172549 1.685802
v 4.950452 -8.167107 1.681915
v 5.002785 -8.805640 1.685515
v 5.058073 -8.303979 1.696456
v 5.051223 -8.595768 1.701184
v 5.184648 -8.084417 1.719568
v 5.210440 -8.739085 1.715727
v 5.258528 -8.630269 1.705863
v 5.194223 -8.412114 1.699603
v 5.256463 -8.198243 1.710369
v 5.237404 -8.850000 1.725000
v 5.275000 -8.025001 1.707486
v 5.233692 -7.814528 1.702094
v 5.289505 -8.625000 1.725000
v 5.267882 -8.401136 1.725000
v 5.325090 -7.975009 1.724990
v 5.325000 -7.975215 1.725032
v 4.840419 -7.871189 1.801023
v 4.966947 -7.725977 1.682297
v 4.820323 -7.646566 1.888939
v 4.836699 -7.510938 1.788105
v 4.822457 -7.490153 1.724651
v 4.914029 -7.509382 1.699396
v 5.117921 -7.586605 1.717844
v 5.088387 -7.323164 1.703283
v 5.032846 -7.888951 1.696217
v 5.146684 -7.881057 1.721330
v 5.208527 -7.678603 1.704271
v 5.325000 -7.974788 1.725000
v 5.300295 -7.925000 1.725000
v 5.293303 -7.812500 1.725000
v 5.328156 -7.674358 1.716693
v 5.270904 -7.459555 1.701210
v 5.328587 -7.730462 1.725000
v 5.325017 -7.525000 1.725000
v 12.330285 -3.576750 1.571298
v 12.386790 -3.735301 1.557824
v 12.378861 -3.652667 1.617302
v 12.385432 -3.527057 1.339930
v 12.353545 -3.626944 1.410593
v 12.411248 -3.800000 1.275000
v 12.414669 -3.775000 1.325000
v 12.425000 -3.775000 1.354107
v 12.413003 -3.686922 1.317545
v 12.439104 -3.725000 1.025000
v 12.428252 -3.662309 1.094299
v 12.376496 -3.624172 1.180471
v 12.442066 -3.677487 1.576496
v 12.385933 -3.628990 0.960352
v 12.362004 -3.580889 1.274152
v 12.420384 -3.678941 1.446737
v 12.395097 -3.600000 0.900000
v 12.393085 -3.617188 1.081742
v 12.396832 -3.525114 1.094633
v 12.405084 -3.533686 1.247529
v 12.365710 -3.515767 1.015677
v 12.431152 -3.875000 1.458079
v 12.419989 -3.725000 1.300000
v 12.530785 -3.474631 1.135488
v 12.575843 -3.484526 1.343636
v 12.537665 -3.493749 0.982923
v 12.544995 -3.506549 0.850185
v 12.671325 -3.484489 1.082828
v 12.640779 -3.476779 1.254535
v 12.620185 -3.483015 0.900000
v 12.635227 -3.476485 1.471092
v 12.675487 -3.459545 1.174516
v 12.628167 -3.323464 1.219991
v 12.683151 -3.343742 1.136204
v 12.664677 -3.469842 0.995378
v 12.724999 -3.476612 1.033108
v 12.725641 -3.475588 1.375091
v 12.682047 -3.425000 1.075000
v 12.724999 -3.453362 1.225000
v 12.681308 -3.357950 1.399402
v 12.748721 -3.416530 1.470224
v 12.700678 -3.394402 1.198732
v 12.698405 -3.334137 1.290292
v 12.787499 -3.489636 0.975000
v 12.720628 -3.451476 1.281663
v 12.775000 -3.475000 1.338309
v 12.797932 -3.453770 1.310928
v 12.775348 -3.429165 1.563379
v 12.724999 -3.483625 1.110642
v 12.799999 -3.448802 1.242921
v 12.694925 -3.336177 1.573308
v 12.775000 -3.325000 1.169087
v 12.801864 -3.263106 1.263310
v 12.789994 -3.283116 1.394074
v 12.804098 -3.475569 1.533531
v 12.810149 -3.441774 1.430028
v 12.812955 -3.499225 1.597705
v 12.828381 -3.355091 1.270604
v 12.826674 -3.321338 1.427001
v 12.825559 -3.295402 1.535454
v 7.079102 2.575000 -0.134016
v 7.053075 2.623550 -0.142582
v 7.007752 2.650000 -0.161496
v 7.097199 2.557355 0.014116
v 7.125000 2.661387 -0.125000
v 5.552391 -3.450209 1.222251
v 5.839458 -3.574653 1.213789
v 5.575000 -3.575000 1.207772
v 5.907173 -3.534569 1.282633
v 6.050000 -3.575000 1.283388
v 6.073195 -3.480085 1.224595
v 5.875000 -3.625000 1.223915
v 6.054086 -3.523955 1.277132
v 6.254176 -3.558441 1.202237
v 6.225000 -3.575000 1.289303
v 6.225000 -3.583789 1.225000
v 6.222154 -3.519173 1.162565
v 6.203765 -3.523881 1.295662
v 6.255008 -3.575000 0.900000
v 6.259914 -3.517035 0.926128
v 6.276425 -3.586725 1.390239
v 6.271122 -3.520359 0.875000
v 6.365292 -3.726308 1.424451
v 6.375000 -3.675184 1.375000
v 6.339737 -3.649423 1.552485
v 6.269645 -3.475000 1.025000
v 6.287720 -3.484743 1.084237
v 6.245509 -3.478920 1.266384
v 7.975000 -6.275000 2.137075
v 8.202016 -6.279852 2.118898
v 8.100000 -6.304290 2.125000
v 8.299974 -6.386416 2.125000
v 8.415823 -6.264557 2.125000
v 8.417346 -6.316485 2.119637
v 8.418903 -6.116139 2.075000
v 8.472754 -6.125153 2.061364
v 8.452497 -5.975773 2.121577
v 8.474999 -6.325000 2.113938
v 8.474999 -6.075000 2.112030
v 8.474999 -6.025000 2.110381
v 8.474999 -6.140446 2.075000
v 8.474999 -6.103042 2.075000
v 8.525000 -6.025000 2.121695
v 8.620901 -6.403090 2.123600
v 8.737284 -5.641770 1.995716
v 8.769821 -5.619188 2.022706
v 9.734838 -4.578464 2.118666
v 9.696905 -4.724684 2.122080
v 9.681480 -4.042714 2.117962
v 9.827504 -4.534621 2.166246
v 9.869033 -4.363903 2.121946
v 9.714503 -4.124872 2.132054
v 9.896986 -4.042854 2.113214
v 9.900348 -4.658745 2.093671
v 9.932507 -4.278346 2.133722
v 10.005576 -4.114889 2.116162
v 10.194561 -4.323499 2.127007
v 9.963225 -4.470201 2.136191
v 10.051445 -4.033187 2.113711
v 10.011511 -4.658104 2.146978
v 10.325000 -4.275000 2.141775
v 10.184485 -4.157045 2.098010
v 10.268598 -4.690000 2.113754
v 10.154875 -4.405313 2.112684
v 10.082528 -4.166829 2.127484
v 10.266829 -4.175000 2.125000
v 10.107744 -4.075000 2.132142
v 10.295177 -4.100000 2.128529
v 10.398202 -4.314389 2.122788
v 10.341506 -4.130249 2.102539
v 10.395905 -4.045014 2.125566
v 10.304652 -4.792635 2.103039
v 10.425000 -4.675000 2.119020
v 10.325614 -4.552945 2.118048
v 10.499117 -3.709847 2.117299
v 10.474808 -3.599250 2.112885
v 10.426257 -3.876996 2.131702
v 10.635676 -3.764375 2.125000
v 10.671655 -3.861224 2.117194
v 10.892171 -3.680373 2.118414
v 10.639862 -3.326982 2.137444
v 10.771705 -4.001257 2.125000
v 10.936772 -3.547898 2.123874
v 10.998146 -3.433305 2.157830
v 10.925000 -3.897010 2.125000
v 10.905994 -3.860292 2.125000
v 10.925000 -3.875000 2.119679
v 11.014423 -3.804773 2.103444
v 10.825000 -3.684144 2.125000
v 10.865415 -3.342408 2.147331
v 11.067975 -4.000447 2.115608
v 10.958253 -3.875000 2.125000
v 11.075000 -3.769389 2.125000
v 10.962395 -3.809929 2.126599
v 10.984539 -3.680237 2.125000
v 11.087210 -3.921961 2.123277
v 11.132665 -3.542822 2.094979
v 11.086451 -3.598289 2.088304
v 11.117269 -3.589195 1.954713
v 11.088561 -3.223165 2.146149
v 11.061718 -3.675000 2.125093
v 11.126863 -3.623288 1.837330
v 11.115710 -3.573631 1.741045
v 12.161767 1.486700 2.150886
v 12.175904 0.797840 2.147548
v 12.496140 0.935071 2.157943
v 12.228293 1.208900 2.153098
v 12.352431 1.010140 2.147767
v 12.463370 1.235206 2.164361
v 12.588876 1.505786 2.165125
v 12.708673 1.066685 2.171349
v 12.906906 1.283143 2.165574
v 12.684059 1.229175 2.170863
v 10.532084 -2.807245 2.129764
v 10.632475 -3.186309 2.132802
v 10.601172 -2.561607 2.143934
v 10.650272 -2.956765 2.139188
v 10.805805 -2.893709 2.158667
v 10.866751 -2.497979 2.141055
v 10.824869 -3.082422 2.134704
v 10.996301 -2.694455 2.146856
v 11.050846 -2.418007 2.149314
v 11.118376 -2.772328 2.122874
v 11.116410 -2.985176 2.143057
v 10.452387 -8.300001 2.121952
v 10.356180 -8.169247 2.104059
v 10.474999 -8.149574 2.075000
v 10.474999 -8.125001 2.082547
v 10.492591 -8.278765 2.083790
v 10.525000 -8.284027 2.069705
v 10.525000 -8.175000 2.076527
v 10.519064 -8.175000 2.075000
v 10.575000 -8.175000 2.086415
v 10.687500 -8.762501 2.149857
v 10.753022 -8.538635 2.090190
v 10.665117 -8.467090 2.100000
v 10.749678 -8.486704 2.079928
v 10.819474 -8.637947 2.075000
v 10.830960 -8.700001 2.125000
v 10.850000 -8.075001 2.089008
v 10.974999 -8.132715 2.081695
v 11.039060 -8.126891 2.130524
v 11.109272 -8.142454 2.090163
v 9.705126 -1.704766 2.150937
v 9.680549 -2.136156 2.135177
v 9.884314 -2.385536 2.139091
v 10.030339 -1.916878 2.124166
v 10.184116 -1.661702 2.153795
v 10.232372 -1.814460 2.149706
v 10.261833 -2.105387 2.129934
v 10.417150 -1.905610 2.119309
v 10.525000 -1.829226 2.125000
v 10.575000 -1.825000 2.125000
v 10.575000 -1.825000 2.125000
v 10.625000 -1.825000 2.125023
v 10.591166 -2.355362 2.128426
v 10.692091 -1.610992 2.121159
v 10.715969 -2.106147 2.133064
v 10.772726 -1.938344 2.121270
v 10.646640 -1.782717 2.122146
v 10.862895 -2.381694 2.120638
v 10.990190 -1.746227 2.138619
v 10.995790 -2.250345 2.151195
v 11.107464 -1.945079 2.143589
v 11.314657 -1.613006 2.129436
v 4.911395 -3.425000 0.075000
v 4.925000 -3.427805 0.125000
v 4.925000 -3.425000 0.109222
v 4.925000 -3.375000 0.075800
v 5.028764 -3.417978 0.597790
v 4.924036 -3.374586 0.075000
v 4.975000 -3.431757 0.075000
v 4.948836 -3.425000 0.075000
v 4.975282 -3.445822 0.482685
v 4.926387 -3.375000 0.075000
v 4.925000 -3.436000 0.425000
v 4.925000 -3.409376 0.525000
v 5.025000 -3.430460 0.125000
v 5.125000 -3.425000 0.275588
v 5.163104 -3.421642 0.412118
v 5.123209 -3.420578 0.240345
v 5.187500 -3.433733 0.037500
v 5.112500 -3.430852 0.200000
v 5.100000 -3.430401 0.375000
v 5.095481 -3.423073 0.498303
v 5.193342 -3.419586 0.636537
v 5.250000 -3.436285 0.362500
v 5.200000 -3.407023 0.475000
v 10.474999 -4.725000 2.115284
v 10.474999 -4.675000 2.125000
v 10.475000 -4.675000 2.125000
v 10.474999 -4.675000 2.125000
v 10.474999 -4.675000 2.125000
v 10.474999 -4.625000 2.114257
v 10.502803 -4.577399 2.107955
v 10.482461 -4.198388 2.089739
v 10.490344 -4.127491 2.120690
v 10.474999 -4.675000 2.125000
v 10.525000 -4.675000 2.118223
v 10.633779 -4.572395 2.117039
v 10.571757 -4.328110 2.103547
v 10.586767 -4.768273 2.105428
v 10.767766 -4.671840 2.121568
v 10.700234 -4.491372 2.127853
v 10.708337 -4.364475 2.110851
v 10.692270 -4.156076 2.114723
v 10.878464 -4.339068 2.109367
v 11.029934 -4.217743 2.125000
v 10.900000 -4.104594 2.125000
v 10.941233 -4.066659 2.125000
v 11.057769 -4.498712 2.112780
v 10.969355 -4.350000 2.125000
v 10.837500 -4.640625 2.119263
v 11.002151 -4.007413 2.125000
v 11.162710 -4.577987 2.123776
v 11.445472 -4.175000 2.125000
v 7.286021 -8.620955 2.118390
v 7.325000 -8.431623 2.125000
v 7.323847 -8.550670 2.125000
v 7.333430 -8.491814 2.125000
v 7.275000 -8.217501 2.125000
v 7.475897 -8.749896 2.099443
v 7.335474 -8.378134 2.125000
v 7.412479 -8.369046 2.114850
v 7.449532 -8.508605 2.119877
v 7.674762 -8.637112 2.106442
v 7.597873 -8.090477 2.121598
v 7.696183 -8.281671 2.118279
v 7.831167 -8.000461 2.113701
v 7.752746 -8.195086 2.103159
v 7.881330 -8.273767 2.118073
v 7.824635 -8.475838 2.127345
v 7.949766 -8.125148 2.106751
v 7.952821 -8.211648 2.117710
v 8.316545 -9.559871 1.929313
v 8.180189 -9.556939 1.714594
v 8.103415 -9.557655 2.059089
v 8.129972 -9.479953 2.158365
v 8.025000 -8.893500 2.125000
v 8.341699 -8.929755 2.114425
v 8.315669 -9.510159 2.130387
v 8.247929 -9.298645 2.142965
v 8.376185 -9.385209 2.139202
v 8.445424 -9.569565 1.762467
v 8.578125 -9.328126 2.132047
v 8.507834 -9.558365 1.878321
v 8.557457 -9.449790 2.122645
v 8.594868 -8.918897 2.110515
v 8.711078 -8.830762 2.124939
v 8.536139 -9.556906 1.699994
v 8.647862 -9.471155 2.092277
v 8.707118 -9.554016 1.723092
v 8.877909 -9.504337 2.154426
v 8.557047 -9.100412 2.125000
v 8.816449 -9.572839 1.874875
v 10.117256 -6.279521 2.119954
v 10.183175 -6.151076 2.125000
v 10.063883 -5.687500 2.121588
v 10.206221 -6.223771 2.116470
v 10.228030 -5.675000 2.075000
v 10.325000 -6.329726 2.125000
v 10.325000 -6.375000 2.123213
v 10.250000 -6.308489 2.122166
v 10.372153 -6.275000 2.125000
v 10.319508 -6.060463 2.125000
v 10.343325 -6.121840 2.111831
v 10.375000 -5.703900 2.075000
v 10.329708 -6.377810 2.125000
v 10.375000 -6.268832 2.125000
v 10.401462 -5.721191 2.092582
v 10.500000 -6.226306 2.124202
v 8.654612 -3.522080 1.721277
v 8.681065 -3.522254 1.362311
v 8.769347 -3.636366 1.261780
v 8.682924 -3.578809 1.429196
v 8.748610 -3.623701 1.500519
v 8.775000 -3.653821 1.175000
v 8.856789 -3.692167 1.399760
v 8.710565 -3.525000 1.125000
v 8.820390 -3.510010 1.459857
v 8.869204 -3.705554 1.539433
v 8.875000 -3.725000 1.334827
v 8.907909 -3.521411 1.303825
v 8.951548 -3.676819 1.487500
v 8.903129 -3.672980 1.490506
v 9.004256 -3.575000 1.525000
v 8.937500 -3.533867 1.275000
v 8.928988 -3.535043 1.531997
v 10.470911 4.230347 1.075837
v 10.348631 4.247260 1.272981
v 10.522150 4.219619 1.324170
v 10.539662 4.241696 0.917603
v 10.481469 4.238461 1.364515
v 10.768749 4.241842 0.925000
v 10.680747 4.241654 1.573777
v 10.694870 4.246837 1.294049
v 10.717657 4.243333 1.143946
v 10.797323 4.239422 1.488873
v 10.844153 4.237641 0.873860
v 10.874319 4.231291 1.220473
v 10.968750 4.239104 0.968750
v 10.916812 4.241248 1.398741
v 10.989907 4.226040 1.128321
v 11.150000 4.231112 0.950000
v 11.235253 4.238388 1.635605
v 11.218403 4.243867 1.053532
v 10.968575 4.244821 1.073011
v 11.198685 4.238885 1.399123
v 11.285733 3.674915 2.142411
v 11.099101 3.756243 2.146038
v 11.381108 3.343045 2.128095
v 11.330919 3.914733 2.126719
v 11.556994 3.334207 2.157481
v 11.398017 3.579769 2.152779
v 11.436630 3.836808 2.125704
v 11.583108 3.798735 2.126971
v 11.563149 3.530048 2.144915
v 11.675367 3.318301 2.126748
v 11.761221 3.515137 2.136206
v 11.751363 3.716205 2.161187
v 11.801399 3.889992 2.142102
v 11.812356 3.258997 2.147796
v 11.799819 3.373541 2.120494
v 11.892419 3.651672 2.147302
v 11.325000 4.242180 0.937500
v 11.309332 4.240027 1.241433
v 11.408490 4.236645 0.966592
v 11.537500 4.241661 1.025000
v 11.394113 4.235525 1.116353
v 11.537052 4.242832 1.419788
v 11.275846 4.235927 1.543875
v 11.425000 4.232389 0.925000
v 11.474825 4.223821 0.924443
v 11.474999 4.227112 0.875000
v 11.475952 4.225000 0.926389
v 11.541484 4.224276 1.574983
v 11.603538 4.237926 1.102895
v 11.562942 4.238138 1.198711
v 11.828125 4.239821 1.162500
v 11.799999 4.234364 0.925000
v 11.785903 4.237236 0.984076
v 11.718252 4.244740 1.287168
v 11.825000 4.241708 0.825000
v 11.799999 4.229012 0.875000
v 11.750000 4.243695 0.987500
v 11.714170 4.233070 1.526636
v 11.924999 4.240608 0.960021
v 11.900000 4.242542 1.075000
v 11.985941 4.240221 1.428594
v 11.973704 4.251131 1.505179
v 11.973282 4.242938 1.060013
v 11.880814 4.262508 1.269737
v 12.025000 4.237011 0.925000
v 12.962596 -4.725644 2.089700
v 12.903118 -4.674476 2.175000
v 13.037133 -4.525000 2.090301
v 13.041783 -4.700513 2.053915
v 13.022078 -4.525000 1.775000
v 13.003659 -4.574924 2.087454
v 13.058111 -4.647782 1.718292
v 13.069327 -4.775399 1.664000
v 13.074452 -4.630881 1.904745
v 13.015455 -4.678095 2.152353
v 13.051215 -4.621913 1.834594
v 13.076472 -4.576459 2.023178
v 13.074332 -4.580837 1.759515
v 13.078882 -4.577681 1.935650
v 13.054350 -4.593750 1.568750
v 13.070782 -4.525000 1.850000
v 9.906010 -3.563984 1.316583
v 9.943398 -3.634835 1.350570
v 9.932820 -3.621617 1.510438
v 9.935483 -3.625000 1.125000
v 9.905295 -3.575000 1.250000
v 9.917911 -3.570204 1.089991
v 9.935334 -3.532341 1.439183
v 9.986439 -3.675000 1.375000
v 10.048519 -3.700490 1.538300
v 9.957926 -3.565228 1.025000
v 10.096786 -3.732332 1.622257
v 9.977568 -3.540640 1.202162
v 10.087500 -3.545188 1.187500
v 10.021124 -3.526919 1.426012
v 10.175000 -3.702394 1.625000
v 10.062500 -3.555583 1.350000
v 10.175000 -3.556272 1.537500
v 12.859165 -3.396606 1.485658
v 12.884457 -3.419504 1.325000
v 12.825000 -3.397284 1.272793
v 12.915663 -3.379422 1.417044
v 12.833245 -3.375969 1.376740
v 12.880077 -3.423884 1.571610
v 12.821254 -3.281922 1.211775
v 12.836671 -3.265217 1.582783
v 12.835243 -3.475000 1.375000
v 12.921743 -3.424499 1.374810
v 12.925000 -3.425000 1.623870
v 12.905564 -3.529275 1.522480
v 12.966190 -3.514359 1.481952
v 12.956665 -3.264036 1.363468
v 12.973029 -3.229272 1.251986
v 12.965702 -3.226864 1.374112
v 13.009685 -3.491588 1.507257
v 12.955077 -3.495531 1.584062
v 12.992222 -3.245385 0.971526
v 13.023927 -3.226351 1.171672
v 13.051810 -3.316797 1.200841
v 12.993262 -3.236272 1.308096
v 13.010207 -3.235538 1.574654
v 12.997396 -3.226952 1.098572
v 12.994380 -3.275000 1.375000
v 13.023507 -3.228471 0.914686
v 13.000412 -3.205199 1.439329
v 13.077885 -3.489003 1.506194
v 13.082518 -3.475000 0.925000
v 13.042027 -3.300000 1.062373
v 13.043987 -3.492181 1.425000
v 13.073812 -3.366573 1.540996
v 13.052755 -3.325603 0.967405
v 13.075000 -3.321477 1.286076
v 13.076271 -3.375000 1.425000
v 12.980607 -3.237571 1.471903
v 13.050793 -3.161156 1.006363
v 13.024433 -3.128884 0.894665
v 13.077720 -3.107004 1.125590
v 13.092048 -3.458940 0.983847
v 13.080006 -3.475000 1.025000
v 13.075000 -3.402655 1.175000
v 12.959997 -3.030352 1.420134
v 12.961805 -2.842516 1.424401
v 12.942193 -2.768781 1.423553
v 12.930817 -2.717082 1.522333
v 12.959052 -2.455671 0.973294
v 12.937916 -2.469032 1.091331
v 12.964709 -2.452110 1.152918
v 12.972126 -3.113884 1.423380
v 13.027718 -3.096345 1.058303
v 13.083376 -3.084818 1.241687
v 13.061815 -3.028212 1.226858
v 13.018747 -2.877526 0.923464
v 12.999644 -2.995508 0.986096
v 13.010937 -2.980030 1.165882
v 13.007660 -2.818302 1.016865
v 13.032317 -2.960436 1.257479
v 12.965499 -2.777159 1.524759
v 12.960633 -2.759312 1.628441
v 13.002001 -2.815205 1.360724
v 13.021969 -2.696431 1.135583
v 13.020147 -2.671901 1.021386
v 13.027981 -2.574634 0.969112
v 12.977024 -2.588139 1.024965
v 13.034670 -2.571801 1.476759
v 13.031546 -2.558935 1.562319
v 12.972927 -2.491407 1.018262
v 12.985734 -2.403311 1.256680
v 13.018712 -2.394402 1.391438
v 13.008015 -3.162903 1.331970
v 13.033952 -3.051833 1.165064
v 13.032725 -2.976416 1.116218
v 13.081234 -2.891450 1.224990
v 13.026049 -2.799868 0.951205
v 13.049452 -2.764308 1.262046
v 13.025000 -2.820630 0.856197
v 13.029597 -2.787350 1.134034
v 13.070935 -2.669391 1.220790
v 13.083761 -2.639116 1.298855
v 13.032297 -2.571661 1.111450
v 13.069758 -2.599339 1.382253
v 13.056375 -2.504057 1.297088
v 13.076639 -2.473008 1.433801
v 13.081573 -2.412648 1.560799
v 13.168350 -3.081502 1.219947
v 13.169576 -2.485939 1.421770
v 13.156886 -3.125918 1.120095
v 13.175000 -3.118372 1.125000
v 13.145817 -2.609258 1.324659
v 13.125217 -2.422068 1.424746
v 13.224999 -3.138386 1.175000
v 13.227974 -3.117786 1.196403
v 13.224999 -3.124383 1.125000
v 13.228513 -3.125000 1.125000
v 13.275000 -3.125845 1.175000
v 13.275000 -3.125000 1.171245
v 13.276022 -3.124866 1.175001
v 12.810122 -3.186476 2.184340
v 12.917290 -2.809670 2.151405
v 12.757858 -3.092402 2.169756
v 12.873775 -3.067894 2.128318
v 12.944007 -2.539934 2.131883
v 12.969803 -3.109113 1.862340
v 12.894588 -3.169847 2.183011
v 12.954343 -3.002198 2.072366
v 12.953500 -2.972063 1.607799
v 12.993672 -2.856476 1.785181
v 12.963982 -2.765769 1.831391
v 12.989713 -2.892734 1.620151
v 12.973819 -2.986035 1.946100
v 13.024934 -2.853477 2.073689
v 12.998536 -2.636232 1.801662
v 12.995124 -2.754300 2.108617
v 12.990816 -2.503585 1.905780
v 13.012858 -2.598372 2.028410
v 13.014580 -2.493547 1.653645
v 12.976536 -2.366469 1.872686
v 13.048655 -2.365347 1.689395
v 11.315144 -2.245986 2.146003
v 11.337331 -1.816758 2.140311
v 11.511076 -1.642905 2.128068
v 11.547400 -2.031902 2.139653
v 11.748606 -2.430215 2.160318
v 11.721231 -2.074198 2.144423
v 11.797450 -1.690988 2.138559
v 11.701900 -2.275922 2.148836
v 11.883114 -1.964427 2.129942
v 11.360791 -1.471823 2.154372
v 11.600017 -0.998727 2.142452
v 11.285101 -1.114841 2.125849
v 11.411188 -0.813062 2.150564
v 11.657882 -1.139135 2.137989
v 11.742230 -1.258503 2.137797
v 11.876661 -0.945666 2.145442
v 11.790323 -1.524155 2.148147
v 12.089060 -1.174502 2.139276
v 10.542506 -9.587584 1.582615
v 10.540787 -9.585996 1.767124
v 10.667739 -9.557589 1.755879
v 10.700000 -9.589137 2.015458
v 10.474999 -9.526152 2.125000
v 10.518670 -9.218020 2.121238
v 10.527802 -8.841866 2.125642
v 10.549497 -9.383885 2.074908
v 10.556602 -8.997198 2.111704
v 10.498998 -9.578477 1.911494
v 10.574936 -9.474958 2.125000
v 10.553154 -9.258023 2.073000
v 10.582026 -9.151033 2.071463
v 10.638617 -9.171654 2.127272
v 10.643035 -9.552216 1.903828
v 10.539713 -9.512042 2.095190
v 10.681836 -9.064088 2.071412
v 10.623605 -9.552446 1.639243
v 10.711788 -9.541301 1.936770
v 10.675000 -9.558651 2.100000
v 10.625000 -9.448991 2.065037
v 10.739222 -9.253412 2.041294
v 10.724084 -9.176240 2.082860
v 10.715610 -8.889635 2.126526
v 10.750000 -9.542566 1.675000
v 10.736072 -8.956066 2.082642
v 10.691724 -8.784081 2.156979
v 10.750000 -9.300001 2.041180
v 10.774955 -9.040385 2.079159
v 10.825000 -8.865033 2.075000
v 10.817360 -8.825001 2.125000
v 10.811569 -8.919004 2.086507
v 10.882034 -9.180358 2.057875
v 10.935739 -9.066948 2.067455
v 10.925000 -9.225000 2.036600
v 11.000000 -9.025001 2.073753
v 10.950000 -9.124414 2.080958
v 10.612500 4.250549 0.756250
v 10.787500 4.260904 0.775000
v 10.875000 4.253430 0.600000
v 10.825000 4.249522 0.575000
v 10.775000 4.253245 0.550000
v 10.825000 4.258292 0.625000
v 10.825000 4.253200 0.662500
v 10.981250 4.256065 0.731250
v 10.931815 4.255911 0.695809
v 11.224999 4.243339 0.725000
v 11.224999 4.252660 0.775000
v 11.175000 4.242511 0.775000
v 9.600000 -8.550001 2.113984
v 9.799999 -8.547353 2.123566
v 9.825000 -8.575001 2.117991
v 9.825000 -8.650001 2.108094
v 9.875000 -8.625001 2.115407
v 9.875000 -8.575001 2.122217
v 9.925000 -8.675000 2.105677
v 10.366473 -8.142529 2.102229
v 10.351006 -8.050001 2.113904
v 10.474999 -8.075001 2.099682
v 9.675000 -6.960974 2.067867
v 9.675000 -7.136352 2.075000
v 10.275000 -6.375000 2.123864
v 10.356865 -6.830694 2.125000
v 10.424454 -6.877256 2.085603
v 10.424999 -6.650000 2.112816
v 6.541028 -9.625001 0.725000
v 6.575000 -9.623535 0.675000
v 6.443750 -9.610729 0.750000
v 6.575000 -9.615751 0.750000
v 6.625000 -9.675000 0.823584
v 6.675000 -9.690611 0.775000
v 6.609575 -9.635975 0.775000
v 6.827139 -9.715721 0.772422
v 6.837500 -9.725302 0.737500
v 7.050000 -9.705564 0.750000
v 8.087500 -9.639570 0.725000
v 8.128737 -9.653871 0.769503
v 8.202448 -9.653197 0.687500
v 8.381250 -9.615476 0.750000
v 8.625000 -9.602391 0.750000
v 8.582467 -9.602420 0.724954
v 8.675000 -9.610426 0.675000
v 1.706608 -9.564880 0.675989
v 1.771394 -9.568847 0.442014
v 1.676467 -9.623785 0.574514
v 1.763092 -9.577119 0.654676
v 1.771806 -9.576750 0.527083
v 1.735898 -9.585595 0.746620
v 1.778417 -9.591593 0.350000
v 1.975000 -9.577538 0.675000
v 2.075000 -9.581276 0.644980
v 2.054645 -9.574290 0.681915
v 2.292648 -9.527844 0.488270
v 2.260396 -9.558830 0.632487
v 1.829866 -9.525168 0.576284
v 1.828612 -9.487271 0.719817
v 1.850000 -9.500668 0.500000
v 1.891609 -9.519428 0.629178
v 1.868796 -9.472327 0.575000
v 2.080110 -9.516054 0.766844
v 2.187585 -9.527823 0.771144
v 2.266706 -9.580743 0.710589
v 2.210318 -9.575909 0.487500
v 2.366271 -9.527040 0.634022
v 2.453909 -9.469937 0.772512
v 2.375000 -9.473219 0.462500
v 3.146290 -9.617345 0.695148
v 3.154301 -9.622944 0.547656
v 3.076709 -9.557220 0.425000
v 3.194842 -9.625001 0.275000
v 2.439946 -9.473825 0.645428
v 2.525000 -9.470522 0.425000
v 2.542504 -9.484090 0.629148
v 2.574483 -9.480931 0.425733
v 2.541490 -9.475000 0.475000
v 2.634827 -9.534595 0.671305
v 2.600000 -9.474461 0.400000
v 2.525000 -9.450904 0.525000
v 2.769151 -9.523253 0.758701
v 2.703441 -9.539799 0.527830
v 2.811027 -9.550663 0.648717
v 2.986119 -9.523215 0.541877
v 2.859352 -9.536294 0.840454
v 2.725000 -9.557519 0.475000
v 2.898075 -9.525865 0.599614
v 2.975000 -9.519108 0.295260
v 2.928449 -9.522930 0.388551
v 3.030579 -9.539842 0.651103
v 3.011319 -9.513005 0.448085
v 10.416357 -6.891935 2.125000
v 10.486628 -6.668476 2.116125
v 10.474999 -6.875000 2.092171
v 10.525000 -6.601677 2.125000
v 10.382832 -6.325000 2.125000
v 10.575000 -6.652055 2.116229
v 10.579430 -6.510731 2.118350
v 10.562922 -6.475000 2.123351
v 10.724999 -6.575000 2.109567
v 10.974999 -7.122960 2.125000
v 11.153885 -7.100000 2.125000
v 11.090614 -7.155457 2.103099
v 11.075000 -6.975000 2.123439
v 11.075000 -6.925000 2.118779
v 11.106194 -7.025000 2.125000
v 11.074459 -6.975563 2.125000
v 11.125000 -6.925000 2.116797
v 11.159840 -7.033306 2.068989
v 11.230058 -7.052473 2.098055
v 8.925000 4.273067 0.175000
v 8.925000 4.275000 0.166407
v 9.000000 4.274794 0.750000
v 8.950537 4.275000 0.125000
v 8.974999 4.275000 0.167187
v 8.974999 4.260342 0.375000
v 8.950000 4.273839 0.350000
v 8.974999 4.276343 0.175000
v 9.025000 4.275000 0.343244
v 8.974999 4.262201 0.425000
v 8.962992 4.279346 0.813130
v 9.025000 4.277853 0.325000
v 9.001866 4.266298 0.137500
v 9.025000 4.260203 0.375000
v 9.156060 4.263217 0.204132
v 9.200000 4.271677 0.775000
v 9.224999 4.275000 0.150933
v 9.162500 4.271530 0.275000
v 9.263391 4.269077 0.193304
v 9.400000 4.252717 0.700000
v 9.341046 4.266041 0.827053
v 9.500000 4.264590 0.100000
v 9.337866 4.263514 0.216199
v 9.325000 4.262752 0.281250
v 9.534597 4.272571 0.611260
v 9.451802 4.277186 0.221568
v 9.461105 4.270483 0.724181
v 9.576652 4.271851 0.161860
v 9.616113 4.251781 0.685424
v 11.799999 4.248452 0.775000
v 11.875000 4.244130 0.825000
v 4.825892 2.212837 0.600000
v 4.852221 2.137789 0.928987
v 4.874914 2.174650 0.873202
v 4.940717 2.186797 0.928773
v 5.216682 -7.811540 -0.098112
v 5.175000 -7.860496 -0.025000
v 5.175000 -7.899641 -0.125000
v 5.222081 -7.780631 -0.112500
v 5.229648 -7.787353 -0.175000
v 5.244366 -7.625000 -0.025000
v 9.421551 -1.250000 0.048972
v 9.431188 -1.200000 -0.113177
v 9.478305 -1.175000 -0.075000
v 9.474999 -1.175000 -0.082484
v 9.497856 -1.100000 -0.100000
v 9.495849 -1.019860 -0.046613
v 9.449699 -1.000582 -0.061001
v 5.024489 -3.423066 -0.066237
v 4.962500 -3.431079 0.041236
v 4.999379 -3.427118 -0.125000
v 5.110896 -3.439578 -0.107267
v 5.075000 -3.414778 -0.025000
v 5.100000 -3.430998 -0.167238
v 5.200000 -3.436912 -0.200000
v 5.206545 -3.430161 -0.006732
v 5.275000 -3.428224 -0.125000
v 5.275000 -3.439490 -0.025000
v 7.464581 -0.300831 -0.158549
v 7.402283 -0.311233 -0.260112
v 7.471296 -0.236602 -0.246773
v 7.475000 -0.175000 0.026643
v 7.449503 -0.125000 -0.025000
v 7.475000 -0.125000 0.008488
v 7.528034 -0.723738 -0.164900
v 7.528932 -0.696248 -0.208701
v 7.573282 -0.722984 -0.250372
v 7.910698 -0.167771 -0.165443
v 7.850000 -0.194385 -0.163556
v 7.925000 -0.158406 -0.175000
v 7.970981 -0.177091 -0.175000
v 8.025000 -0.275000 -0.156000
v -2.477789 -11.592804 1.200000
v 8.025000 1.673032 0.025000
v -3.575000 -9.037716 0.525000
v 8.811273 -0.550000 0.014368
v 11.275000 4.256730 0.825000
v 8.166229 4.268813 0.887124
v 12.380377 -1.279023 2.174099
v 3.926786 4.080266 -0.484002
v -0.355622 -3.152360 -0.442603
v 7.747091 4.275457 0.711432
v -1.996633 0.018208 -0.625774
v -0.322749 2.790576 -0.328484
v 0.015736 2.706730 -0.687855
v -0.026854 4.079158 -0.289551
v 10.003044 -4.836341 2.131952
v 10.483152 -4.930485 2.106119
v 0.123186 -3.135503 -0.435438
v 4.413717 4.152954 1.316285
v -0.550024 -9.678976 0.928986
v 7.781829 -3.575797 1.548150
v 0.176418 3.887060 -0.844259
v 11.131402 -1.078736 0.089091
v -3.577224 -11.089859 0.899421
v 12.921422 3.762861 1.445659
v 1.782481 -3.075128 -0.425402
v 9.824352 -3.927113 2.122234
v 5.374163 -9.627440 0.517724
v 12.076594 0.027346 2.126441
v 1.497795 -2.981802 -0.531354
v 7.613390 -4.760392 2.127103
v 7.704068 -7.014230 2.117183
v 8.585464 -5.425487 2.080417
v 8.775062 -5.424649 2.074629
v 4.047484 -1.113743 -0.651652
v 13.031185 -8.774231 1.388468
v 9.424778 2.845201 2.166058
v 12.752341 -0.351939 0.794834
v 12.922345 -0.068135 1.019935
v 13.032587 -0.165967 1.082637
v 8.876920 -9.583748 1.029434
v 8.862050 -9.586402 1.237082
v 12.330559 4.258447 1.182254
v 7.887537 -9.437673 2.172059
v 8.577476 -6.697797 2.128070
v -3.576307 -11.207776 1.126032
v 9.828291 -1.410203 0.301288
v 9.481962 4.263326 0.975656
v -2.727602 -4.130183 1.422970
v -3.581532 -10.681428 1.493291
v 9.602464 -6.976249 2.089757
v 13.076025 -7.878149 2.024457
v 13.084222 -7.768432 1.920856
v -1.372584 -7.815794 0.471435
v 10.843459 -4.951002 2.123462
v 13.115766 -6.048166 1.300550
v 12.420614 -3.832092 1.497239
v 8.753426 -5.696814 2.005166
v 9.810781 -4.202242 2.118376
v 10.060723 -4.716805 2.109046
v 8.022129 -8.613631 2.122561
v 13.034835 -2.829882 0.869136
v 13.228205 -3.125053 1.124785
v 3.073945 -9.555140 0.509554
v 8.325000 4.272328 0.125000
v 8.365304 4.269036 0.300000
v 8.474999 4.285274 0.675000
v 8.775000 4.275000 0.247448
v 8.812500 4.275332 0.725000
v 2.510908 3.327793 -0.252284
v 2.652361 3.938628 -0.380464
v 2.748500 3.931814 -0.378216
v 3.008901 3.616866 -0.224525
v 3.072302 3.601679 -0.281170
v 3.064978 3.667210 -0.362307
v 3.074931 3.768175 -0.372431
v 3.176355 3.396445 -0.348319
v 3.237876 3.388908 -0.317417
v 3.469463 3.632248 -0.334839
v 3.470424 3.529623 -0.277953
v 3.946952 3.467637 -0.475439
v -2.875000 -11.021772 0.525000
v 2.722783 3.208751 -0.881726
v 2.690674 3.331528 -0.842994
v 2.709552 3.089573 -0.849962
v 2.776945 3.083366 -0.352389
v 2.761794 3.023108 -0.393064
v 12.007641 3.114726 2.168587
v 12.400000 2.776229 2.167399
v 12.496356 2.825000 2.175000
v 12.575000 3.050000 2.157262
v -1.270874 -6.705409 0.609023
v -1.276874 -6.541301 0.584483
v -1.226543 -6.931631 0.590453
v -1.270874 -6.705409 0.609023
v -1.269167 -6.639574 0.571421
v -1.204467 -6.441275 0.525000
v -1.204467 -6.441275 0.525000
v -1.204641 -6.675983 0.615097
v 9.474999 -9.375001 2.134226
v -0.267622 -3.079606 -0.120150
v -0.297491 -2.711959 -0.503228
v -0.266933 -2.759554 -0.415886
v 3.478335 0.447878 -0.879140
v 3.532595 0.356196 -0.876148
v 3.478335 0.447878 -0.879140
v 3.600740 0.459313 -0.868185
v -2.024747 -0.405859 -0.471881
v 0.599069 3.219283 -0.422804
v 0.599069 3.219283 -0.422804
v 0.844750 2.764114 -0.344119
v 1.875299 0.940597 -0.272404
v -2.241381 -0.790889 -0.877488
v -2.177160 -0.910452 -0.875627
v -2.241381 -0.790889 -0.877488
v 9.975969 -7.474617 2.075000
v -2.278269 -0.804138 -0.816138
v -2.131195 -0.886963 -0.703928
v -1.871410 -0.928516 -0.636151
v -1.736411 -0.918422 -0.667611
v -1.487500 -12.340306 1.475000
v 4.514248 2.098449 0.225000
v 4.725000 2.158106 0.553997
v 4.722525 2.326490 0.604243
v 4.783053 2.250957 0.631291
v 4.842344 2.331774 0.624721
v 0.658755 -2.761889 0.032796
v 0.854208 -2.743869 0.035697
v 0.670556 -2.666220 -0.625971
v 0.718054 -2.696140 0.030309
v 0.708393 -2.690856 -0.513286
v -0.033352 -0.439838 -0.281706
v -0.003898 -0.542016 -0.230356
v 0.016074 0.614089 -0.478253
v 10.612500 -9.636889 1.200000
v -0.550024 -9.678976 0.928986
v -0.471057 -9.660438 0.987597
v 11.246284 -3.702279 1.685879
v 0.652615 3.216379 -0.419114
v 2.150035 3.163227 -0.596420
v 2.179863 3.177269 -0.746657
v 2.205667 3.172421 -0.636474
v 1.724549 3.257419 -0.155063
v 1.686309 4.227938 0.422047
v 10.500000 -6.226306 2.124202
v 2.518973 0.918747 -0.475862
v 2.513809 1.066423 -0.533831
v -1.642006 -9.032745 0.325000
v 3.786812 2.084662 -0.009506
v 4.046082 2.028874 -0.424860
v 13.079493 3.675719 1.037500
v 13.079493 3.675719 1.037500
v 13.071483 3.588187 1.061997
v 12.510748 -4.800000 2.120138
v -3.315017 -2.393136 -0.858786
v 4.698805 3.069454 0.786946
v 4.789454 3.196238 0.775000
v 4.723691 3.184168 0.838982
v 4.789454 3.196238 0.775000
v 4.431437 4.120216 1.417395
v 4.614830 3.021696 0.834803
v 4.595276 3.013261 0.880759
v 4.720918 3.051221 0.898108
v 0.259087 0.627744 -0.874112
v 0.305804 0.630452 -0.867149
v -2.302242 0.822488 -0.757989
v -2.332516 1.484081 -0.878543
v -2.237386 1.433601 -0.873905
v -1.555935 1.419636 -0.835505
v 1.739328 0.867252 -0.875282
v 2.282323 0.825116 -0.872433
v 2.269057 0.674096 -0.887426
v 3.040283 -0.181768 -0.868545
v 1.641438 -0.282593 -0.872932
v -1.771402 1.409169 -0.673444
v -1.743756 1.286232 -0.675735
v -1.621756 1.435234 -0.779495
v -1.375825 1.356505 -0.659010
v -1.375825 1.356505 -0.659010
v -1.374986 1.285323 -0.596757
v -1.367683 1.340494 -0.776205
v -1.550288 0.550380 -0.877754
v -1.423220 0.234961 -0.894252
v -1.363468 0.150896 -0.900491
v -1.443545 1.431282 -0.776123
v -1.367683 1.340494 -0.776205
v -1.367683 1.340494 -0.776205
v -1.328002 1.390840 -0.876161
v -1.330838 1.442496 -0.830716
v -0.015411 -0.417342 -0.826185
v 4.393208 4.119159 1.694925
v -2.475936 -11.975000 1.425000
v 3.237500 -9.618284 0.400000
v 6.325000 -1.800046 0.220293
v -1.173214 -0.157832 0.074096
v -1.054927 -0.194476 0.069383
v -1.054927 -0.194476 0.069383
v -1.387277 -9.718267 1.914249
v -1.328428 -9.592033 1.889290
v 8.000000 4.277049 0.150000
v 8.103413 4.274966 0.331250
v -1.083447 -0.487130 -0.465835
v -1.326734 -3.304710 -0.908398
v -1.295758 -3.320154 -0.725246
v -1.259894 -3.405900 -0.721287
v -1.268251 -3.412187 -0.835771
v 0.476094 -3.349686 -0.065791
v 0.463948 -3.428839 0.035374
v 4.119289 0.262373 0.286080
v 4.130678 0.538332 0.316773
v 4.168693 0.925526 1.262572
v 4.195316 0.978592 1.320934
v 4.077645 -0.499534 0.709652
v 4.172075 -0.208201 1.015510
v 8.799999 -5.450000 2.111073
v -3.416001 1.512011 -0.685908
v -3.443991 1.441800 -0.767523
v 7.401259 2.175000 0.075000
v 6.444022 -1.737500 0.224195
v -1.507588 -0.729704 -0.884914
v -1.399098 -0.515993 -0.894710
v -1.420461 -0.517106 -0.823428
v -1.462657 -0.170779 -0.824400
v -1.151986 0.043841 -0.886451
v -1.121767 -0.041668 -0.888347
v 8.250000 1.700000 0.060481
v -1.509624 -0.596803 -0.905462
v -1.628519 -0.723737 -0.878535
v -1.504705 -0.516966 -0.866252
v 0.814300 -5.905766 0.610363
v 0.830956 -6.042021 0.677017
v 2.075000 -2.824289 0.475000
v 2.145386 -2.903773 0.475606
v 13.055798 -8.794563 1.081250
v 5.175000 -6.416099 0.225000
v 7.975000 -6.275000 2.137075
v 12.784298 -0.428125 0.625154
v 4.036451 -4.325000 0.625000
v 12.916026 -0.648996 0.700000
v 4.823230 3.147164 0.832181
v 4.941466 3.119019 0.770969
v 4.896225 3.215646 0.826570
v 4.939466 3.050000 0.734271
v 5.108303 3.112660 0.785988
v 5.160500 3.155027 0.788080
v 5.122154 3.223833 0.725000
v 5.350000 2.975000 0.668873
v -1.550434 -9.057554 0.248020
v -3.577952 -10.800001 1.025000
v 6.496284 -0.154220 0.312500
v 6.570189 -0.175983 0.434197
v 6.544880 -0.104926 0.372442
v 5.151209 -6.937500 0.059334
v 11.249096 -5.039283 2.125000
v 0.822957 -5.425000 0.225000
v 8.062500 -0.200000 -0.161997
v 8.827755 -0.405629 -0.012500
v 13.101530 -1.713407 1.564475
v 13.088655 -1.737872 1.448659
v 13.077384 -1.738459 1.542745
v 13.176333 -2.071897 1.575656
v 13.088655 -1.737872 1.448659
v 13.178975 -1.722477 1.527370
v 13.172524 -2.132485 1.503271
v 13.172524 -2.132485 1.503271
v 13.262096 -2.127049 1.418942
v 13.178741 -2.284428 1.418872
v 13.286441 -1.836284 1.513080
v 13.280109 -1.757493 1.525763
v 13.054939 -7.801920 2.099109
v 13.076180 -6.925000 1.525000
v 13.072951 -6.950000 1.600000
v 10.403339 -5.437168 2.122364
v 11.774146 -3.140557 2.177923
v 11.780026 -3.114583 2.124841
v 11.800016 -2.842212 2.147244
v 11.911244 -2.813377 2.118716
v 11.988900 -2.833849 2.125242
v 9.625000 -1.438407 0.275000
v 12.927044 -5.375000 0.975000
v 13.034521 -1.287500 0.450000
v 6.926268 -7.175000 2.112213
v 0.723775 -7.675402 0.375000
v 0.825708 -7.325923 0.625612
v 0.869002 -7.375000 0.626315
v 0.831091 -7.375863 0.575000
v -1.565966 -12.136138 2.025758
v -1.413669 -11.938567 1.975000
v -1.466120 -12.159578 1.991278
v -1.412216 -12.302888 1.865939
v -1.368360 -12.264707 1.876312
v -1.350051 -12.142504 1.925000
v -1.375373 -12.069981 1.829996
v -1.323671 -12.072608 1.874512
v -1.328948 -12.073559 1.790114
v -1.323671 -12.072608 1.874512
v 12.700000 -4.425000 2.093548
v 6.775000 1.596118 0.000000
v 13.021320 -1.750000 0.425000
v 12.419989 -3.725000 1.300000
v 10.356180 -8.169247 2.104059
v 10.974999 -8.132715 2.081695
v 5.250000 -3.436285 0.362500
v 11.425000 4.232389 0.925000
v 12.804098 -3.475569 1.533531
v 12.810149 -3.441774 1.430028
v 6.623853 -9.675000 0.825000
v 10.562922 -6.475000 2.123351
v 10.575000 -6.652055 2.116229
v 8.850000 4.266601 0.225000
v 8.974999 4.276343 0.175000
v 9.001866 4.266298 0.137500
v 5.219653 -7.718750 0.050000
v 8.867704 -0.562500 0.090755
v 4.962500 -3.431079 0.041236
v 7.970981 -0.177091 -0.175000
v -1.308772 -10.676165 1.820298
v -1.316188 -10.828561 1.913632
f 5172 2 3
f 111 101 5174
f 2 1 6
f 6 3 2
f 4 5172 3
f 4 5174 5172
f 111 5174 4
f 3 6 122
f 122 124 3
f 774 5 7
f 774 122 6
f 3 124 9
f 9 4 3
f 122 774 8
f 10 4 9
f 774 7 8
f 9 124 10
f 134 8 7
f 16 10 124
f 11 134 787
f 134 11 13
f 16 12 10
f 787 15 11
f 11 14 13
f 15 14 11
f 788 15 787
f 13 14 17
f 788 24 15
f 18 14 15
f 18 15 16
f 24 16 15
f 19 16 13
f 24 12 16
f 14 18 17
f 13 17 18
f 18 20 13
f 20 19 13
f 18 16 20
f 20 16 19
f 22 12 21
f 24 788 23
f 23 330 24
f 330 21 24
f 21 12 24
f 788 330 23
f 7424 26 25
f 25 26 7428
f 7427 38 28
f 30 31 29
f 30 32 31
f 32 30 29
f 7425 34 39
f 7427 35 38
f 37 33 36
f 39 49 7425
f 14569 38 35
f 33 37 42
f 34 49 39
f 42 37 36
f 14627 41 40
f 14569 35 44
f 40 41 43
f 40 43 14627
f 45 44 35
f 45 47 44
f 47 45 35
f 46 14628 48
f 14629 50 51
f 51 52 14629
f 46 56 14628
f 52 51 50
f 54 60 53
f 67 46 48
f 7484 7488 7489
f 56 46 67
f 57 58 14630
f 54 53 59
f 54 59 60
f 61 55 64
f 62 53 63
f 59 53 62
f 7488 65 68
f 7488 7484 65
f 66 58 57
f 14630 58 66
f 55 61 14631
f 63 59 62
f 14631 64 55
f 74 69 70
f 70 71 72
f 70 69 71
f 69 7503 71
f 70 72 73
f 74 70 75
f 75 70 73
f 77 74 75
f 75 76 77
f 8918 78 79
f 78 8329 79
f 80 7707 77
f 76 80 77
f 8332 80 76
f 82 14343 83
f 83 14343 81
f 83 81 84
f 14570 82 83
f 87 3195 82
f 87 82 85
f 85 82 14570
f 86 14570 83
f 86 83 84
f 86 84 6863
f 86 85 14570
f 88 87 85
f 89 86 6863
f 90 85 86
f 90 86 89
f 6868 89 6863
f 88 85 90
f 1805 89 6868
f 92 95 91
f 91 95 92
f 94 97 828
f 828 826 94
f 94 826 14632
f 98 97 94
f 98 96 97
f 94 99 98
f 96 100 97
f 100 96 98
f 14632 99 94
f 826 99 14632
f 101 104 105
f 1059 93 102
f 105 112 93
f 93 112 102
f 833 97 103
f 107 97 100
f 120 112 106
f 104 101 111
f 112 105 106
f 104 114 105
f 105 114 106
f 108 100 98
f 107 100 116
f 109 120 106
f 4 117 111
f 117 104 111
f 117 110 104
f 110 114 104
f 128 106 114
f 113 308 112
f 834 98 99
f 118 14633 129
f 129 14633 118
f 131 107 121
f 108 98 834
f 121 107 116
f 115 100 108
f 116 100 115
f 109 150 119
f 109 119 120
f 4 145 117
f 145 110 117
f 120 113 112
f 127 109 106
f 127 106 128
f 133 130 113
f 131 121 123
f 834 143 108
f 143 115 108
f 122 125 124
f 122 123 125
f 123 121 125
f 121 116 125
f 143 157 115
f 10 145 4
f 150 109 127
f 133 113 120
f 153 14634 110
f 14634 127 128
f 1064 130 126
f 126 130 133
f 8 142 123
f 131 123 142
f 122 8 123
f 124 125 132
f 136 125 116
f 144 136 116
f 144 116 115
f 146 153 110
f 153 127 14634
f 8 134 135
f 142 8 135
f 177 143 834
f 142 135 132
f 135 16 132
f 132 16 124
f 136 149 125
f 125 149 132
f 144 115 157
f 147 120 119
f 145 152 110
f 126 133 137
f 126 137 1064
f 138 133 120
f 137 133 138
f 134 13 135
f 132 149 142
f 13 16 135
f 143 156 157
f 149 136 144
f 12 145 10
f 152 145 22
f 152 146 110
f 120 147 138
f 1066 138 139
f 154 148 140
f 140 148 154
f 144 157 169
f 12 22 145
f 127 153 162
f 162 153 146
f 147 155 138
f 155 139 138
f 155 313 139
f 164 142 166
f 166 142 149
f 160 143 177
f 167 166 149
f 160 156 143
f 167 149 169
f 169 149 144
f 161 151 14635
f 14635 151 161
f 146 152 159
f 158 146 159
f 158 162 146
f 156 169 157
f 173 119 14636
f 172 152 22
f 152 414 159
f 14637 14638 14636
f 14636 14638 173
f 174 173 14638
f 416 155 147
f 175 859 860
f 166 858 164
f 170 165 168
f 167 169 156
f 160 167 156
f 170 168 171
f 21 172 22
f 172 414 152
f 159 414 158
f 427 147 119
f 427 416 147
f 414 180 14638
f 14638 180 314
f 191 14638 314
f 416 163 155
f 14639 178 176
f 178 14639 176
f 167 858 166
f 858 167 177
f 177 167 160
f 165 14640 168
f 171 168 14640
f 179 427 173
f 173 427 119
f 179 173 174
f 415 174 14638
f 415 14638 191
f 181 182 184
f 182 181 183
f 13247 184 13246
f 186 185 13248
f 186 187 185
f 192 189 456
f 188 193 191
f 197 191 193
f 188 189 199
f 199 193 188
f 189 192 199
f 198 197 193
f 199 192 196
f 201 190 194
f 201 195 190
f 200 198 193
f 196 200 199
f 200 193 199
f 463 201 194
f 202 470 198
f 200 202 198
f 14571 200 196
f 14571 202 200
f 470 202 481
f 203 481 202
f 202 14571 203
f 463 487 201
f 487 3701 201
f 205 14344 14361
f 209 208 9601
f 209 212 208
f 211 210 212
f 215 209 9601
f 213 210 211
f 209 211 212
f 214 209 215
f 209 214 211
f 211 214 216
f 214 215 216
f 213 211 11760
f 216 11760 211
f 13121 13684 217
f 11479 218 7596
f 220 2260 219
f 2260 221 219
f 2260 8626 221
f 219 218 220
f 7596 218 219
f 4454 224 225
f 4457 279 280
f 4457 280 226
f 224 4457 226
f 225 230 4454
f 231 235 230
f 235 232 230
f 234 225 224
f 230 232 227
f 280 233 226
f 233 234 226
f 226 234 224
f 235 231 238
f 225 231 230
f 236 233 237
f 236 234 233
f 235 238 239
f 283 241 236
f 236 241 240
f 240 225 236
f 225 240 238
f 4491 235 239
f 225 234 236
f 238 231 225
f 232 235 4491
f 240 242 238
f 238 242 239
f 240 241 245
f 284 241 283
f 242 4492 239
f 4492 242 243
f 5223 4492 4146
f 4492 243 4146
f 245 241 247
f 240 245 242
f 284 247 241
f 243 244 4146
f 245 246 242
f 246 250 242
f 250 243 242
f 250 244 243
f 247 249 245
f 246 245 249
f 249 250 246
f 248 249 247
f 249 248 250
f 289 4721 248
f 255 250 248
f 250 255 251
f 255 252 251
f 255 248 4721
f 257 8337 9037
f 258 9037 9041
f 9037 258 257
f 258 9041 261
f 278 258 261
f 259 265 260
f 7747 258 267
f 268 259 263
f 268 265 259
f 263 7747 272
f 267 258 278
f 263 276 268
f 272 7747 267
f 272 276 263
f 261 9041 278
f 273 270 268
f 271 268 270
f 271 265 268
f 6719 267 278
f 273 268 276
f 269 270 7767
f 271 270 274
f 267 6719 6718
f 276 275 7767
f 272 275 276
f 7767 270 276
f 273 276 270
f 275 272 267
f 275 267 6718
f 278 9041 9044
f 279 281 280
f 281 279 283
f 280 281 237
f 237 281 236
f 233 280 237
f 285 279 282
f 283 236 281
f 6245 285 282
f 285 283 279
f 286 284 283
f 285 286 283
f 288 285 6245
f 6250 288 6245
f 284 289 247
f 247 289 248
f 6250 287 288
f 286 285 288
f 288 5169 286
f 5169 284 286
f 5169 289 284
f 291 290 292
f 292 290 1029
f 1029 1032 292
f 292 1032 293
f 296 9982 293
f 1032 294 293
f 293 294 296
f 296 294 9982
f 294 298 9982
f 295 298 294
f 295 294 297
f 303 300 302
f 299 300 303
f 5274 302 300
f 303 306 299
f 305 303 302
f 306 303 5275
f 5275 303 305
f 304 299 306
f 305 302 5274
f 5278 305 5274
f 4920 102 112
f 112 308 4920
f 4920 308 307
f 113 309 308
f 130 309 113
f 310 308 309
f 310 4924 308
f 309 130 311
f 311 310 309
f 1066 139 312
f 1066 312 141
f 139 313 312
f 163 312 313
f 163 313 155
f 195 315 163
f 163 190 195
f 180 456 189
f 416 194 163
f 180 189 316
f 188 191 316
f 189 188 316
f 163 194 190
f 318 321 317
f 317 321 319
f 318 320 321
f 320 318 1896
f 321 320 322
f 321 322 319
f 320 1896 1911
f 323 320 1911
f 323 322 320
f 324 323 1911
f 325 2255 326
f 329 325 326
f 2255 325 328
f 328 325 329
f 327 2255 328
f 328 329 327
f 332 21 330
f 333 332 788
f 332 330 788
f 333 334 332
f 331 332 334
f 334 333 336
f 337 336 333
f 467 334 336
f 338 337 333
f 9689 337 338
f 9689 9690 337
f 341 339 3891
f 341 3891 3017
f 343 345 2531
f 4264 4261 348
f 343 344 348
f 343 348 345
f 343 346 344
f 347 344 346
f 347 348 344
f 345 348 4276
f 497 4264 4228
f 4264 350 4228
f 350 4264 349
f 349 4264 347
f 348 347 4264
f 4261 4276 348
f 350 343 4228
f 351 343 350
f 346 343 351
f 352 346 351
f 346 352 347
f 349 351 350
f 352 351 349
f 347 352 349
f 359 354 355
f 1803 354 363
f 362 2149 1797
f 2149 356 1797
f 359 361 354
f 361 363 354
f 367 357 356
f 359 355 366
f 361 362 363
f 2149 2150 356
f 2150 367 356
f 367 365 357
f 365 1800 357
f 365 370 1800
f 370 358 1800
f 355 360 353
f 364 361 366
f 361 359 366
f 366 355 353
f 2155 374 2150
f 374 367 2150
f 367 374 369
f 368 365 367
f 367 369 368
f 370 365 368
f 371 370 369
f 369 370 368
f 353 373 366
f 374 371 369
f 375 366 373
f 353 2414 376
f 2155 377 374
f 378 379 374
f 372 366 375
f 353 376 373
f 378 374 377
f 378 383 379
f 372 375 381
f 375 386 381
f 373 386 375
f 377 381 387
f 386 387 381
f 387 378 377
f 387 382 378
f 382 383 378
f 379 384 380
f 383 384 379
f 380 384 385
f 386 373 392
f 373 376 392
f 392 376 2462
f 386 392 388
f 386 388 387
f 387 388 382
f 388 393 382
f 383 382 393
f 383 393 389
f 383 389 384
f 391 390 385
f 384 391 385
f 384 389 391
f 391 2870 390
f 388 392 393
f 392 2462 394
f 392 394 393
f 393 394 389
f 2461 389 394
f 391 389 2869
f 397 2192 395
f 395 2192 2199
f 395 2199 396
f 2199 401 396
f 404 397 395
f 398 395 399
f 399 395 400
f 396 400 395
f 396 402 400
f 396 401 402
f 400 402 399
f 409 402 401
f 398 403 404
f 403 398 405
f 404 395 398
f 398 399 405
f 406 405 407
f 405 399 407
f 407 399 408
f 399 402 408
f 402 2883 408
f 403 405 410
f 410 405 2685
f 405 406 2685
f 412 411 5742
f 412 5720 411
f 413 903 869
f 869 867 413
f 21 419 172
f 419 414 172
f 420 180 414
f 422 423 867
f 413 417 903
f 417 413 418
f 423 413 867
f 423 418 413
f 332 419 21
f 419 435 414
f 420 456 180
f 908 421 424
f 431 423 422
f 421 425 424
f 421 417 425
f 331 419 332
f 435 420 414
f 197 415 191
f 425 433 424
f 433 432 424
f 426 417 418
f 418 423 443
f 443 423 431
f 417 433 425
f 418 427 426
f 418 443 427
f 428 331 334
f 427 179 426
f 331 428 419
f 435 419 428
f 429 179 174
f 431 422 430
f 431 439 443
f 426 434 433
f 417 426 433
f 432 435 428
f 435 432 433
f 179 429 14641
f 445 429 174
f 445 174 415
f 194 416 427
f 430 439 431
f 446 908 424
f 437 440 438
f 441 442 440
f 14642 440 442
f 14642 444 440
f 447 424 432
f 449 444 14642
f 428 447 432
f 14642 14641 449
f 334 335 428
f 433 448 435
f 434 448 433
f 14641 429 449
f 429 445 449
f 445 415 197
f 441 437 436
f 440 437 441
f 440 460 438
f 448 442 441
f 444 449 453
f 439 427 443
f 442 448 434
f 335 447 428
f 459 435 448
f 459 420 435
f 459 469 420
f 929 441 436
f 452 460 440
f 452 440 444
f 446 424 447
f 441 447 448
f 452 444 453
f 467 335 334
f 439 194 427
f 457 449 445
f 469 456 420
f 196 192 456
f 430 918 450
f 450 1140 451
f 450 918 1140
f 929 454 441
f 6025 439 430
f 447 454 446
f 441 454 447
f 455 452 453
f 447 459 448
f 457 445 197
f 471 454 458
f 460 452 473
f 450 6025 430
f 480 194 439
f 453 449 457
f 14571 196 456
f 457 197 198
f 451 465 450
f 473 452 455
f 462 455 453
f 475 459 447
f 480 463 194
f 457 198 470
f 464 454 929
f 458 454 466
f 466 454 477
f 466 462 458
f 466 455 462
f 467 468 335
f 335 468 447
f 468 475 447
f 484 469 459
f 486 14571 469
f 14571 456 469
f 451 461 465
f 477 454 464
f 478 6025 450
f 450 465 478
f 474 473 455
f 337 479 336
f 336 479 467
f 479 468 467
f 458 468 479
f 462 468 458
f 6025 480 439
f 475 468 462
f 475 484 459
f 470 462 453
f 470 453 457
f 472 460 473
f 14643 471 458
f 14643 458 479
f 466 474 455
f 476 475 462
f 484 486 469
f 464 944 477
f 482 473 944
f 482 472 473
f 471 6027 947
f 471 14643 6027
f 474 944 473
f 465 461 478
f 944 474 477
f 14643 479 6027
f 474 466 477
f 476 484 475
f 462 470 476
f 476 470 481
f 483 478 461
f 6032 947 6027
f 9690 6027 337
f 337 6027 479
f 6026 6025 478
f 480 6029 485
f 484 476 486
f 487 480 485
f 485 1189 487
f 486 476 203
f 476 481 203
f 463 480 487
f 495 494 505
f 501 500 518
f 502 2658 4456
f 228 222 2671
f 223 228 2671
f 2671 501 223
f 489 2674 510
f 510 493 504
f 2674 493 510
f 504 494 491
f 2662 514 492
f 492 499 493
f 493 499 504
f 496 514 2662
f 504 505 494
f 505 500 495
f 506 496 2681
f 506 2681 2658
f 2658 502 506
f 222 502 4456
f 229 223 501
f 503 498 512
f 498 489 512
f 511 490 503
f 510 512 489
f 6239 490 511
f 488 513 491
f 513 504 491
f 499 492 514
f 517 504 499
f 496 506 514
f 507 506 502
f 228 502 222
f 508 502 228
f 527 509 229
f 509 223 229
f 488 497 528
f 512 511 503
f 510 513 528
f 488 528 513
f 510 504 513
f 499 514 517
f 515 504 517
f 505 504 515
f 515 516 505
f 505 516 500
f 515 520 516
f 518 500 516
f 514 519 508
f 514 508 517
f 515 509 520
f 522 521 523
f 522 514 521
f 514 506 521
f 514 524 519
f 522 524 514
f 525 519 524
f 525 508 519
f 520 509 4269
f 520 4269 518
f 521 506 507
f 523 521 507
f 523 507 526
f 526 507 502
f 526 502 525
f 508 525 502
f 228 223 509
f 509 527 4269
f 515 517 509
f 522 523 529
f 524 522 529
f 530 524 529
f 524 530 525
f 517 228 509
f 529 523 526
f 530 529 526
f 525 530 526
f 228 517 508
f 535 536 531
f 536 532 531
f 537 534 533
f 534 4585 533
f 4586 533 4585
f 4585 534 539
f 539 534 537
f 4586 4271 538
f 537 533 253
f 539 537 253
f 253 533 4586
f 4586 254 253
f 4586 538 254
f 543 1472 1473
f 540 543 1473
f 545 1474 546
f 1474 541 544
f 540 542 543
f 546 1474 544
f 549 546 544
f 548 545 546
f 547 543 542
f 546 549 548
f 544 541 5005
f 4027 547 542
f 548 549 552
f 544 5005 5104
f 548 552 551
f 549 544 5104
f 554 553 555
f 555 556 554
f 2106 557 556
f 560 558 557
f 560 742 558
f 2106 560 557
f 2106 559 560
f 560 559 561
f 561 742 560
f 561 559 562
f 562 567 561
f 567 742 561
f 565 563 564
f 565 564 2132
f 562 2138 567
f 7429 570 569
f 569 570 567
f 576 574 575
f 577 13023 14484
f 10584 583 579
f 583 10584 10283
f 578 581 6454
f 10152 582 578
f 582 10152 580
f 580 579 582
f 582 581 578
f 587 586 589
f 588 586 587
f 590 582 579
f 579 583 585
f 582 584 581
f 582 590 584
f 590 579 591
f 591 579 585
f 8681 588 587
f 591 585 8690
f 589 6462 8681
f 590 8684 584
f 589 8681 587
f 595 594 592
f 595 1593 594
f 593 2377 595
f 6728 597 6685
f 6728 6694 597
f 2377 598 595
f 598 1593 595
f 598 2378 1593
f 601 599 600
f 600 606 601
f 606 1965 601
f 602 600 599
f 604 603 600
f 603 606 600
f 605 600 602
f 605 604 600
f 602 1109 604
f 602 604 605
f 1109 603 604
f 608 603 1109
f 603 608 606
f 608 609 606
f 610 611 607
f 608 617 609
f 610 615 611
f 611 617 607
f 607 617 608
f 610 613 615
f 616 611 615
f 616 617 611
f 1131 614 613
f 613 616 615
f 614 616 613
f 614 1987 616
f 1987 1131 1986
f 614 1131 1987
f 618 623 619
f 623 622 619
f 622 625 619
f 619 625 8630
f 625 620 8630
f 621 623 618
f 626 624 623
f 624 622 623
f 622 624 625
f 621 627 623
f 627 626 623
f 8636 625 624
f 626 632 624
f 627 621 629
f 629 626 627
f 629 631 626
f 626 631 632
f 628 624 632
f 624 628 8636
f 630 629 621
f 631 634 632
f 634 638 628
f 628 632 634
f 634 12119 638
f 630 633 629
f 629 633 631
f 631 633 634
f 630 12120 633
f 637 6845 636
f 8156 6845 637
f 641 639 638
f 643 639 641
f 639 643 640
f 644 2371 640
f 642 643 641
f 643 644 640
f 642 645 643
f 645 644 643
f 642 12132 645
f 646 644 645
f 12132 646 645
f 647 3804 3797
f 647 6846 655
f 6846 647 3797
f 652 6847 648
f 652 654 6847
f 650 3804 651
f 3804 647 651
f 651 647 655
f 6846 656 655
f 656 6846 3797
f 654 5702 6847
f 661 649 8157
f 661 653 649
f 651 3811 650
f 661 648 653
f 661 652 648
f 652 658 654
f 651 657 3811
f 661 659 652
f 651 3814 657
f 655 3814 651
f 656 3814 655
f 664 654 658
f 664 5702 654
f 659 661 662
f 659 664 652
f 664 658 652
f 660 661 8157
f 662 664 659
f 662 661 663
f 666 661 660
f 661 666 665
f 663 661 665
f 663 667 662
f 667 664 662
f 665 666 663
f 666 668 663
f 668 667 663
f 673 664 667
f 666 5985 668
f 669 667 668
f 5986 666 8161
f 3865 669 668
f 667 672 673
f 670 671 668
f 668 671 3865
f 5985 670 668
f 3865 3866 669
f 5983 672 667
f 672 5983 673
f 5985 666 5986
f 5981 670 5985
f 5983 669 5985
f 5981 5985 669
f 5983 667 669
f 5981 669 4066
f 669 3866 4066
f 678 675 676
f 680 675 679
f 675 678 679
f 682 676 1557
f 682 677 676
f 677 678 676
f 1557 1561 682
f 682 1561 681
f 677 679 678
f 677 686 679
f 686 680 679
f 682 681 1574
f 682 1574 684
f 684 677 682
f 683 686 677
f 677 684 683
f 684 1574 1581
f 685 683 684
f 685 686 683
f 685 684 1581
f 558 686 685
f 554 685 1581
f 554 1581 553
f 556 685 554
f 556 557 685
f 557 558 685
f 5206 687 5205
f 688 5205 689
f 687 689 5205
f 693 688 689
f 689 687 690
f 691 692 14644
f 691 694 692
f 693 689 695
f 694 14644 692
f 690 695 689
f 697 698 983
f 704 699 710
f 710 699 980
f 696 705 980
f 696 700 705
f 700 696 701
f 710 980 705
f 702 700 701
f 701 706 8936
f 701 8936 702
f 703 704 714
f 704 710 714
f 714 710 716
f 712 711 716
f 716 710 712
f 710 700 712
f 710 705 700
f 8936 712 700
f 700 702 8936
f 707 715 5351
f 707 713 715
f 713 709 715
f 713 708 709
f 709 708 716
f 708 714 716
f 715 709 717
f 716 711 709
f 709 711 717
f 717 711 5362
f 5362 711 718
f 5362 718 5363
f 711 712 718
f 712 719 718
f 719 712 720
f 712 8936 720
f 718 719 5363
f 725 721 722
f 726 722 4461
f 724 725 722
f 724 722 726
f 8491 726 4461
f 8491 4461 723
f 725 724 727
f 8491 723 8492
f 8733 723 8729
f 8491 724 726
f 8492 723 8733
f 8494 727 724
f 8737 8492 8735
f 8735 8492 8733
f 728 729 732
f 732 729 731
f 731 729 730
f 733 728 732
f 735 732 731
f 733 732 734
f 735 731 736
f 732 735 734
f 737 733 734
f 734 735 739
f 738 737 734
f 739 735 736
f 8338 739 736
f 734 739 738
f 742 740 558
f 745 741 743
f 744 796 741
f 748 743 740
f 745 744 741
f 748 740 742
f 746 748 742
f 747 748 746
f 567 746 742
f 570 749 567
f 749 746 567
f 2780 746 749
f 2780 8499 746
f 8499 747 746
f 751 747 8499
f 749 570 571
f 753 754 755
f 753 755 759
f 755 757 756
f 755 756 759
f 759 756 758
f 756 757 752
f 13782 759 758
f 756 752 758
f 764 4666 825
f 763 4669 762
f 763 765 766
f 762 765 763
f 761 765 762
f 767 770 771
f 764 767 771
f 825 767 764
f 768 766 765
f 768 1 766
f 827 4017 767
f 769 770 767
f 765 773 768
f 768 773 1
f 4017 769 767
f 782 771 770
f 775 773 765
f 14645 14646 14647
f 14647 14646 14645
f 777 770 769
f 772 775 765
f 777 782 770
f 779 7 5
f 773 772 778
f 773 775 772
f 776 777 769
f 780 782 777
f 778 779 773
f 7 779 134
f 786 780 776
f 780 777 776
f 772 781 778
f 781 783 778
f 784 778 783
f 779 778 784
f 134 779 787
f 784 787 779
f 785 782 780
f 785 781 782
f 785 783 781
f 787 784 783
f 786 785 780
f 877 783 785
f 877 788 783
f 787 783 788
f 882 788 877
f 876 786 776
f 876 878 786
f 878 785 786
f 878 877 785
f 793 790 792
f 793 794 790
f 741 796 791
f 791 799 789
f 789 799 793
f 794 793 798
f 796 799 791
f 798 795 794
f 796 1989 797
f 798 1991 795
f 799 800 793
f 798 793 800
f 796 801 799
f 801 796 797
f 796 744 1989
f 799 801 800
f 2002 798 800
f 744 803 802
f 745 803 744
f 743 811 805
f 743 805 806
f 743 806 745
f 806 803 745
f 806 807 803
f 804 808 805
f 809 811 747
f 809 810 811
f 747 811 748
f 811 743 748
f 811 813 805
f 813 818 805
f 804 805 818
f 747 820 809
f 813 811 812
f 813 821 818
f 818 2929 804
f 2929 808 804
f 751 820 747
f 813 812 814
f 818 821 817
f 2782 810 809
f 810 812 811
f 812 815 814
f 814 821 813
f 821 816 817
f 820 2782 809
f 2778 812 810
f 8501 814 815
f 8501 819 814
f 819 821 814
f 749 571 2145
f 749 2145 750
f 2778 810 2782
f 2929 818 817
f 815 812 2778
f 825 822 823
f 4669 763 4670
f 767 823 827
f 823 822 827
f 824 827 822
f 823 767 825
f 828 97 833
f 831 99 828
f 828 99 826
f 828 833 831
f 103 97 107
f 833 99 831
f 103 829 833
f 832 830 829
f 829 830 833
f 131 103 107
f 834 833 830
f 834 99 833
f 835 836 829
f 829 836 832
f 844 830 836
f 830 832 836
f 840 14648 837
f 830 844 834
f 14649 838 837
f 838 848 837
f 852 103 843
f 852 829 103
f 852 844 829
f 835 829 844
f 103 131 843
f 14648 840 839
f 848 838 842
f 849 841 14649
f 841 838 14649
f 14649 14648 839
f 837 848 850
f 850 839 840
f 837 850 840
f 842 845 847
f 838 841 846
f 842 838 846
f 842 847 848
f 839 849 14649
f 843 131 142
f 177 834 844
f 842 846 845
f 854 847 845
f 841 855 846
f 852 843 164
f 850 848 847
f 164 843 142
f 844 852 177
f 839 850 851
f 839 851 853
f 854 845 846
f 854 857 847
f 841 849 855
f 850 847 851
f 839 853 859
f 855 864 846
f 854 846 864
f 855 849 856
f 849 839 856
f 851 847 865
f 164 858 852
f 177 852 858
f 856 839 859
f 859 853 851
f 861 857 854
f 861 854 864
f 863 864 855
f 862 847 857
f 855 856 863
f 865 847 862
f 851 865 860
f 859 851 860
f 862 857 861
f 863 856 864
f 864 856 868
f 862 867 865
f 859 175 856
f 861 905 862
f 866 862 905
f 867 862 866
f 175 868 856
f 868 860 869
f 860 865 869
f 865 867 869
f 1096 871 870
f 1096 3309 871
f 870 871 872
f 874 3108 872
f 874 875 3108
f 3490 874 873
f 635 875 874
f 635 874 3490
f 876 776 883
f 882 877 878
f 879 876 883
f 333 788 882
f 881 876 879
f 880 878 876
f 878 880 882
f 881 880 876
f 883 881 879
f 333 882 880
f 884 881 883
f 4787 333 881
f 333 880 881
f 4787 338 333
f 884 4787 881
f 885 338 4787
f 6433 4787 884
f 887 13202 886
f 889 887 886
f 890 13231 889
f 891 13231 890
f 890 10019 891
f 3309 892 871
f 892 895 894
f 892 893 895
f 892 872 871
f 894 872 892
f 895 872 894
f 872 895 898
f 1097 896 3331
f 873 896 1097
f 898 895 893
f 874 872 898
f 873 874 896
f 896 874 898
f 896 898 897
f 899 898 893
f 900 897 898
f 898 901 900
f 901 898 899
f 864 904 861
f 904 905 861
f 904 864 916
f 916 864 868
f 905 902 866
f 902 867 866
f 916 868 903
f 868 175 860
f 903 868 869
f 903 417 421
f 422 867 902
f 906 904 916
f 905 904 906
f 907 905 906
f 903 908 916
f 907 902 905
f 903 421 908
f 902 907 422
f 909 925 921
f 910 925 909
f 910 915 906
f 916 914 906
f 911 906 915
f 446 912 908
f 911 907 906
f 911 422 907
f 927 909 913
f 927 923 909
f 923 910 909
f 925 906 914
f 910 906 925
f 920 911 915
f 916 908 912
f 438 914 916
f 920 422 911
f 912 437 916
f 438 916 437
f 926 915 923
f 915 910 923
f 915 926 920
f 920 918 422
f 912 929 436
f 912 436 437
f 918 430 422
f 917 927 913
f 919 927 917
f 923 927 922
f 912 446 454
f 438 460 914
f 928 921 925
f 922 924 923
f 924 926 923
f 472 925 914
f 926 918 920
f 933 930 918
f 1140 918 930
f 5135 919 917
f 938 921 928
f 922 927 932
f 928 925 472
f 933 926 924
f 924 1132 933
f 472 914 460
f 933 918 926
f 1132 930 933
f 929 912 471
f 471 912 454
f 919 932 927
f 932 919 5135
f 932 5135 931
f 938 928 472
f 936 931 5095
f 931 936 932
f 464 929 946
f 946 929 471
f 934 461 1141
f 935 936 5095
f 5088 941 943
f 5088 939 941
f 948 941 939
f 943 941 940
f 941 944 940
f 941 945 944
f 945 938 472
f 943 940 947
f 940 946 947
f 940 944 946
f 946 471 947
f 8119 461 934
f 946 944 464
f 945 472 482
f 8015 5088 8118
f 8118 5088 943
f 935 8117 936
f 936 8117 942
f 945 941 948
f 948 938 945
f 942 8117 937
f 8119 934 8122
f 8122 934 937
f 945 482 944
f 483 461 8119
f 952 8408 971
f 953 955 8407
f 954 951 14650
f 956 951 954
f 4522 971 8408
f 971 4522 4524
f 959 958 950
f 955 959 950
f 955 953 959
f 961 960 962
f 957 958 959
f 963 960 961
f 963 961 964
f 966 965 960
f 965 962 960
f 959 972 957
f 14651 967 968
f 969 14651 968
f 974 14652 970
f 971 4524 979
f 975 978 957
f 975 957 972
f 973 972 959
f 969 968 967
f 976 14652 974
f 974 970 14653
f 977 979 4524
f 973 975 972
f 14653 976 974
f 980 978 975
f 979 977 982
f 699 704 978
f 699 978 980
f 980 975 973
f 696 980 973
f 981 983 698
f 981 698 697
f 982 977 706
f 706 977 4537
f 1920 989 2013
f 985 984 992
f 988 1920 987
f 988 997 1920
f 993 989 997
f 997 989 1920
f 991 989 993
f 995 997 988
f 992 2269 985
f 985 2269 986
f 2270 2269 992
f 1984 994 996
f 993 1004 991
f 995 1005 997
f 1002 995 996
f 1002 1005 995
f 992 984 998
f 999 2270 992
f 1007 993 997
f 998 999 992
f 994 1003 996
f 984 1009 998
f 1005 1007 997
f 1007 1004 993
f 1002 1000 1005
f 984 1006 1009
f 998 1009 1001
f 1001 999 998
f 990 1006 984
f 2845 1002 996
f 1006 990 2032
f 1000 1011 1005
f 1005 1011 1007
f 1008 1004 1007
f 1001 1009 1010
f 1010 2279 1001
f 2279 2272 1001
f 1003 2031 996
f 1011 1008 1007
f 2854 1002 2845
f 2854 1000 1002
f 2279 1010 1012
f 2849 2845 996
f 1013 1008 1011
f 1015 1006 2032
f 2854 2842 1000
f 1009 1006 1014
f 1010 1009 1014
f 2842 1011 1000
f 1014 1006 1015
f 996 2031 2849
f 2842 2843 1011
f 2843 1013 1011
f 1020 1016 1017
f 1019 1016 1020
f 1017 1016 1021
f 1016 1018 1021
f 1019 1018 1016
f 1023 1020 1017
f 1017 1021 1023
f 1019 1020 1022
f 1022 1020 1023
f 1019 1022 1018
f 1023 1021 1018
f 1022 1023 1018
f 290 1027 1029
f 1029 1027 1030
f 1028 1026 1025
f 1028 10460 1026
f 1027 10460 1030
f 9857 1025 1024
f 1029 1030 1033
f 1031 1025 9857
f 1031 1028 1025
f 1051 1030 10460
f 1051 10460 1028
f 1029 1033 1032
f 1030 1051 1033
f 1034 1038 1035
f 1034 1036 1038
f 1036 4580 1038
f 1032 1033 1041
f 1033 1051 1042
f 1053 1048 1040
f 294 1032 1041
f 1047 1040 1048
f 1047 1048 1046
f 1035 1050 1037
f 1031 1037 1039
f 1037 1050 1039
f 1038 1050 1035
f 1052 1050 1049
f 1049 1050 1038
f 1051 1028 1039
f 1039 1050 1051
f 1050 1053 1051
f 1052 1053 1050
f 1053 1040 1051
f 1040 1042 1051
f 1049 1054 1052
f 1044 1052 1054
f 1043 1048 1052
f 1048 1053 1052
f 1043 1052 1044
f 1054 1055 1044
f 1055 12635 1044
f 1040 1045 1042
f 1046 1048 1043
f 297 294 1041
f 1033 297 1041
f 1033 1042 297
f 1047 1045 1040
f 1046 1043 1044
f 1044 12635 1057
f 1042 1056 297
f 1042 1045 1056
f 1057 1046 1044
f 12635 1058 1057
f 1045 1047 1056
f 1059 102 1060
f 1059 1060 1061
f 102 4920 1060
f 1063 1061 1062
f 1060 1062 1061
f 1064 4925 130
f 1065 4925 1064
f 1065 141 4925
f 1065 1064 137
f 1066 141 1065
f 1065 137 138
f 1066 1065 138
f 1071 1067 8459
f 1072 1880 9011
f 1072 1070 1071
f 1071 1068 1069
f 1067 1071 1069
f 9011 8996 1072
f 1070 1072 8996
f 8995 1071 1073
f 8995 1068 1071
f 1071 1070 1073
f 1075 1074 5682
f 1076 1358 1078
f 1078 1077 1076
f 1078 1081 1077
f 1084 7920 1080
f 1084 1083 1078
f 1084 1078 1361
f 1361 1078 1358
f 1082 1080 7920
f 7920 1084 1362
f 1084 1080 1083
f 1080 1082 1083
f 1086 1081 1078
f 7926 1083 1082
f 1085 1078 1083
f 1085 1086 1078
f 2760 1085 1083
f 1085 1087 1086
f 1085 1368 1087
f 1087 2503 1086
f 2760 1083 7926
f 2760 1088 1085
f 1085 1088 1368
f 1088 1383 1368
f 2761 1088 2760
f 2760 7926 1089
f 1090 3067 1888
f 1091 1090 1885
f 1094 1090 1091
f 10543 1091 10540
f 1094 3067 1090
f 1093 3067 1094
f 1092 1094 1091
f 1092 1091 10543
f 11324 1093 1094
f 11322 1092 10543
f 1096 3316 3309
f 1099 1095 7805
f 1097 870 1095
f 1097 1096 870
f 1096 3324 3316
f 1099 1097 1095
f 1097 3324 1096
f 7808 1099 7805
f 1099 873 1097
f 3490 873 1099
f 1098 3444 7808
f 3444 1099 7808
f 3447 7808 6815
f 3445 3490 1099
f 2049 1100 1106
f 2049 6514 1100
f 1100 1103 1102
f 2050 1106 1102
f 2766 1107 1105
f 2055 1105 1110
f 2055 1110 599
f 1106 1100 1102
f 1110 1105 1107
f 602 599 1110
f 1107 2766 2768
f 2768 1108 1107
f 1107 1108 1110
f 1108 1109 1110
f 1110 1109 602
f 1108 1111 1109
f 1111 608 1109
f 2772 1111 1108
f 1114 608 1111
f 1111 2772 1112
f 1113 1111 1112
f 1114 1111 1113
f 607 608 1114
f 610 607 1114
f 1112 1115 1113
f 1116 1114 1113
f 2776 1115 1112
f 1116 610 1114
f 1115 1116 1113
f 1118 1119 1117
f 1121 1118 1117
f 1120 1121 1117
f 1119 1122 1120
f 1117 1119 1120
f 1124 1121 1120
f 1123 1124 1120
f 1122 1125 1123
f 1120 1122 1123
f 612 1124 1123
f 1123 1125 612
f 1127 1115 1128
f 1116 1115 1127
f 1127 1126 1116
f 2776 1128 1115
f 1118 1121 1124
f 1118 1124 1122
f 1119 1118 1122
f 1122 1124 1125
f 1125 1124 612
f 1116 1126 610
f 610 1126 613
f 1126 1127 1130
f 1130 1131 1126
f 1131 613 1126
f 793 1127 1128
f 790 1127 1129
f 1130 1127 790
f 2776 791 1128
f 793 792 1129
f 1128 791 789
f 789 793 1128
f 793 1129 1127
f 792 790 1129
f 790 794 1130
f 741 791 2776
f 794 795 1130
f 795 1131 1130
f 795 1986 1131
f 922 1133 1134
f 922 1134 924
f 1134 1136 924
f 924 1136 1132
f 1135 1137 1142
f 1136 1134 1144
f 1144 1135 1136
f 1141 1132 1136
f 1141 930 1132
f 1142 1137 1138
f 1137 1139 1138
f 1141 1140 930
f 1133 922 932
f 1134 1133 1143
f 1143 1147 1134
f 1147 1144 1134
f 1137 1135 1144
f 1148 1136 1135
f 1148 1141 1136
f 1135 1142 1148
f 1139 1145 1138
f 1142 1138 1149
f 1138 1145 1149
f 936 1146 932
f 932 1146 1133
f 1133 1146 1143
f 1153 1139 1137
f 1142 1149 1148
f 1153 1145 1139
f 1137 1144 1153
f 1148 1151 1150
f 1150 1141 1148
f 1146 1147 1143
f 1147 1152 1150
f 1150 1153 1147
f 1153 1144 1147
f 934 1141 1150
f 1148 1149 1151
f 1149 1154 1151
f 1156 1145 1153
f 1145 1156 1149
f 1146 936 942
f 1152 1146 942
f 1146 1152 1147
f 1150 1152 934
f 934 1152 937
f 1150 1151 1153
f 1154 1153 1151
f 1155 1156 1153
f 1149 1155 1154
f 1156 1155 1149
f 942 937 1152
f 1155 1153 1154
f 1158 1157 1166
f 1166 1173 1158
f 1159 1173 1166
f 1174 14654 1160
f 1172 14655 1161
f 14655 9507 1161
f 9507 14655 1176
f 1163 1164 1162
f 1164 1163 1165
f 14656 1163 1162
f 14656 1165 1163
f 1166 1157 1178
f 14657 1167 1168
f 1167 14657 1168
f 14658 1170 14655
f 1169 1171 1172
f 1169 1172 1161
f 1171 14655 1172
f 1170 1176 14655
f 14658 14659 1170
f 14660 1175 9518
f 1157 1177 1178
f 14661 1178 1184
f 1179 1159 1184
f 1159 14661 1184
f 1186 1173 1159
f 1181 1180 1170
f 1170 1180 1182
f 1170 1182 1176
f 1157 1183 1177
f 1177 1184 1178
f 1177 1183 1184
f 1184 1185 1179
f 1185 1159 1179
f 1182 1180 1181
f 1185 1186 1159
f 342 1188 1187
f 4275 2686 1188
f 2528 342 1187
f 4276 4275 1188
f 1141 451 1140
f 1141 461 451
f 1189 1190 3700
f 1190 1191 3700
f 1190 5467 1191
f 1189 3700 487
f 1196 1192 14073
f 1196 14073 1200
f 1199 1194 1204
f 1201 1198 1197
f 1197 1198 5552
f 1202 1199 1207
f 1203 1200 14073
f 1202 1206 1199
f 1207 1199 1204
f 1204 1195 1208
f 1209 1205 1196
f 1200 1209 1196
f 1209 1200 1203
f 1206 1202 1207
f 1212 1206 1207
f 1207 1204 1208
f 1208 1205 1209
f 1209 1221 1208
f 1208 1214 1207
f 1221 1209 1211
f 1211 1209 1203
f 1212 1207 1213
f 1214 1213 1207
f 1210 1208 1221
f 1216 1219 1215
f 1214 1223 1213
f 1218 1210 1221
f 14662 1215 1219
f 1217 1212 1220
f 1220 1212 1213
f 14662 1219 1216
f 1220 1213 4693
f 1222 1213 1223
f 1223 1210 1218
f 1211 1218 1221
f 4693 1213 1222
f 1218 4694 1223
f 1218 1211 1224
f 1225 4220 4221
f 1227 1226 1225
f 1227 1225 1228
f 1228 1225 4221
f 1226 1227 1229
f 1230 1227 1228
f 1230 1228 1231
f 1231 1228 4221
f 1227 1230 1229
f 4221 1232 1231
f 1226 1233 1234
f 1226 1234 1225
f 1225 1234 4220
f 1226 1229 1233
f 1233 1230 1231
f 1233 1231 1234
f 1234 1231 1235
f 1233 1229 1230
f 1232 1235 1231
f 1235 4220 1234
f 1236 1232 4222
f 1236 1235 1232
f 1239 1235 1236
f 1237 4220 1240
f 1240 4220 1235
f 1238 1239 1236
f 1239 1240 1235
f 1240 8201 1237
f 5640 1239 1238
f 6930 1239 5640
f 1241 3354 1246
f 3354 1241 1242
f 1242 1243 1253
f 1243 1244 1253
f 1254 1244 1257
f 1247 1245 1269
f 1255 1257 1248
f 1264 1248 1250
f 1257 1250 1248
f 3355 1249 1251
f 1250 1257 3355
f 1258 3353 1247
f 1251 3353 1258
f 6620 1269 3350
f 1242 1253 6619
f 3350 1269 1245
f 1254 1253 1244
f 1255 3354 1242
f 1256 1246 1248
f 1263 1254 1257
f 1248 1264 1256
f 1258 1247 1272
f 3355 1251 1258
f 1272 1259 1258
f 3355 1258 1260
f 1259 1260 1258
f 1260 1259 1261
f 1259 1283 1261
f 1260 3492 1266
f 1260 1261 3492
f 1253 1254 1262
f 6623 1275 1242
f 1274 1252 1246
f 1275 1255 1242
f 1274 1246 1256
f 1257 1255 1263
f 1276 1256 1264
f 1272 1268 1259
f 1279 1264 1250
f 1259 1268 1273
f 1265 1279 1266
f 1279 1250 1266
f 1250 3355 1266
f 1273 1283 1259
f 1260 1266 3355
f 1267 1262 1254
f 6637 1275 6623
f 1263 1270 1254
f 1263 1255 1275
f 1279 1278 1264
f 1274 1256 1271
f 1275 1270 1263
f 1256 1276 1271
f 1287 1303 1247
f 1303 1272 1247
f 1278 1276 1264
f 1265 3452 1279
f 1267 1254 1270
f 1288 1276 1278
f 1303 1277 1272
f 1272 1277 1268
f 1277 1273 1268
f 1279 3452 1282
f 1279 1282 1278
f 1278 1282 1280
f 1282 1291 1280
f 1274 1271 1281
f 1281 1271 1299
f 1247 1269 1287
f 1271 1276 1299
f 1276 1288 1299
f 1280 1291 1304
f 1280 1304 1308
f 1305 1291 1282
f 1284 1267 1270
f 1269 1285 1287
f 1311 1281 1299
f 1278 1289 1288
f 1278 1280 1290
f 1280 1308 1290
f 1296 1304 1291
f 1277 1283 1273
f 1286 1293 1292
f 1293 1306 1292
f 1292 5592 1286
f 1312 1311 1299
f 1293 1286 1298
f 5592 1298 1286
f 1288 1295 1299
f 1295 1288 1289
f 1278 1290 1289
f 3454 1282 3452
f 1296 1291 1305
f 1285 14663 1307
f 1287 1285 1307
f 14664 1300 1294
f 14664 1294 1300
f 1301 14665 1290
f 1301 1290 1302
f 1302 1290 1308
f 1302 1308 1287
f 1287 1308 1303
f 1303 1308 1277
f 1285 1310 14663
f 5592 1292 1297
f 1307 1322 1287
f 1314 1312 1299
f 1295 1314 1299
f 14665 1301 1321
f 1302 1332 1301
f 1308 1324 1277
f 1324 1315 1277
f 1324 1308 1304
f 1282 3454 1305
f 1296 1309 1304
f 1307 14663 1310
f 1293 1298 1313
f 1314 1289 1321
f 1314 1295 1289
f 1302 1287 1332
f 1322 1332 1287
f 1304 1309 1324
f 1316 1325 1297
f 1327 1306 1317
f 1319 1318 1317
f 1319 1317 1293
f 1293 1317 1306
f 1318 1319 1320
f 1297 1330 5592
f 1326 1311 1337
f 1311 1312 1337
f 1319 1293 1313
f 1320 1319 1313
f 1320 1313 1298
f 1330 1298 5592
f 1337 1312 1314
f 1321 1301 1340
f 1340 1301 1332
f 1333 1315 1324
f 1309 1323 1324
f 1327 5593 1316
f 1325 1316 5593
f 1325 1327 1328
f 1325 1330 1297
f 1327 1317 1318
f 1318 1328 1327
f 1318 1320 1328
f 1320 1330 1328
f 1326 1337 1329
f 1330 1320 1298
f 1322 1338 1333
f 1333 1324 1335
f 1342 1315 1333
f 1334 1336 1339
f 1323 1336 1334
f 1309 1336 1323
f 1324 1323 1335
f 5593 1327 1325
f 1326 1329 3558
f 1325 1328 1330
f 3559 1322 1307
f 1314 1341 1337
f 1341 1314 1321
f 1332 1322 1340
f 3562 1336 1331
f 3562 1339 1336
f 1341 1321 1340
f 1340 1322 1335
f 1322 1333 1335
f 3561 1342 1333
f 1334 1335 1323
f 1310 3559 1307
f 3561 1333 1338
f 1339 3563 1334
f 1356 5248 5249
f 1345 1348 5248
f 1343 5249 11000
f 1343 1356 5249
f 1346 1344 1348
f 5248 1356 1345
f 1347 1346 1348
f 10585 1346 1347
f 1352 1347 1348
f 1352 1348 1345
f 10585 1347 1352
f 1351 1349 1350
f 1349 1345 1350
f 1354 10585 1349
f 10585 1352 1349
f 1354 1349 1351
f 1352 1345 1349
f 1345 1355 1350
f 1356 1355 1345
f 5521 1356 1343
f 7294 7293 1364
f 1360 7285 9065
f 1360 1364 7293
f 7294 1359 1357
f 1358 1357 1359
f 1359 7294 1364
f 9073 1363 1360
f 1358 1359 1361
f 1362 1361 9072
f 9072 1361 1363
f 1362 1084 1361
f 1363 1364 1360
f 1361 1359 1363
f 1363 1359 1364
f 1365 1427 1366
f 1365 1429 1427
f 1366 1427 1373
f 1373 1427 1430
f 1368 1367 1365
f 1365 1372 1368
f 1368 1372 1087
f 1373 1385 1366
f 1372 1374 1087
f 1087 1374 2503
f 1370 1382 1383
f 1370 1369 1382
f 1383 1382 1367
f 1367 1368 1383
f 1372 1365 1371
f 1371 1365 1366
f 1371 1366 1385
f 1385 1373 1446
f 1447 1446 1373
f 1443 1447 1373
f 1430 1375 1373
f 1377 1376 1370
f 1370 1376 1369
f 1370 1383 1377
f 1376 1381 1382
f 1369 1376 1382
f 1371 1379 1372
f 1372 1379 1374
f 1371 1385 1379
f 1385 1378 1379
f 1376 1377 1380
f 1377 1383 1381
f 1377 1381 1380
f 1380 1381 1376
f 1383 1384 1381
f 1381 1384 1382
f 1088 1384 1383
f 1385 1387 1378
f 1387 1389 1378
f 1385 1446 1387
f 5789 1416 1390
f 1397 1396 1402
f 1402 1391 1397
f 1398 1393 1395
f 1393 1398 1394
f 1416 5789 1407
f 1399 1397 1398
f 1407 5789 1400
f 1409 1391 1402
f 1411 1391 1409
f 1412 1401 5786
f 1412 5786 1419
f 1406 1390 1416
f 1398 1395 1396
f 1396 1399 1398
f 1395 1402 1396
f 1397 1399 1396
f 1407 1400 1403
f 1410 1400 5920
f 1395 1393 1420
f 1410 1403 1400
f 1402 1395 1420
f 1407 1403 1410
f 2720 1410 1408
f 1420 1414 1402
f 1414 1409 1402
f 1413 1407 1410
f 1411 1409 1414
f 1413 1410 2722
f 2722 1410 2720
f 1416 1407 1413
f 1419 1406 1418
f 4869 1416 1413
f 1422 2729 1415
f 1424 1401 1412
f 1422 1415 1417
f 4867 6378 1401
f 1419 4865 1412
f 4865 1419 1418
f 1421 4869 1413
f 1421 1413 2722
f 4856 1411 1414
f 1422 1417 2728
f 1418 1406 1416
f 1425 1414 1420
f 1421 2722 1423
f 1425 4856 1414
f 4852 1423 2722
f 4867 1401 1424
f 1412 4865 1424
f 4868 1425 1420
f 4866 1416 4869
f 1423 4869 1421
f 1426 8190 1428
f 1365 1367 1429
f 1429 1367 1426
f 8190 1426 8192
f 1426 1428 1429
f 1431 1427 1429
f 1429 1428 1431
f 8190 8191 1428
f 1431 1430 1427
f 1382 1434 1367
f 1367 1434 1426
f 8192 1426 1434
f 1431 1428 1432
f 1430 1431 1436
f 1430 1436 1375
f 1517 1434 1382
f 1436 1431 1433
f 1626 1433 1431
f 1431 1432 1626
f 1432 1505 1626
f 1434 1541 8192
f 1428 1435 1432
f 1428 8191 1435
f 1432 1435 1505
f 1436 1433 1540
f 1517 1519 1434
f 1540 1433 1631
f 1433 1626 1631
f 1441 1442 1437
f 6483 1442 1440
f 1439 1440 1438
f 1441 1438 1442
f 1442 1438 1440
f 1448 2503 1374
f 1373 1501 1443
f 1443 1501 1444
f 1374 1379 1445
f 1501 1373 1375
f 1445 1448 1374
f 1446 1444 1453
f 1447 1444 1446
f 1443 1444 1447
f 1448 1445 1450
f 1449 1448 1450
f 1451 1444 1452
f 1444 1501 1452
f 2504 1449 1457
f 1445 1379 1455
f 1378 1455 1379
f 1445 1456 1450
f 1455 1456 1445
f 1456 1455 1453
f 1456 1453 1444
f 1449 1450 1460
f 1456 1444 1451
f 1501 1508 1452
f 1452 1454 1451
f 2504 1457 674
f 1455 1378 1389
f 1452 1508 1458
f 1460 1457 1449
f 1456 1451 1454
f 1453 1455 1389
f 1387 1453 1389
f 1387 1446 1453
f 1460 1556 1457
f 1450 1456 1459
f 1450 1459 1460
f 1566 1454 1452
f 1556 674 1457
f 1462 1461 10620
f 1465 1464 1467
f 1464 1466 1467
f 1464 1468 1466
f 1464 1471 1468
f 4556 1471 1464
f 4690 4709 2512
f 1470 4552 1469
f 1469 2512 2513
f 2512 1469 4552
f 1471 1472 1468
f 1474 1470 1469
f 4556 1473 1471
f 1475 1470 1474
f 2514 541 2513
f 1473 1472 1471
f 2513 541 1469
f 541 1474 1469
f 545 1475 1474
f 5943 5944 1477
f 11834 5943 1476
f 5943 1477 1476
f 5944 10587 1478
f 5944 1478 1477
f 1478 10587 1353
f 1480 1479 5972
f 1488 1486 1481
f 1489 1483 5971
f 1479 1484 1482
f 1484 1479 1480
f 1868 4886 1867
f 1867 1487 5971
f 1867 4886 14666
f 4886 1482 14666
f 1482 1484 14666
f 1486 1488 1485
f 1487 1867 14666
f 1487 14666 1491
f 1489 1488 1483
f 14666 1484 1480
f 1491 1490 1487
f 1494 1490 1491
f 14667 1492 14668
f 1494 14668 1492
f 1493 14669 1480
f 4901 1487 1490
f 4901 1495 1487
f 1492 14667 1498
f 1494 1498 4910
f 1494 1492 1498
f 1488 14669 1496
f 1496 14669 1493
f 1496 1485 1488
f 1875 1498 1487
f 1498 1496 4910
f 1493 4910 1496
f 1499 1485 1496
f 1499 1497 1485
f 1875 1487 1495
f 1499 1496 1498
f 1875 1499 1498
f 4917 1499 1875
f 4917 1875 1878
f 4918 1499 4917
f 1501 1375 1436
f 1626 1505 1500
f 1436 1508 1501
f 1505 1504 1500
f 1626 1500 1503
f 1505 1502 1504
f 1503 1500 1506
f 1506 1500 1504
f 1435 1509 1505
f 1505 1509 1502
f 1504 1502 1627
f 1506 1504 1627
f 1507 1509 1435
f 1509 1627 1502
f 1540 1551 1436
f 1551 1508 1436
f 1503 1506 1510
f 1384 1517 1382
f 1513 1388 1514
f 1388 1386 1514
f 1088 1522 1384
f 1515 1512 1511
f 6569 1513 1514
f 1517 1516 1519
f 1522 1516 1384
f 1516 1517 1384
f 1558 1553 1518
f 2761 1522 1088
f 1524 1516 1522
f 2764 1524 1522
f 595 1547 1516
f 1523 1923 1521
f 1523 6656 1923
f 1526 9009 1528
f 1526 8990 9009
f 1528 1533 1526
f 1533 1529 1526
f 1537 1527 9011
f 1532 1531 1530
f 1528 1530 1531
f 1528 9009 1530
f 1534 1531 1532
f 1533 1531 1534
f 1528 1531 1533
f 1534 1539 1533
f 1539 1535 1533
f 1535 1529 1533
f 1535 9008 1529
f 1538 1532 1530
f 1534 1532 1538
f 1538 1539 1534
f 1535 1536 9008
f 1519 1541 1434
f 1542 1507 1435
f 1435 1543 1542
f 1545 1542 1543
f 1628 1540 1632
f 1631 1632 1540
f 1519 1544 1541
f 1544 1548 1541
f 1546 1545 1543
f 1516 1547 1519
f 1547 1544 1519
f 1550 1544 1547
f 1549 1546 1543
f 1550 592 1544
f 1773 1549 1543
f 592 594 1544
f 1544 594 1548
f 1547 595 1550
f 592 1550 595
f 1773 1543 596
f 1452 1458 1566
f 1458 1551 1566
f 1552 1460 1459
f 1459 1456 1454
f 1460 1552 1556
f 1554 1566 1555
f 1566 1551 1555
f 1552 1459 1559
f 674 1556 1557
f 1558 1562 1559
f 1553 1558 1559
f 1555 1560 1554
f 1560 1555 1628
f 1559 1562 1552
f 1459 1567 1559
f 1562 1563 1552
f 1567 1459 1454
f 1564 1561 1557
f 1557 1556 1564
f 1564 1556 1563
f 1556 1552 1563
f 1518 1562 1558
f 1565 1554 1560
f 1569 1563 1562
f 1518 1569 1562
f 1554 1565 1566
f 1561 1564 681
f 1564 1563 1573
f 1568 1518 1553
f 1553 1559 1568
f 1559 1567 1568
f 1573 1563 1569
f 1575 681 1564
f 1575 1564 1573
f 1570 1518 1568
f 1570 1569 1518
f 1576 1569 1570
f 1576 1568 1567
f 1565 1560 1571
f 1572 1569 1576
f 1572 1573 1569
f 1578 1454 1566
f 1570 1568 1576
f 1577 1565 1571
f 1577 1578 1565
f 1578 1566 1565
f 1573 1572 1575
f 1575 1574 681
f 1572 1583 1575
f 1571 1647 1577
f 1572 1576 1582
f 1567 1586 1576
f 1582 1579 1572
f 1586 1567 2089
f 2089 1567 1578
f 1567 1454 1578
f 1581 1574 1583
f 1574 1575 1583
f 1572 1579 1583
f 1585 1647 1580
f 1585 1577 1647
f 1582 1576 1586
f 1583 1579 1584
f 1577 1585 1588
f 1588 1578 1577
f 1581 1583 553
f 1586 1587 1582
f 1587 1579 1582
f 553 1583 2091
f 1583 1584 2091
f 1584 1579 1587
f 1585 1652 1588
f 1652 1659 1588
f 1587 2090 1584
f 1589 1592 1590
f 596 1589 1590
f 596 1590 1594
f 1594 1590 2412
f 1593 2411 594
f 2411 1591 594
f 2412 1590 1592
f 1591 2411 1592
f 2411 2412 1592
f 1595 1598 1600
f 1596 1597 1599
f 1600 1602 1599
f 1599 1602 1601
f 1600 1598 1602
f 7939 1601 1602
f 1599 1595 1600
f 1595 1599 1597
f 1605 1606 1604
f 1605 1604 1610
f 1606 1603 1607
f 1607 1603 1608
f 1604 1606 1612
f 7970 1609 1604
f 7970 1604 1612
f 1609 1610 1604
f 1611 1614 7994
f 1614 8001 7994
f 1615 1612 1613
f 1613 1612 1606
f 1613 1606 1607
f 1614 7973 1616
f 1614 1616 8001
f 1619 1617 1620
f 1620 1617 1618
f 3571 3664 1620
f 1620 3664 1619
f 1624 1623 3666
f 1624 3666 1622
f 7194 1624 1622
f 7194 3671 1624
f 7192 3672 3671
f 1510 1626 1503
f 1509 1507 1629
f 1629 1630 1509
f 1458 1508 1551
f 1630 1627 1509
f 1542 1629 1507
f 1540 1628 1551
f 1555 1551 1628
f 1506 1627 1634
f 1545 1629 1542
f 1637 1631 1626
f 1545 1636 1629
f 1637 1626 1510
f 1630 1629 1636
f 1630 1634 1627
f 1628 1632 1560
f 1638 1637 1510
f 1630 1633 1634
f 1633 1630 1636
f 1506 1634 1640
f 1637 1635 1631
f 1635 1632 1631
f 1510 1643 1638
f 1640 1634 1633
f 1643 1510 1506
f 1545 1546 1641
f 1632 1635 1560
f 1633 1545 1641
f 1633 1636 1545
f 1639 1506 1640
f 1639 1643 1506
f 1641 1644 1633
f 1571 1560 1642
f 1560 1635 1642
f 1635 1637 1642
f 1637 1638 1642
f 1571 1642 1645
f 1642 1638 1645
f 1646 1645 1638
f 1643 1639 1650
f 1644 1640 1633
f 1638 1643 1646
f 1549 1641 1546
f 1649 1644 1641
f 1639 1653 1650
f 1639 1640 1653
f 1646 1643 1650
f 1571 1648 1647
f 1648 1571 1645
f 1649 1641 1549
f 1651 1653 1640
f 1644 1651 1640
f 1644 1649 1651
f 1647 1648 1580
f 1656 1648 1645
f 1646 1656 1645
f 1646 1650 1656
f 1660 1656 1650
f 1652 1580 1648
f 1657 1649 1549
f 1652 1648 1659
f 1659 1648 1656
f 1580 1652 1585
f 1773 1657 1549
f 1655 1654 1653
f 1658 1649 1657
f 1653 1654 1650
f 1653 1651 1655
f 1655 1651 1649
f 1659 1656 1661
f 1660 1650 1654
f 1658 1655 1649
f 12136 1663 1667
f 1662 1663 1664
f 1663 12136 1664
f 1667 1668 12135
f 1667 1663 1666
f 1665 1663 1662
f 1666 1668 1667
f 1663 1674 1666
f 1663 1665 1670
f 1670 1674 1663
f 1674 1668 1666
f 1671 1672 1670
f 1674 1670 1672
f 1674 2374 1668
f 1668 2374 1669
f 1675 1674 1672
f 1678 2374 1674
f 1671 1673 1672
f 1673 1675 1672
f 1676 1675 1673
f 1674 1677 1678
f 1675 1677 1674
f 1676 1677 1675
f 1678 7480 2374
f 7480 10133 2374
f 1676 7479 1677
f 1689 1680 1681
f 1685 1680 1684
f 4254 1679 1683
f 1688 4258 4252
f 1683 1690 4254
f 1691 1681 1693
f 1693 1681 1686
f 1702 4252 1689
f 1690 4259 4254
f 1689 1681 1691
f 1690 1683 1696
f 1708 1694 3238
f 3098 1729 1682
f 1715 1684 4259
f 1705 1685 1684
f 1714 1689 1691
f 1716 7609 1682
f 1705 1692 1685
f 7646 1697 1692
f 1686 1687 1697
f 9786 3154 1698
f 1695 1707 1723
f 1695 1700 1701
f 1695 1723 1700
f 1704 1702 1689
f 1704 1689 1714
f 1715 4259 1690
f 1729 1716 1682
f 1734 1714 1691
f 1705 1690 1696
f 1705 1696 7623
f 1705 7646 1692
f 7646 1693 1686
f 1686 1697 7646
f 1707 1695 1701
f 1699 1688 1702
f 1702 1688 4252
f 1711 1700 1723
f 1715 1690 1705
f 1705 7623 7635
f 7646 1705 7635
f 7619 7646 7635
f 1701 1723 1707
f 1721 1699 1702
f 1701 1710 1723
f 1723 1709 1711
f 1701 1700 1710
f 1702 1704 1703
f 1700 1725 1710
f 1703 1712 1711
f 1713 14670 1703
f 1703 1704 1713
f 1726 1700 1711
f 1726 1711 1712
f 1725 1700 1732
f 1732 1700 1717
f 1704 1714 1734
f 1716 1719 1706
f 7655 1716 1706
f 1724 1721 1702
f 1711 1709 1745
f 1711 1724 1703
f 1702 1703 1724
f 14670 1712 1703
f 14670 1713 1712
f 1733 1700 1726
f 1727 1716 1729
f 1732 1717 1718
f 1733 1717 1700
f 1718 1717 1733
f 1734 1691 1693
f 1733 1720 1718
f 1720 1733 14574
f 1727 1728 1716
f 1716 1728 1719
f 1735 1721 1724
f 1723 1710 1709
f 1709 1710 1731
f 1745 1730 1711
f 1724 1711 1730
f 1741 1712 1713
f 1741 1713 1737
f 1713 1704 1737
f 1737 1704 1734
f 1738 14574 1733
f 1739 1718 1720
f 7651 1728 7655
f 1728 1727 7655
f 7652 1728 7651
f 1730 1740 1724
f 1731 1710 1725
f 1731 1725 1732
f 1748 1736 1726
f 1748 1726 1712
f 1749 1727 1729
f 1739 1732 1718
f 1736 1733 1726
f 1733 1736 1738
f 1743 1734 7661
f 7661 1734 1693
f 7661 1693 7656
f 1709 1731 1755
f 1740 1735 1724
f 1755 1745 1709
f 1745 1740 1730
f 1748 1712 1741
f 1742 1741 1737
f 1732 1739 1736
f 1736 1739 1738
f 1749 1750 1727
f 1744 1755 1731
f 1740 1751 1735
f 1748 1741 1746
f 1732 1747 1731
f 1748 1747 1732
f 1736 1748 1732
f 1752 5698 5697
f 1743 1737 1734
f 1752 5697 5699
f 1744 1731 1747
f 1747 1748 1755
f 1745 1755 1748
f 1740 1745 1748
f 1746 1740 1748
f 1746 1751 1740
f 1741 1742 1746
f 1737 1743 1742
f 1752 1749 1757
f 5698 1752 1757
f 1758 1750 1749
f 1749 1752 1758
f 1752 5699 1758
f 1753 1758 5699
f 1754 1755 1744
f 1747 1764 1744
f 1756 1746 1763
f 1763 1746 1742
f 1749 7521 1757
f 1743 1769 1742
f 1769 1743 7661
f 1759 1755 1754
f 1764 1747 1759
f 1755 1759 1747
f 1760 1751 1746
f 1760 1746 1756
f 1763 1742 1769
f 1768 1762 1761
f 1769 7661 7524
f 7669 7524 7661
f 1750 1758 1770
f 1753 1770 1758
f 7526 1764 1759
f 7526 1759 1754
f 1765 1762 7519
f 1762 1765 7520
f 7554 1749 1729
f 7554 7521 1749
f 7520 1761 1762
f 1756 1763 1769
f 1767 1768 1761
f 1770 7532 1750
f 1543 1435 1772
f 1548 1771 1541
f 1543 1772 1589
f 1589 1772 1771
f 1548 1592 1771
f 1548 594 1591
f 1591 1592 1548
f 1771 1592 1589
f 596 1543 1589
f 1658 1657 1773
f 1658 1775 1655
f 1658 1773 1775
f 1661 1656 1780
f 1780 1656 1660
f 1776 1773 596
f 1773 1776 1774
f 1774 1775 1773
f 1778 1661 1780
f 1660 1654 1775
f 1780 1660 1775
f 1654 1655 1775
f 1661 1778 1777
f 1777 2113 1661
f 1781 1780 1775
f 1776 596 1785
f 1777 1778 1779
f 1781 1775 1787
f 1787 1775 1774
f 1782 1780 1781
f 1788 1774 1776
f 1791 2113 1777
f 1778 1786 1779
f 1774 1788 1787
f 1786 1778 1780
f 1785 596 1594
f 1776 1785 1788
f 1779 1791 1777
f 1782 1786 1780
f 1783 1791 1779
f 1783 1779 1786
f 1782 1781 1787
f 1784 1788 1785
f 1789 1791 1783
f 1783 1786 1789
f 1795 1787 1788
f 1787 1786 1782
f 1790 1786 1787
f 1784 1785 1594
f 1793 1795 1788
f 1787 1795 1790
f 1792 1791 1789
f 1793 1788 1784
f 1793 1794 1795
f 1795 1794 1790
f 1790 1794 1798
f 1799 1792 1789
f 1796 1792 1799
f 1793 1784 360
f 1802 1794 1793
f 1789 1786 1798
f 1786 1790 1798
f 360 1802 1793
f 1798 1794 1802
f 1789 1797 1799
f 1789 1798 1797
f 1799 1801 1796
f 1784 2412 353
f 1801 357 1800
f 1800 358 1801
f 2142 1801 358
f 355 1802 360
f 360 1784 353
f 354 1802 355
f 354 1803 1802
f 1802 1803 1798
f 1797 363 362
f 363 1798 1803
f 1798 363 1797
f 1799 1797 356
f 1799 356 1801
f 1801 356 357
f 1804 88 90
f 1805 90 89
f 1806 1805 9464
f 1814 88 1804
f 1812 1804 1805
f 90 1805 1804
f 1805 1806 1812
f 1808 1810 1809
f 1808 1813 1810
f 1804 1816 1814
f 1808 1812 1813
f 1808 1809 1807
f 1806 1813 1812
f 1811 1819 1815
f 1816 1804 1817
f 10572 1817 1807
f 1807 1817 1812
f 1817 1804 1812
f 1812 1808 1807
f 12800 1818 1819
f 1815 1819 1820
f 1819 1818 1821
f 1814 1816 1818
f 1820 1819 1822
f 1818 1816 1821
f 1819 1821 1822
f 1816 1817 1821
f 1821 10572 1822
f 1817 10572 1821
f 1827 1828 12120
f 1823 1825 1832
f 1832 1827 1823
f 1827 1830 1828
f 1825 1829 1832
f 1832 1830 1827
f 1830 1833 1828
f 1838 1829 1831
f 1834 1832 1829
f 1832 1834 1830
f 1830 1835 1833
f 1830 1834 1839
f 1834 1829 1838
f 1839 1835 1830
f 1835 1836 1833
f 1835 1842 1836
f 1840 1831 1837
f 1840 1838 1831
f 1838 1841 1834
f 1834 1841 1839
f 1835 1839 1842
f 1840 1841 1838
f 1839 7394 1842
f 1837 1843 1840
f 1843 1841 1840
f 7393 1839 1841
f 7394 1839 7393
f 7394 1664 1842
f 11364 1846 1844
f 1847 1845 1846
f 1847 1846 1849
f 8643 1845 1847
f 1848 8643 1847
f 1850 1848 1847
f 1854 1851 1852
f 1854 1852 7322
f 11300 1851 1854
f 7322 1852 7318
f 1853 11300 1854
f 8585 1854 7322
f 1856 1855 1857
f 4161 1856 1857
f 1858 1856 4161
f 7495 4161 1857
f 1859 1856 1858
f 4163 1859 1858
f 4163 1858 4161
f 1784 1594 2412
f 353 2412 2414
f 1862 1860 1864
f 1864 1860 1861
f 1863 1864 12418
f 11016 12418 1864
f 12418 11016 12420
f 1872 1865 6223
f 1868 1867 6417
f 1867 1869 6417
f 1867 5971 1866
f 1870 1865 1872
f 1869 1871 8137
f 1870 1867 1866
f 1867 1871 1869
f 11306 1872 6223
f 1873 1871 1867
f 1873 1867 1870
f 1870 1871 1873
f 1874 1872 11306
f 4901 8143 1495
f 1879 1870 1872
f 1879 8143 1870
f 1870 8143 1871
f 1877 1879 1872
f 1879 1495 8143
f 1874 1877 1872
f 1875 1495 1879
f 1874 1876 1877
f 1876 1878 1877
f 1879 1877 1878
f 1875 1879 1878
f 1874 1880 1876
f 1874 1537 1880
f 1882 1881 9279
f 1886 1882 9279
f 1886 9279 1884
f 1887 1884 9282
f 1883 10971 1882
f 1883 1882 1886
f 1884 1885 1886
f 1885 1884 1887
f 1883 1886 1885
f 1091 1885 1887
f 1885 1888 1883
f 1090 1888 1885
f 1891 1893 1890
f 1891 1896 1893
f 1896 318 1893
f 1894 1892 1897
f 1894 1897 1898
f 1898 1960 1893
f 1961 1900 2054
f 1899 1901 1892
f 1899 8255 1900
f 1890 1893 1895
f 1901 1902 1892
f 1902 1897 1892
f 1903 1897 1902
f 1898 1897 1903
f 1898 1903 1968
f 1905 1891 1890
f 1891 1906 1896
f 1909 1899 1900
f 1902 1901 1908
f 1904 1906 1891
f 1903 1902 1908
f 1905 1904 1891
f 1903 1908 1912
f 1901 1899 1918
f 1918 1899 1909
f 1918 1910 1901
f 1901 1910 1908
f 1890 1895 1905
f 1906 1911 1896
f 1905 1895 1907
f 1913 1906 1904
f 1906 1913 1911
f 1911 1913 324
f 1912 1908 1910
f 1979 1912 1910
f 1913 1904 1974
f 1913 1980 324
f 1914 1918 1919
f 1910 1918 1914
f 1917 1905 1907
f 1980 1913 1974
f 1917 1904 1905
f 1979 1910 1914
f 985 1916 1904
f 1916 1974 1904
f 1917 985 1904
f 1920 1979 1914
f 1922 1916 985
f 1922 1921 1916
f 1919 1920 1914
f 1979 1920 2013
f 988 1919 1918
f 988 1918 995
f 1917 984 985
f 995 1918 996
f 988 987 1919
f 987 1920 1919
f 984 1917 1907
f 985 986 1922
f 996 1918 1909
f 996 1909 1915
f 984 1907 990
f 996 1915 1984
f 986 329 1922
f 1922 329 1921
f 6593 6616 1924
f 2764 8324 1524
f 1925 1923 1926
f 6656 1926 1923
f 6616 1925 1924
f 1524 593 1516
f 1516 593 595
f 1926 6656 1928
f 1928 1924 1925
f 1926 1928 1925
f 6686 1924 1927
f 1924 1928 1927
f 1928 1929 1927
f 6656 6685 1928
f 6685 597 1928
f 1929 1928 597
f 8324 593 1524
f 1929 6694 1927
f 1929 597 6694
f 1930 1934 8324
f 1931 593 8324
f 1934 1931 8324
f 1931 2377 593
f 1931 1932 2377
f 1933 1934 1930
f 1934 1932 1931
f 1933 1932 1934
f 1933 1935 1932
f 1935 2381 1932
f 2057 1935 1933
f 2474 1935 2057
f 2057 5976 2474
f 1942 1939 3222
f 1937 1942 3222
f 1938 10944 1943
f 1940 1939 1941
f 1941 1939 1942
f 1943 1942 1937
f 1938 1943 1937
f 3230 1936 1948
f 1939 1940 1946
f 1936 1944 1948
f 1944 1936 3232
f 1945 1944 3232
f 1946 1940 12273
f 12273 1940 1941
f 1947 1942 1943
f 1947 1941 1942
f 1950 1945 1949
f 1947 12273 1941
f 1948 1944 1951
f 1945 1950 1944
f 1951 1944 1952
f 1952 1944 1950
f 1952 1950 1949
f 1953 1958 1955
f 1954 3171 3174
f 1958 1953 1956
f 1957 3171 1954
f 1956 3175 1958
f 1959 1956 1953
f 1962 1898 1968
f 1960 1898 1962
f 1964 1960 1963
f 1961 1965 1966
f 1960 1962 1963
f 1961 601 1965
f 1964 1893 1960
f 1967 1900 1961
f 1967 1961 1966
f 1969 1962 1968
f 1895 1893 1964
f 1970 1962 1969
f 1970 1963 1962
f 1971 1968 1903
f 1971 1970 1968
f 1970 1969 1968
f 1907 1895 1964
f 1977 1964 1963
f 609 1965 606
f 1970 1977 1963
f 1903 1912 1971
f 1977 1907 1964
f 609 1966 1965
f 1909 1900 1967
f 1973 1972 1971
f 1972 1970 1971
f 1912 1973 1971
f 1982 1907 1977
f 1967 1966 1983
f 1973 1978 1972
f 1983 1966 609
f 1972 1978 1970
f 1978 1976 1970
f 1977 1970 1976
f 1979 1975 1912
f 1975 1973 1912
f 1979 1976 1975
f 1979 1981 1976
f 1981 1977 1976
f 1978 1973 1975
f 1978 1975 1976
f 1916 1980 1974
f 1984 1909 1967
f 1915 1909 1984
f 1916 326 1980
f 1916 1921 326
f 1921 329 326
f 2014 1981 1979
f 1983 1984 1967
f 2014 1985 1981
f 1985 1977 1981
f 1985 1982 1977
f 2027 1983 609
f 1979 2013 2014
f 1907 1982 1985
f 1987 1998 616
f 1998 617 616
f 1988 1989 9413
f 1991 1987 1986
f 1990 797 1989
f 1991 1986 795
f 1990 1989 1988
f 1987 1991 1998
f 1998 1991 1996
f 1993 1997 9414
f 1993 9414 1992
f 797 1990 1995
f 1995 1990 1994
f 1997 1993 1995
f 2002 1996 1991
f 1995 1994 1997
f 2001 801 797
f 801 2001 800
f 800 2001 2002
f 798 2002 1991
f 744 802 1993
f 1993 1992 744
f 802 1999 1993
f 1999 2001 1995
f 2001 797 1995
f 1995 1993 1999
f 2002 2000 1996
f 2000 1998 1996
f 2005 1998 2000
f 1998 2010 2027
f 803 1999 802
f 2003 2004 2000
f 2001 2007 2002
f 2002 2003 2000
f 2000 2004 2005
f 2005 2010 1998
f 803 2001 1999
f 803 2007 2001
f 2004 2008 2005
f 2002 2007 2003
f 807 806 2006
f 2007 803 807
f 807 2006 2007
f 2006 2003 2007
f 2006 2004 2003
f 2006 2008 2004
f 2010 2005 2008
f 806 805 808
f 806 808 2009
f 806 2009 2006
f 2009 2008 2006
f 2009 808 2008
f 808 2010 2008
f 808 2011 2010
f 2012 2010 2011
f 2011 808 2929
f 2930 2011 2929
f 1984 1983 2018
f 2018 1983 2027
f 2017 989 991
f 2017 2019 2013
f 2017 2013 989
f 2014 2013 2019
f 2019 2016 2014
f 2015 2014 2016
f 2014 2015 1985
f 617 2027 609
f 990 1907 2035
f 2035 1907 1985
f 2035 1985 2015
f 1998 2027 617
f 2017 991 2020
f 2020 991 1004
f 994 1984 2018
f 2017 2020 2021
f 2021 2019 2017
f 2016 2024 2015
f 2015 2024 2036
f 2036 2035 2015
f 2022 2021 2020
f 2021 2022 2023
f 2023 2024 2021
f 2021 2024 2019
f 2024 2016 2019
f 2020 1004 2022
f 1003 994 2018
f 2025 2023 2022
f 2025 2026 2023
f 2023 2026 2024
f 2030 2024 2026
f 2030 2036 2024
f 2022 1004 2028
f 2022 2026 2025
f 2022 2028 2026
f 1003 2018 2029
f 2032 990 2035
f 2029 2018 2027
f 2039 2027 2010
f 1008 2028 1004
f 2033 2026 2028
f 2033 2030 2026
f 2039 2010 2012
f 1008 2034 2028
f 1003 2029 2031
f 2039 2029 2027
f 1013 2034 1008
f 1015 2032 2037
f 2034 2033 2028
f 2033 2036 2030
f 2037 2032 2035
f 2981 2031 2029
f 2981 2029 2039
f 2034 2038 2033
f 2033 2986 2036
f 2986 2035 2036
f 2037 2035 2986
f 2041 2043 2040
f 2043 2044 2040
f 2044 8233 2040
f 2045 2043 2041
f 2045 2048 2043
f 2048 2044 2043
f 2048 8256 2044
f 2048 2045 2049
f 2049 2045 6514
f 2048 2049 1106
f 2048 1101 8256
f 1106 1101 2048
f 2051 8256 1101
f 1103 2050 1102
f 1106 2050 2047
f 1106 2047 1101
f 2050 1103 2046
f 2050 2052 2047
f 1101 2047 8253
f 1101 8253 2051
f 1104 2046 1103
f 2052 2050 2046
f 8253 2047 2053
f 2046 1104 2766
f 2052 2046 2766
f 2766 1105 2052
f 2052 1105 2054
f 2052 2054 2047
f 2047 2054 2053
f 1105 2055 2054
f 2057 1933 1930
f 2059 2060 2056
f 5977 2058 2060
f 2060 2059 411
f 5977 2057 2058
f 5720 2060 411
f 5720 5975 2060
f 5979 2060 5975
f 5979 5977 2060
f 5977 5976 2057
f 9897 2071 2062
f 2071 2065 2062
f 2067 2065 2061
f 2065 2066 2061
f 4284 2064 2068
f 2064 2061 2068
f 2064 2067 2061
f 2061 2066 5522
f 9896 2070 2063
f 2075 2062 2065
f 2071 9897 9899
f 2070 2072 2063
f 2072 2064 2063
f 2073 2065 2067
f 2071 2066 2065
f 2067 2064 2072
f 2069 2066 2071
f 2073 2075 2065
f 2074 2069 2071
f 2078 2071 9899
f 2078 2083 2071
f 2084 2072 2070
f 2071 2083 2074
f 2076 2073 2072
f 2072 2073 2067
f 2087 2084 2070
f 2079 2075 2073
f 2085 2079 2073
f 2084 2076 2072
f 2085 2073 2081
f 2074 2083 2080
f 2086 2081 2076
f 2076 2081 2073
f 2085 2081 2080
f 2074 2080 2082
f 2081 10784 2080
f 2082 2080 2077
f 2078 2079 2083
f 2079 2085 2083
f 2086 2076 2084
f 2083 2085 2080
f 2081 2086 10784
f 2084 2087 4287
f 2088 10789 2084
f 2084 10789 2086
f 4287 2088 2084
f 1588 1659 2098
f 1587 2097 2096
f 1586 2097 1587
f 2096 2090 1587
f 1584 2092 2091
f 2090 2092 1584
f 2092 2090 2093
f 2090 2100 2093
f 2094 2096 2095
f 2095 2096 2097
f 1586 2089 2097
f 1659 1661 2113
f 2098 1578 1588
f 2103 2090 2096
f 2090 2103 2104
f 2091 2099 553
f 2091 2092 2099
f 555 553 556
f 553 2099 556
f 2100 2090 2104
f 2092 2093 2099
f 2099 2093 556
f 2105 2093 2100
f 2094 2095 2101
f 2095 2097 2101
f 2102 2096 2094
f 2098 1659 2113
f 2103 2096 2102
f 2089 1578 2114
f 2114 1578 2098
f 2110 2100 2104
f 556 2093 2105
f 2094 2101 2102
f 2102 2101 2107
f 2101 2097 2089
f 2103 2102 2107
f 2107 2125 2103
f 2105 2106 556
f 2108 2106 2105
f 2108 2105 2100
f 2112 2101 2089
f 2121 2114 2098
f 2103 2125 2104
f 2115 2110 2104
f 2108 2100 2110
f 2109 2107 2101
f 2109 2111 2107
f 2109 2101 2112
f 2121 2098 2113
f 2111 2125 2107
f 2125 2115 2104
f 2108 559 2106
f 2089 2119 2112
f 2117 2108 2110
f 2120 2109 2118
f 2118 2109 2112
f 2109 2123 2111
f 2109 2120 2123
f 2089 2114 2119
f 2111 2123 2125
f 2115 2116 2110
f 559 2108 2117
f 2126 2120 2118
f 2112 2119 2118
f 2114 2121 2124
f 2122 2125 2120
f 2125 2123 2120
f 2116 2125 2122
f 2125 2116 2115
f 2117 562 559
f 2110 2116 2117
f 2138 562 2117
f 2128 563 2127
f 2129 2118 2119
f 563 565 2127
f 2128 2127 2126
f 2126 2127 2120
f 2121 2113 2131
f 2113 1791 2131
f 565 2132 2127
f 2120 2127 2122
f 2119 2114 2129
f 2131 2124 2121
f 2124 2131 2134
f 2127 2132 2122
f 2129 2114 2124
f 2116 2122 2136
f 2118 2130 2126
f 563 2128 564
f 2126 2130 2128
f 2118 2129 2130
f 564 2128 2132
f 2130 2133 2128
f 2130 2129 2133
f 2132 2128 2133
f 2131 1791 2134
f 1791 1792 2134
f 2124 2133 2129
f 2134 2133 2124
f 2132 2133 566
f 2133 2135 566
f 2134 1792 1796
f 2133 2134 2135
f 2134 1796 2135
f 2136 568 2116
f 568 2138 2117
f 568 2117 2116
f 567 2138 2139
f 2140 2136 566
f 566 2135 2140
f 2135 1796 1801
f 2135 1801 2137
f 2140 568 2136
f 568 569 2138
f 2135 2137 2140
f 2140 2141 568
f 569 2139 2138
f 2139 569 567
f 2137 2141 2140
f 2141 2137 2143
f 2137 1801 2142
f 2141 2143 568
f 568 2143 569
f 571 569 2143
f 2137 2142 2143
f 2143 2142 2144
f 2144 2142 358
f 571 2143 2144
f 2146 571 2144
f 2144 358 370
f 2146 2145 571
f 2147 362 361
f 2149 362 2147
f 2152 2144 370
f 2146 2787 2145
f 2146 2153 2787
f 361 364 2147
f 2147 2148 2149
f 2150 2149 2148
f 2146 2144 2151
f 2151 2144 2152
f 2166 2147 364
f 2154 2155 2148
f 2148 2155 2150
f 2152 370 2157
f 2157 370 371
f 2151 2178 2146
f 2152 2158 2151
f 2153 2146 2159
f 2157 2162 2156
f 2162 2157 371
f 2162 371 374
f 2157 2158 2152
f 364 366 372
f 2166 364 2168
f 2168 364 2167
f 2161 2169 2154
f 2169 2160 2154
f 2160 377 2154
f 2154 377 2155
f 379 2162 374
f 2174 2157 2156
f 380 2164 2162
f 2162 379 380
f 2157 2174 2158
f 2158 2165 2151
f 2178 2151 2181
f 364 372 2167
f 372 381 2167
f 2168 2161 2166
f 2160 2167 377
f 2167 381 377
f 2161 2168 2169
f 2167 2169 2168
f 2167 2160 2170
f 2169 2170 2160
f 2171 2173 2169
f 2172 2173 2171
f 2179 2173 2164
f 2172 2174 2173
f 2158 2176 2163
f 2175 2151 2165
f 2165 2158 2163
f 2176 2158 2174
f 2175 2181 2151
f 2177 2181 2175
f 2175 2176 2177
f 7431 2178 2181
f 2181 2177 2182
f 2177 380 385
f 2170 2169 2173
f 2179 2174 2172
f 2164 2174 2179
f 2176 2175 2165
f 2163 2176 2165
f 2174 2164 2180
f 2180 2176 2174
f 2180 2164 380
f 2177 2176 2180
f 2180 380 2177
f 7431 2181 2185
f 2177 2183 2182
f 2177 385 2183
f 14575 2171 2184
f 2170 2184 2171
f 2170 2173 2184
f 2173 2179 2184
f 2172 14575 2184
f 2172 2184 2179
f 2183 385 2187
f 390 2187 385
f 2182 2185 2181
f 7431 2185 2188
f 2185 2182 2186
f 2182 2183 2187
f 2185 2186 2188
f 2186 2182 2814
f 2182 2187 2814
f 2190 2199 2192
f 404 2192 397
f 401 2199 409
f 2189 2191 2553
f 2191 2189 2193
f 2193 2194 2191
f 2191 2194 2200
f 2195 409 2199
f 2189 2553 2574
f 2561 2553 2191
f 2561 2191 2197
f 2576 2192 404
f 2576 2563 2192
f 2563 2190 2192
f 2198 2197 2191
f 2200 2198 2191
f 2200 2194 2202
f 2566 2200 2202
f 2204 10756 2205
f 10756 2206 2205
f 2204 2205 2207
f 2205 2206 2207
f 2207 2206 2210
f 2206 10755 2210
f 2207 2210 10761
f 2208 2210 10755
f 10755 2209 2208
f 2211 2207 10761
f 2212 2204 2207
f 2212 2207 2211
f 2213 2212 2211
f 10763 2213 2211
f 2214 2212 2213
f 2214 2213 2215
f 10767 2213 10763
f 10767 10763 10766
f 2215 2213 10767
f 2217 2216 2214
f 2215 2217 2214
f 10767 2217 2215
f 10770 2217 10767
f 2222 2221 2219
f 5594 2219 2220
f 2221 2220 2219
f 2227 2218 2222
f 5594 2225 2219
f 2222 2219 2225
f 2223 2225 5594
f 2226 2227 2222
f 2225 2223 2224
f 6983 2226 2222
f 6983 2222 2225
f 2229 2227 2226
f 2228 2226 6983
f 6020 2227 2229
f 2230 2229 2226
f 2230 2226 2228
f 6020 2229 2230
f 317 319 2231
f 2231 319 2233
f 2231 2233 2236
f 12557 2236 2232
f 2234 2236 2233
f 2234 2233 319
f 322 2237 2234
f 322 2234 319
f 2234 2237 2235
f 2235 2238 2234
f 2236 2238 2232
f 2237 322 2239
f 2240 2235 2237
f 2235 2240 2238
f 2234 2238 2236
f 322 323 2239
f 2239 2241 2237
f 2241 2240 2237
f 2241 2238 2240
f 323 324 2239
f 324 2241 2239
f 2241 2251 2238
f 2238 2242 10901
f 1980 326 324
f 326 2249 324
f 2249 2241 324
f 2245 2243 2244
f 2243 2246 2244
f 2244 2247 2245
f 2244 2242 2247
f 2242 2238 2247
f 2246 2242 2244
f 2246 2248 2242
f 2248 10901 2242
f 2243 2245 2250
f 2243 2250 2246
f 2251 2335 2238
f 2238 2335 2247
f 2245 2252 2250
f 2245 2247 2252
f 2247 2335 2252
f 2250 2248 2246
f 2250 2252 2248
f 2252 10901 2248
f 2249 326 2255
f 2255 2253 2249
f 2253 2241 2249
f 2241 2254 2251
f 10901 2252 2335
f 2254 2335 2251
f 327 2256 2255
f 2256 2253 2255
f 2254 2241 2253
f 2262 218 11478
f 2259 220 218
f 2259 2260 220
f 2263 2260 2259
f 2263 2265 2261
f 218 2262 2259
f 2262 2257 2259
f 2259 2257 2264
f 2258 2264 2257
f 2259 2264 2263
f 2263 2261 2260
f 2264 2258 2266
f 2260 2261 8626
f 2261 2265 8626
f 2263 2264 2265
f 2265 2264 8774
f 329 986 2268
f 2267 2268 986
f 2267 986 2269
f 2337 2268 2267
f 2270 2267 2269
f 2271 2337 2267
f 999 2271 2270
f 2271 2267 2270
f 2272 999 1001
f 2272 2275 999
f 2275 2271 999
f 2275 2273 2271
f 2272 2274 2275
f 2274 2277 2275
f 2273 2275 2276
f 2277 2274 2278
f 2281 2277 2278
f 2279 2274 2272
f 2280 2281 2278
f 2282 2274 2279
f 2282 2279 1012
f 2282 7218 2274
f 2278 2274 7218
f 7218 2280 2278
f 1010 2844 1012
f 2282 1012 2844
f 2286 2285 2284
f 2284 2285 2287
f 2286 2289 2285
f 2285 2289 2287
f 2292 2291 2290
f 2290 2291 2293
f 2292 2294 2291
f 2291 2294 2293
f 2296 2298 2297
f 5433 2297 2283
f 2297 2298 2303
f 2297 2288 2283
f 2297 2303 2299
f 2286 2284 2299
f 2286 2299 2300
f 2300 2299 2303
f 2284 2287 2301
f 2284 2301 2299
f 2299 2301 2297
f 2301 2288 2297
f 2298 4752 2303
f 2303 2306 2300
f 2289 2286 2300
f 2289 2300 2302
f 2302 2300 2306
f 2287 2289 2302
f 2287 2302 2301
f 2301 2302 2306
f 2288 2301 2306
f 2288 2306 2310
f 2288 2310 2283
f 2283 2310 2304
f 2306 2303 2305
f 2292 2290 2305
f 2292 2305 2307
f 2307 2305 2303
f 2290 2293 2308
f 2290 2308 2305
f 2305 2308 2306
f 2306 2308 2310
f 4752 4997 2303
f 2307 2303 10504
f 2294 2292 2307
f 2294 2307 2309
f 2309 2307 10504
f 2293 2294 2309
f 2293 2309 2308
f 2308 2309 2310
f 2303 4997 10504
f 2309 10504 2310
f 2317 2311 2313
f 2311 2312 2313
f 3137 9058 2314
f 3137 2315 9058
f 2316 2314 9058
f 2311 2320 3130
f 2311 2317 2320
f 2317 2318 2322
f 3141 2312 2311
f 2314 2313 2312
f 2313 2314 2318
f 2313 2318 2317
f 2314 2312 3137
f 2316 2318 2314
f 2316 2323 2318
f 2323 2316 2325
f 2324 2320 2319
f 2319 2320 2321
f 2320 2317 2322
f 2319 2321 11442
f 2321 2322 11442
f 2321 2320 2322
f 2322 2318 2323
f 12402 11442 2322
f 12403 2322 2323
f 11813 2327 2328
f 9262 2326 2329
f 2330 11813 2328
f 2330 2328 2326
f 2330 2326 2332
f 2332 2326 9262
f 2331 11813 2330
f 10967 2331 2330
f 10966 2330 2332
f 2333 2332 1881
f 1881 2332 9262
f 10967 2330 10966
f 10966 2332 2333
f 2268 327 329
f 2256 2254 2253
f 2334 327 2268
f 2334 2256 327
f 2256 2339 2254
f 2254 2338 2335
f 2334 2339 2256
f 2336 2268 2337
f 2268 2336 2334
f 2338 2254 2339
f 2335 2338 10905
f 2338 2339 2346
f 2336 2341 2334
f 2341 2339 2334
f 2271 2336 2337
f 2271 2273 2340
f 2340 2336 2271
f 2340 2273 2276
f 2341 2336 2340
f 2339 2341 2343
f 2344 2338 2346
f 2346 2339 2343
f 2277 2342 2275
f 2341 2340 2342
f 2340 2276 2275
f 2275 2342 2340
f 2345 2342 2277
f 2345 2348 2342
f 2348 2341 2342
f 2348 2343 2341
f 2281 2345 2277
f 5283 2348 2345
f 2346 2347 2344
f 5282 2281 7220
f 7220 2281 2280
f 5282 5284 2281
f 2281 5284 2345
f 5284 5283 2345
f 2343 2347 2346
f 2351 2350 2349
f 2352 10087 2350
f 2351 2349 8349
f 2352 2350 2351
f 11503 2352 2351
f 2356 2353 2355
f 2356 2355 2359
f 2359 2355 2354
f 2359 2354 12241
f 2358 2356 2359
f 2357 2359 12241
f 2358 2359 2362
f 2362 2359 2360
f 2364 2358 2362
f 2360 2359 2361
f 2357 2361 2359
f 2364 2362 2360
f 2363 2366 2368
f 2364 2360 2368
f 2368 2360 2369
f 2365 2369 2360
f 2365 2360 2361
f 6280 7055 2363
f 2363 7055 2366
f 10078 2363 2368
f 10078 2368 2367
f 2367 2368 12323
f 12323 2368 2369
f 2370 2367 12323
f 2373 2371 644
f 2372 12132 12135
f 12135 1668 2372
f 2372 646 12132
f 646 2373 644
f 1668 1669 2372
f 2372 2373 646
f 2372 1669 2373
f 8739 2373 10134
f 10134 2373 2375
f 2374 2376 1669
f 2376 2375 1669
f 1669 2375 2373
f 2377 2378 598
f 1932 2379 2377
f 2379 2378 2377
f 1932 2380 2379
f 2381 2380 1932
f 2530 2382 2381
f 2382 2380 2381
f 2381 1935 2530
f 2383 2404 2406
f 2383 2391 2404
f 2383 5340 2391
f 1047 2393 1056
f 1046 2393 1047
f 1057 1058 2385
f 1056 2393 2392
f 1057 2384 1046
f 2384 1057 2385
f 1056 2392 2386
f 1046 2384 2393
f 1058 6446 2385
f 2386 2392 2394
f 2392 2397 2394
f 2385 2387 2384
f 2393 2399 2392
f 2393 2384 2396
f 2385 6446 2387
f 2397 2392 2399
f 2393 2396 2399
f 2384 2398 2396
f 2384 2387 2398
f 2394 2397 2402
f 2387 6446 2410
f 2397 2399 2402
f 2396 2398 2388
f 2387 2401 2398
f 2387 2410 2401
f 6446 6441 2410
f 2396 2390 2399
f 2399 2403 2402
f 2399 2400 2403
f 2399 2390 2400
f 2390 2396 2404
f 2404 2396 2388
f 2388 2398 2401
f 2389 2410 6441
f 2401 2404 2388
f 2410 2407 2401
f 2404 2401 2406
f 2410 2389 2407
f 2400 2405 2403
f 2400 2390 2405
f 2404 2391 2390
f 2401 2407 2406
f 2389 6449 2407
f 2390 2408 2405
f 2390 2391 2408
f 2391 5340 2408
f 2409 2406 2407
f 2413 2412 2411
f 2380 2411 1593
f 1593 2378 2380
f 2413 2411 2380
f 2415 2412 2413
f 2415 2414 2412
f 2379 2380 2378
f 2416 2413 2380
f 2380 1187 2416
f 2382 1187 2380
f 1187 2413 2416
f 1187 1188 2413
f 1188 2686 2413
f 2420 9526 2419
f 2419 2418 2421
f 2424 2420 2419
f 2424 2419 2421
f 2425 2422 2420
f 2423 2424 2421
f 11810 2423 2421
f 11810 2421 11445
f 2424 2425 2420
f 2425 2424 11804
f 2426 2425 11804
f 11803 11804 2424
f 2424 2423 11810
f 2427 2434 5152
f 2427 5148 3376
f 2433 2427 3376
f 2433 2434 2427
f 2433 3380 2434
f 3380 2430 2429
f 2431 5652 5653
f 2431 2432 2430
f 2432 2431 5648
f 2431 5653 5648
f 5515 2433 3376
f 2433 2440 3380
f 2430 3380 2431
f 2436 2432 5648
f 2436 5648 5651
f 2445 2438 2432
f 2437 2438 5597
f 2439 2433 5515
f 2439 2440 2433
f 2447 3380 2440
f 2435 3380 2447
f 2431 3380 2435
f 5652 2431 2435
f 2445 2432 2436
f 2438 2446 5597
f 2447 2448 2435
f 2435 2448 5652
f 2441 5652 2448
f 2443 2444 2442
f 2449 2436 2444
f 2436 5651 2444
f 2447 2440 2439
f 2454 2443 2447
f 2443 2448 2447
f 2442 2448 2443
f 2441 2448 2442
f 2443 2454 2449
f 2444 2443 2449
f 2449 2450 2436
f 2450 2445 2436
f 5610 2438 2445
f 5610 2446 2438
f 2452 2454 2447
f 2449 2454 2450
f 2450 5610 2445
f 2451 2452 2439
f 2452 2447 2439
f 2452 2453 2454
f 2454 2453 2450
f 2453 2455 2450
f 2456 2458 10338
f 2457 10339 2458
f 5534 2456 5535
f 6970 2456 8525
f 6970 2458 2456
f 2459 2457 2458
f 6970 2459 2458
f 2460 2414 2415
f 2460 376 2414
f 2460 2415 2463
f 2413 2463 2415
f 2460 2462 376
f 2462 2460 2463
f 2461 394 2462
f 2461 2462 7226
f 2465 2463 2413
f 2463 7226 2462
f 2464 7226 2463
f 2465 2464 2463
f 2686 2465 2413
f 406 407 2685
f 2465 2466 2464
f 2758 2465 2686
f 2685 407 2759
f 2759 407 408
f 2758 2466 2465
f 2759 408 7231
f 2467 4550 2468
f 2470 4550 2467
f 2473 2467 2469
f 2473 2470 2467
f 2472 2470 2473
f 2470 2472 4046
f 2473 4044 2472
f 4045 4046 2472
f 2475 2474 5976
f 2474 2529 1935
f 5980 2476 5976
f 5976 2476 2475
f 2474 2475 2532
f 2476 2532 2475
f 2480 2479 2483
f 2483 2484 2480
f 2481 2486 2479
f 2481 2480 2482
f 2481 2479 2480
f 2486 2490 2479
f 2490 2483 2479
f 2480 2484 7617
f 2483 2485 2484
f 2483 2490 2487
f 2483 2487 2485
f 2482 7620 2481
f 7620 2486 2481
f 2489 2490 2486
f 5694 2494 2486
f 2494 2489 2486
f 2492 2490 2489
f 2490 2492 2487
f 2493 2485 2492
f 2485 2487 2492
f 2494 2491 7647
f 2494 7647 2492
f 2494 2492 2489
f 7647 2493 2492
f 1081 2496 2495
f 2496 1441 1437
f 2496 2498 1441
f 2498 2497 1441
f 2497 1438 1441
f 2498 2500 2497
f 2500 5230 2497
f 1081 2498 2496
f 2499 2498 1081
f 2499 2500 2498
f 1086 2501 1081
f 2501 2499 1081
f 2502 2500 2499
f 2507 2499 2501
f 2503 2501 1086
f 1448 1449 2501
f 2501 1449 2504
f 2507 2505 2499
f 2505 2502 2499
f 2501 2503 1448
f 2507 2501 2504
f 2504 674 2507
f 2505 2508 2502
f 2506 2505 2507
f 1557 2507 674
f 1557 2506 2507
f 1557 676 2506
f 676 675 2506
f 675 2505 2506
f 2508 2505 680
f 2505 675 680
f 2509 1466 2511
f 1467 1466 2509
f 4684 1467 2509
f 1468 2511 1466
f 2511 2510 2509
f 2513 4709 2511
f 4709 2513 2512
f 1472 5003 1468
f 1468 5003 2511
f 2516 2515 4693
f 4695 2516 2519
f 4695 2519 2521
f 2520 4695 2521
f 2518 2522 2519
f 4700 2523 2522
f 2524 9889 2521
f 2521 2523 4699
f 2524 2521 4699
f 4699 2526 2524
f 14353 4699 2525
f 4699 2523 2525
f 2525 2523 4700
f 204 2524 2526
f 2526 4699 14353
f 2530 2528 2382
f 1935 2529 2530
f 2528 1187 2382
f 2532 2529 2474
f 2529 2528 2530
f 2529 2532 2531
f 2529 2531 342
f 342 2528 2529
f 2533 2536 2534
f 2537 2534 2535
f 2536 2533 2539
f 2534 2536 2539
f 2534 2539 2535
f 2539 2540 2535
f 2540 6144 2535
f 2535 6144 2537
f 2533 2538 2539
f 2539 2542 2540
f 2540 2542 6144
f 2539 2538 2542
f 2538 2541 2542
f 2542 2541 2543
f 2542 2543 2544
f 2542 2544 9947
f 2543 2541 2544
f 9947 2544 9950
f 2545 8366 2546
f 2546 8366 8365
f 2547 2545 2546
f 2548 2545 2547
f 8376 2546 8365
f 9213 2546 8376
f 9213 2547 2546
f 2547 9218 8866
f 2549 2547 9213
f 9218 2547 2549
f 2550 9218 2549
f 7517 2552 7514
f 7516 10782 2552
f 7493 2551 10782
f 7493 10782 7516
f 7494 7493 7516
f 2559 2189 2574
f 2567 2576 404
f 2563 2557 2190
f 2557 2199 2190
f 2194 2193 2570
f 2200 2566 2198
f 2557 2195 2199
f 2564 2202 2194
f 2555 4391 2557
f 2201 2564 2556
f 2564 2201 2202
f 409 2195 2565
f 2558 2556 2591
f 2202 2203 2566
f 2567 404 2572
f 404 403 2572
f 6089 2562 14576
f 14576 2562 2554
f 14576 2554 2193
f 2569 2555 2563
f 2193 2554 2570
f 2555 2569 2590
f 2555 2557 2563
f 2564 2194 2570
f 2556 2564 2591
f 2557 2565 2195
f 4391 2555 2590
f 4391 2565 2557
f 2559 2574 2636
f 2553 2561 2574
f 2594 2567 2593
f 2576 2567 2594
f 2575 2576 2594
f 2596 2561 2197
f 2596 2197 2568
f 2562 2588 2554
f 2578 2563 2576
f 2568 2197 2581
f 2197 2198 2581
f 2588 2570 2554
f 2586 2579 2570
f 2579 2597 2570
f 2570 2597 2564
f 2597 2582 2564
f 2581 2198 2571
f 2571 2198 2566
f 2593 2567 2601
f 2561 2596 2574
f 2588 2562 2587
f 2586 2588 2587
f 2569 2563 2577
f 2570 2588 2586
f 2580 2597 2579
f 2564 2582 2591
f 2573 2559 2583
f 2584 2574 2596
f 2594 2603 2575
f 2576 2575 2603
f 2596 2568 2581
f 2576 2603 2577
f 2577 2578 2576
f 2577 2612 2569
f 2578 2577 2563
f 2612 2590 2569
f 2589 2581 2605
f 2582 2597 2598
f 2605 2581 2571
f 2598 2591 2582
f 4424 2590 2606
f 2584 2636 2574
f 2593 2601 2600
f 2601 2567 2572
f 2594 2593 2592
f 2594 2592 2595
f 2603 2594 2595
f 2587 2585 2618
f 2603 2612 2577
f 2587 2618 2586
f 2586 2604 2580
f 2597 2580 2604
f 2598 2621 2591
f 2608 4424 2606
f 2572 2599 2601
f 2609 2583 2636
f 2573 2583 2610
f 2600 2602 2593
f 2592 2593 2602
f 2592 2602 2595
f 2613 2584 2596
f 2611 2603 2602
f 2603 2595 2602
f 2611 2612 2603
f 2613 2596 2581
f 2618 2604 2586
f 2581 2589 2613
f 2614 2590 2612
f 2604 2615 2597
f 2597 2615 2598
f 2590 2622 2606
f 2606 2622 2607
f 2606 2607 2608
f 2585 6096 2618
f 2618 2619 2604
f 2604 2620 2615
f 2622 2590 2614
f 2589 2605 2616
f 2621 2598 2615
f 2605 2623 2616
f 4419 2623 2605
f 2625 2600 2601
f 2625 2601 2599
f 2651 2610 2583
f 2627 2610 2651
f 2642 2584 2613
f 2629 2619 2618
f 2611 2654 2612
f 2617 2646 2619
f 2619 2646 2604
f 2616 2613 2589
f 2620 2604 2646
f 2621 2615 2620
f 2622 2616 2623
f 4422 2621 2639
f 2623 4419 2624
f 2624 2607 2622
f 2650 2583 2609
f 2609 2636 2635
f 2626 2602 2600
f 2672 2602 2626
f 2672 2611 2602
f 2643 2619 2629
f 2643 2617 2619
f 6096 2630 2618
f 2643 2646 2617
f 6096 2637 2630
f 2616 2631 2613
f 2631 2616 2622
f 2647 2622 2614
f 2638 2620 2646
f 2621 2620 2632
f 2632 2620 2638
f 2622 2649 2624
f 2634 2633 2623
f 2634 2623 2649
f 2649 2623 2624
f 2641 2600 2625
f 2584 2652 2636
f 2641 2626 2600
f 2652 2584 2642
f 2629 2628 2644
f 2643 2629 2644
f 2672 2654 2611
f 2676 2646 2643
f 2654 2614 2612
f 2631 2622 2647
f 6098 6099 2639
f 2639 2621 2632
f 2632 2638 14671
f 2636 2673 2635
f 2640 2641 2625
f 2599 2640 2625
f 2673 2636 2652
f 2641 2672 2626
f 2675 2627 2651
f 2613 2631 2642
f 2676 2643 2653
f 2645 2655 2656
f 2637 6098 2648
f 2639 2648 6098
f 14672 2659 2649
f 2650 2609 2635
f 2650 2651 2583
f 6105 2627 2675
f 2653 2643 2644
f 2663 2642 2631
f 2631 2664 2663
f 2645 2656 2665
f 2657 2644 2637
f 2631 2647 2664
f 2664 2647 2614
f 2664 2614 2654
f 2655 2666 2656
f 2657 2637 2666
f 2678 2646 2676
f 2666 2637 2648
f 2678 2638 2646
f 2678 2670 2638
f 2666 2648 2658
f 2658 2648 2639
f 2684 14671 2638
f 4453 14671 2684
f 2635 2660 2650
f 2650 2675 2651
f 2661 2652 2642
f 2662 2661 2644
f 2644 2661 2653
f 2661 2642 2663
f 2645 2665 2655
f 2666 2655 2665
f 2666 2658 2656
f 2656 2658 2668
f 2667 2656 2668
f 2670 2678 2669
f 2669 2671 2670
f 2658 2639 4456
f 4456 2639 2632
f 2670 2684 2638
f 4456 2632 14671
f 498 2635 2673
f 2673 2652 2674
f 2674 2652 2661
f 494 2654 2672
f 2676 2653 2661
f 2663 2676 2661
f 2663 2679 2676
f 2657 2677 2644
f 2644 2677 2662
f 2664 2679 2663
f 2677 2657 2666
f 2665 496 2677
f 2666 2665 2677
f 2664 2669 2679
f 6112 496 2665
f 2679 2669 2678
f 2668 2680 2667
f 2681 2680 2668
f 2658 2681 2668
f 2683 2680 2681
f 2671 2669 2682
f 2671 2684 2670
f 222 4453 2684
f 2692 497 2640
f 2660 503 2650
f 503 2660 498
f 2660 2635 498
f 2641 488 2672
f 488 2641 2640
f 497 488 2640
f 489 498 2673
f 2674 489 2673
f 503 490 2650
f 488 491 2672
f 490 2675 2650
f 6111 6105 490
f 6105 2675 490
f 2662 492 2661
f 492 493 2661
f 2674 2661 493
f 491 494 2672
f 2679 14673 2676
f 2679 2678 14673
f 2678 2676 14673
f 2664 2654 494
f 2677 496 2662
f 494 495 2664
f 495 2669 2664
f 6238 2681 6112
f 6112 2681 496
f 495 2682 2669
f 495 500 2682
f 500 501 2682
f 2681 6238 2683
f 501 2671 2682
f 222 2684 2671
f 2687 2685 2686
f 2685 2687 410
f 2572 403 410
f 410 2687 2689
f 2572 410 2690
f 2599 2572 2690
f 2690 410 2688
f 2689 2687 2691
f 410 2689 2688
f 2599 2690 2688
f 2689 2691 4261
f 2692 2640 2599
f 2692 2599 4264
f 2599 2688 4264
f 4264 2688 2689
f 2693 2694 6045
f 2704 2709 5806
f 2693 6044 2703
f 2693 6045 6044
f 2703 2704 2693
f 2703 6044 2695
f 2703 2695 2696
f 5806 2709 1392
f 2704 2703 2709
f 2715 2706 5805
f 2717 2705 2718
f 2701 2714 2699
f 1404 1392 2709
f 1410 5920 1408
f 1408 5920 2716
f 1405 2715 5805
f 2710 2703 2696
f 2710 2709 2703
f 2710 2696 2697
f 2715 2718 2706
f 2717 2707 2705
f 2707 2717 2711
f 2710 2697 2712
f 2712 2697 2698
f 2713 2707 2711
f 2698 2699 2712
f 2712 2699 2713
f 2713 2714 2707
f 2700 2707 2714
f 2713 2699 2714
f 2708 2700 2714
f 2714 2701 2708
f 2708 2701 2702
f 2708 2702 2700
f 1404 2709 2719
f 1408 2716 14674
f 2719 2709 2710
f 2711 2717 2718
f 2719 2710 2718
f 2719 2718 2715
f 2718 2713 2711
f 2710 2712 2718
f 2718 2712 2713
f 1404 2719 2715
f 1405 1404 2715
f 2720 1408 14674
f 14674 2716 2720
f 2721 1415 2729
f 2729 2723 2721
f 2722 2720 1411
f 2737 2723 2729
f 2724 1415 2721
f 2721 2726 2724
f 2726 2721 2723
f 1417 1415 2724
f 2728 1417 2724
f 2724 2725 2728
f 2725 2724 2731
f 2724 2726 2731
f 2723 2733 2726
f 2733 2723 2737
f 2733 2737 2732
f 2735 2730 2727
f 2727 2725 2735
f 2725 2731 2735
f 2722 1411 4852
f 4852 1411 4856
f 6056 2734 2727
f 2727 2734 2725
f 2734 2736 2725
f 2725 2736 2728
f 6055 2735 6056
f 6055 2730 2735
f 2741 2735 2731
f 2743 2731 2726
f 2726 2733 2743
f 1422 2728 2740
f 1422 2737 2729
f 2736 2734 6056
f 2735 2736 6056
f 2736 2735 2741
f 2728 2736 2741
f 2731 2743 2741
f 4849 2732 2737
f 4849 2742 2732
f 2732 2738 2733
f 2732 2742 2738
f 2739 2738 2742
f 2744 2739 2742
f 2744 4844 2739
f 2740 4849 1422
f 1422 4849 2737
f 2740 2728 2741
f 2742 4849 4850
f 4850 2744 2742
f 2738 2743 2733
f 2739 4845 2738
f 2744 4842 4844
f 4845 2739 4846
f 2739 4844 4846
f 2746 2745 6072
f 2748 2745 2746
f 2748 2746 2747
f 2752 6072 2745
f 2752 2745 2748
f 2752 2748 2749
f 2748 2747 2749
f 2750 2753 11825
f 2753 2750 2755
f 2749 6075 2751
f 2752 2749 2751
f 2755 2756 2753
f 14041 2756 2755
f 14041 2755 2757
f 2685 2758 2686
f 2685 2759 2758
f 2758 2759 2466
f 2687 2686 2691
f 4275 2691 2686
f 5891 2760 1089
f 5891 2762 2760
f 2761 2760 2762
f 8323 2761 2762
f 2761 2764 1522
f 2764 2761 8323
f 5894 2763 2762
f 2763 8323 2762
f 8326 2764 8323
f 2763 8327 8323
f 1100 6514 6513
f 6513 1103 1100
f 6514 2765 6513
f 2766 1104 1108
f 1108 1104 2765
f 2770 1108 2765
f 680 2769 2767
f 2771 6514 2769
f 2770 2765 6514
f 2766 1108 2768
f 2769 680 2771
f 2771 2770 6514
f 2772 1108 2770
f 2774 2770 2771
f 2771 680 686
f 2772 2770 2774
f 2775 2771 686
f 2773 1112 2772
f 2776 1112 2773
f 2774 2773 2772
f 2775 2774 2771
f 558 2775 686
f 740 2774 2775
f 740 2773 2774
f 741 2776 2773
f 740 2775 558
f 740 743 2773
f 743 741 2773
f 2145 2784 750
f 2784 2780 750
f 816 2813 817
f 2777 819 8501
f 819 2783 821
f 2783 816 821
f 2813 2929 817
f 2145 2787 2784
f 815 2778 2779
f 819 2777 2783
f 2781 2782 820
f 2778 2786 2779
f 2783 2813 816
f 2785 2780 2784
f 8500 2786 2781
f 2781 2786 2778
f 2782 2781 2778
f 2777 2791 2783
f 2931 2929 2813
f 2159 2787 2153
f 2784 2787 2788
f 2788 2790 2784
f 2788 2789 2790
f 2790 2785 2784
f 2821 2783 2791
f 2801 2787 2159
f 2801 2788 2787
f 2801 2789 2788
f 2793 2792 2794
f 2799 2794 2792
f 2777 2795 2791
f 2821 2813 2783
f 2804 2796 2792
f 2792 2796 2797
f 2796 2805 2797
f 2807 2792 2797
f 2807 2799 2792
f 2799 2807 2798
f 2799 2859 2800
f 2799 2798 2859
f 2795 2812 2791
f 2801 2188 2802
f 2801 2804 2803
f 2801 2802 2804
f 2809 2796 2802
f 2805 2796 2809
f 2806 2807 2797
f 2805 2806 2797
f 2808 2807 2806
f 2808 2798 2807
f 2808 2810 2798
f 2810 2863 2859
f 2798 2810 2859
f 2800 2859 2811
f 2188 2186 2802
f 2796 2804 2802
f 2805 2815 2806
f 2822 2817 2810
f 2810 2817 2863
f 2859 2864 2811
f 2812 2821 2791
f 2820 2931 2813
f 2802 2186 2814
f 2809 2802 2814
f 390 2816 2187
f 2814 2805 2809
f 2805 2814 2815
f 2815 2822 2806
f 2822 2808 2806
f 2822 2810 2808
f 2864 2818 2811
f 2819 2818 2864
f 2867 2819 2864
f 2867 2820 2819
f 2819 2812 8508
f 2819 2821 2812
f 2813 2821 2819
f 2820 2813 2819
f 2812 2795 8508
f 2815 2814 2187
f 2816 2815 2187
f 2816 2822 2815
f 2816 2817 2822
f 2818 2819 8508
f 7432 2823 2556
f 2556 2823 2824
f 2836 2828 2833
f 2833 2828 2826
f 2826 2828 2827
f 2824 2201 2556
f 2201 2824 2825
f 2201 2825 2202
f 2202 2825 2203
f 2825 2831 2203
f 2824 2829 2825
f 4411 2831 2825
f 4411 2825 2829
f 4411 4412 2831
f 2831 4412 2203
f 2203 4412 2834
f 2833 4412 2832
f 4412 2833 2834
f 2834 2833 2826
f 2835 2836 2833
f 2835 2833 2832
f 4398 2826 2827
f 2827 2828 2836
f 2837 2933 4395
f 2840 2838 7780
f 2839 7780 7782
f 2840 7780 2839
f 2841 2838 2840
f 1095 2840 2839
f 1095 2841 2840
f 1095 870 2841
f 870 872 2841
f 1010 1014 2847
f 2856 1014 1015
f 2847 2844 1010
f 2853 2843 2842
f 1014 2846 2847
f 2857 2845 2849
f 2847 2846 2844
f 2848 2853 2842
f 2868 2849 2031
f 2854 2851 2842
f 2857 2854 2845
f 2851 2848 2842
f 2989 2868 2031
f 2855 2846 1014
f 2852 1014 2856
f 2850 2856 1015
f 2855 1014 2852
f 2851 2858 2848
f 2862 2848 2858
f 2853 2848 2862
f 2862 2850 2853
f 2855 2861 2846
f 2849 2868 2857
f 2862 2856 2850
f 2851 2862 2858
f 2854 2876 2851
f 2860 2873 2855
f 2855 2873 2866
f 2865 2854 2867
f 2867 2854 2857
f 2860 2855 2852
f 2855 2866 2861
f 2860 2852 2862
f 2852 2856 2862
f 2863 2817 2872
f 2864 2863 2867
f 2864 2859 2863
f 2865 2876 2854
f 2851 2876 2860
f 2873 2874 2866
f 2861 2866 2874
f 2862 2851 2860
f 2867 2857 2868
f 2461 2871 389
f 391 2869 2870
f 390 2870 2816
f 389 2871 2869
f 2816 2870 2817
f 2870 2872 2817
f 2869 2871 2873
f 2869 2873 2876
f 2871 2874 2873
f 2869 2876 2870
f 2865 2863 2872
f 2865 2867 2863
f 2876 2873 2860
f 2867 2875 2820
f 2867 2868 2875
f 2820 2875 2931
f 2870 2865 2872
f 2870 2876 2865
f 2884 2878 2877
f 7227 2884 2877
f 2880 2877 2878
f 2879 2880 2878
f 2879 2993 2880
f 409 2881 402
f 402 2881 2882
f 402 2882 2883
f 408 2883 2889
f 408 2889 7231
f 2887 2882 2881
f 2889 2885 7231
f 7231 2885 2884
f 2885 2878 2884
f 4467 2879 2878
f 2933 2993 2886
f 2879 2886 2993
f 409 2565 2881
f 4392 2881 2565
f 2881 4392 2887
f 2887 2888 2882
f 2888 2883 2882
f 4467 2885 2889
f 4467 2878 2885
f 2886 2879 4464
f 4467 4464 2879
f 4395 2933 2886
f 2890 2892 2891
f 2892 2893 2891
f 2893 2892 2890
f 2898 2894 2895
f 2903 2898 2897
f 2895 2897 2898
f 2898 2896 2905
f 2897 2895 2894
f 2900 2899 13557
f 13557 2901 2900
f 2902 2901 13557
f 2908 2901 2902
f 2905 2896 2909
f 2909 2896 2904
f 2898 2904 2896
f 2909 2918 2905
f 2904 2898 2903
f 2906 2902 13557
f 2908 2902 2916
f 2903 2908 2916
f 2897 2908 2903
f 2909 2919 2918
f 2917 2904 2903
f 2906 13557 2912
f 2913 2910 2914
f 2902 2906 2912
f 2915 2916 2912
f 2912 2916 2902
f 2907 2916 2915
f 2914 2919 2915
f 2917 2916 2907
f 2914 2910 2918
f 2914 2918 2919
f 2915 2919 2909
f 2907 2915 2904
f 2904 2917 2907
f 2916 2917 2903
f 2904 2915 2909
f 2922 2920 2921
f 2913 2923 2910
f 2911 2923 2913
f 13589 2911 2912
f 2911 2915 2912
f 2925 2924 2927
f 2927 2924 6950
f 2928 2925 2927
f 4219 2926 2928
f 2928 2926 2925
f 4222 4219 2928
f 7061 4222 2928
f 2012 2011 2988
f 2931 2930 2929
f 2988 2011 2930
f 2987 2988 2930
f 2930 2991 2987
f 2931 2991 2930
f 14577 2934 2932
f 2932 2837 14577
f 2932 2933 2837
f 2933 2932 2934
f 2935 2933 2934
f 2936 2934 14577
f 5156 2935 2934
f 2942 11857 2937
f 2940 2938 2939
f 2942 2939 11857
f 2941 2940 2939
f 2942 2937 9208
f 2941 2939 2942
f 2941 2942 13166
f 2943 2942 9208
f 13163 2940 2941
f 13164 13163 2941
f 2946 2950 10746
f 2946 10746 2945
f 2946 2945 2955
f 2948 2945 2947
f 2955 2945 2949
f 2947 2959 2948
f 2946 2951 2950
f 2955 2951 2946
f 2952 2955 2949
f 2954 2952 2949
f 2954 2949 2948
f 2948 2949 2945
f 2952 2954 2953
f 2950 2951 2960
f 2956 2955 2952
f 2952 2957 2956
f 2953 2957 2952
f 2954 2948 2958
f 2958 2953 2954
f 2957 2953 2958
f 2958 2948 2962
f 14578 2962 2948
f 2961 2951 2955
f 2960 2951 2961
f 2956 2961 2955
f 2964 2974 2962
f 2962 14578 2964
f 13892 2964 14622
f 2968 2963 2966
f 2968 2965 2963
f 2968 2967 2971
f 2968 2966 2967
f 2971 2967 2966
f 2971 2969 2968
f 2972 2969 2971
f 2966 2963 2970
f 2971 2966 2970
f 2977 2969 2972
f 13286 13285 2973
f 2973 13285 2974
f 2971 2970 2972
f 2972 2970 2977
f 2974 13287 2973
f 2974 2964 13287
f 2034 1013 2982
f 2984 2038 2034
f 2984 2033 2038
f 1013 2843 2982
f 2982 2984 2034
f 2979 2980 2978
f 2984 2986 2033
f 2843 2853 2982
f 1015 2037 2850
f 2990 2031 2981
f 2983 2985 2978
f 2985 2979 2978
f 2850 2037 2853
f 2982 2853 2037
f 2037 2986 2982
f 2982 2986 2984
f 2988 2039 2012
f 2990 2989 2031
f 2039 2987 2990
f 2981 2039 2990
f 2988 2987 2039
f 2990 2991 2989
f 2987 2991 2990
f 2868 2989 2875
f 2875 2989 2991
f 2875 2991 2931
f 2880 2992 2877
f 2993 2994 2992
f 2877 2992 2997
f 2994 2995 2992
f 2995 2997 2992
f 2880 2993 2992
f 2993 2935 2994
f 2935 5184 2994
f 5184 2995 2994
f 2995 2996 2997
f 2935 2993 2933
f 5184 5185 2995
f 3003 3001 5447
f 3002 3001 3003
f 3002 3004 3000
f 3004 2999 3000
f 3005 3003 5447
f 5462 3005 5447
f 3104 3002 3003
f 3104 3004 3002
f 3104 3003 3005
f 3104 3105 3004
f 5462 3104 3005
f 3106 3104 5462
f 7392 3006 3007
f 3656 3008 3006
f 3656 7112 3008
f 7112 3011 3008
f 3009 3008 3013
f 9938 3012 3010
f 3011 3013 3008
f 7210 3009 3013
f 7112 7162 3011
f 9938 7153 3012
f 7162 7172 3011
f 3011 7172 3013
f 7153 9938 9940
f 7210 3013 7172
f 3879 3026 3014
f 3026 3879 340
f 341 3026 340
f 3891 3016 3017
f 3017 3027 341
f 3027 3017 3018
f 3028 3014 3015
f 3019 3028 3015
f 3015 3020 3019
f 3014 3020 3015
f 3891 3036 3016
f 3020 3014 3026
f 3021 3020 3026
f 3017 3022 3018
f 3027 3018 3030
f 3019 3023 3024
f 3019 3024 3028
f 3019 3020 3023
f 3024 3023 3025
f 3023 3020 3021
f 3023 3021 3025
f 3021 3026 3025
f 3034 3026 3029
f 3026 341 3029
f 3036 3017 3016
f 3025 3028 3024
f 3899 3036 3891
f 3025 3026 3034
f 3029 341 3027
f 3027 3030 3029
f 3022 3031 3018
f 3030 3018 3031
f 3025 3032 3028
f 3035 3029 3030
f 3025 3033 3032
f 3025 3034 3033
f 3035 3030 3037
f 3037 3030 3031
f 3037 3031 3022
f 3033 3034 3911
f 3911 3034 3038
f 3034 3029 3038
f 3038 3029 3899
f 3029 3035 3899
f 3899 3035 3036
f 3036 3035 3037
f 3036 3037 3022
f 3040 3911 3038
f 3040 3038 3916
f 3040 3916 3041
f 3918 3040 5904
f 3916 5906 3041
f 3042 5904 3040
f 3041 3042 3040
f 3043 3042 3041
f 2998 3090 2999
f 3090 3047 2999
f 7718 3049 7708
f 3049 6323 7708
f 3044 3051 3046
f 3051 3044 3049
f 3000 2999 3053
f 3044 3046 3045
f 2999 3047 3053
f 3047 3090 3055
f 3055 8556 6325
f 7717 3001 3050
f 7717 3048 7718
f 7717 3050 3048
f 3048 3051 7718
f 3001 3002 3050
f 7718 3051 3049
f 3048 3052 3051
f 3048 3050 3052
f 3052 3054 3051
f 3053 3002 3000
f 3050 3002 3053
f 3050 3053 3052
f 3046 3051 3054
f 3056 3052 3047
f 3052 3053 3047
f 3045 3046 3055
f 3047 3055 3056
f 3055 6325 3045
f 3056 3054 3052
f 3056 3055 3054
f 3046 3054 3055
f 3059 3057 8928
f 3057 3060 3058
f 3065 3060 3057
f 3061 3059 9398
f 3059 3065 3057
f 3061 3063 3059
f 3063 3065 3059
f 3060 3065 3062
f 3065 3064 3062
f 13547 3063 3061
f 13545 13544 3062
f 3063 13546 3065
f 3070 3080 3066
f 3073 3072 3071
f 3073 3071 3070
f 3070 3071 3080
f 3072 3073 3074
f 3075 3073 3070
f 3075 3070 3076
f 3076 3070 3066
f 3073 3075 3074
f 3076 3066 3077
f 3068 3069 3082
f 3081 3080 3071
f 3072 3078 3079
f 3072 3079 3071
f 3071 3079 3081
f 3072 3074 3078
f 3078 3075 3076
f 3078 3076 3079
f 3079 3076 3081
f 3078 3074 3075
f 3081 3076 3077
f 3066 3068 3077
f 3083 3082 3069
f 3081 8136 3080
f 3069 3067 3083
f 3083 3067 1093
f 8136 3081 3077
f 10733 8136 3077
f 3084 3068 3082
f 11324 3083 1093
f 3068 3084 3077
f 3085 2998 3087
f 2999 3087 2998
f 10804 3094 3086
f 3089 3087 2999
f 3004 3089 2999
f 3088 8519 3087
f 3089 3088 3087
f 3105 3089 3004
f 3146 3088 3089
f 3105 3148 3089
f 3148 3146 3089
f 2998 3085 3090
f 3085 3091 3090
f 3090 3091 8558
f 3055 3090 8556
f 3086 3094 3092
f 3094 3093 3092
f 3099 3098 3095
f 3099 4250 4258
f 3095 4250 3099
f 3096 3097 3234
f 3236 3097 3096
f 3236 3098 3097
f 3098 3099 3097
f 3100 12033 3101
f 12033 12032 3101
f 3101 12032 3103
f 12032 3102 3103
f 3102 9537 3103
f 3106 3105 3104
f 3106 3109 3105
f 3109 3157 3105
f 3106 5462 2838
f 2838 2841 3106
f 3108 3106 2841
f 3108 3109 3106
f 875 3107 3109
f 872 3108 2841
f 875 3109 3108
f 3110 9449 3114
f 3116 3111 11998
f 3111 9449 3110
f 9461 3112 9451
f 3110 3113 3111
f 3119 3114 3112
f 3117 3111 3115
f 3111 3113 3115
f 3115 3113 3110
f 3122 11998 3111
f 3122 3111 3117
f 3112 9461 3119
f 3115 3120 3117
f 3118 3120 3115
f 3120 3118 3121
f 3117 3121 3123
f 3118 3119 9461
f 3121 3118 9461
f 3123 3121 9461
f 3120 3121 3117
f 3122 3117 3123
f 3125 3122 3123
f 3124 3123 9461
f 3124 9461 9463
f 3126 3122 3125
f 3125 3123 3124
f 3513 11998 3122
f 3513 3122 3126
f 3127 3125 3124
f 3499 3124 9463
f 3127 3126 3125
f 3512 3124 3499
f 9948 3133 3144
f 9948 3131 3133
f 3133 3131 3132
f 3133 3132 3135
f 3133 3135 3134
f 3128 3135 3132
f 3134 3135 3129
f 3134 3129 3136
f 3136 3129 3138
f 3136 3138 3137
f 3136 3137 2312
f 3135 3128 3129
f 3138 11895 3137
f 3129 3128 11896
f 3138 3129 11896
f 3137 11895 2315
f 3138 3139 11895
f 3140 3144 3133
f 3145 3140 3133
f 3130 3145 3133
f 3130 3133 3134
f 3130 3134 3141
f 2311 3130 3141
f 3134 3136 3141
f 2312 3141 3136
f 6151 3142 6158
f 3144 3140 3143
f 3143 3140 3142
f 3142 3145 6158
f 6158 3145 2320
f 3145 3142 3140
f 2320 3145 3130
f 2324 6158 2320
f 3157 3148 3105
f 3147 3149 3148
f 3146 3148 3149
f 3146 3149 3150
f 3150 3153 3146
f 14675 3151 3156
f 3148 3155 3147
f 3155 3152 3147
f 3154 14676 14677
f 3165 3148 3157
f 3155 3148 3162
f 14676 3154 3281
f 3165 3162 3148
f 3160 3155 3162
f 3281 3158 14676
f 3160 3162 3161
f 3164 3159 14676
f 3107 3157 3109
f 3107 3165 3157
f 3158 3163 14676
f 3163 3164 14676
f 3165 3169 3162
f 3162 3169 3161
f 3166 3165 3107
f 3168 3167 3169
f 3170 3164 3163
f 3169 3165 3166
f 3169 3166 3168
f 3166 3170 3168
f 3168 3170 3167
f 3167 3170 3163
f 3170 9303 3164
f 3172 1956 3173
f 1959 3173 1956
f 3171 3179 3174
f 3179 3171 3181
f 3178 3175 1956
f 3172 3178 1956
f 3172 3173 3176
f 3179 3184 3174
f 3181 3171 1957
f 3175 3177 1957
f 3178 3177 3175
f 1957 3177 3181
f 3182 3177 3178
f 3180 3178 3172
f 3180 3182 3178
f 3184 3179 3181
f 3183 3181 3177
f 3183 3177 3182
f 3183 3184 3181
f 3183 3182 3187
f 3187 3182 3180
f 3186 3184 3183
f 3185 3189 14678
f 3186 3183 3187
f 3188 3189 3185
f 14678 3189 3194
f 3188 3191 3189
f 3189 3191 3194
f 3190 3191 3188
f 3192 3191 3193
f 3193 3191 3190
f 3194 3191 3192
f 87 3196 3195
f 3199 3197 3198
f 3200 3198 3196
f 3200 3196 87
f 3199 3198 3200
f 3199 3201 3197
f 3202 10308 3197
f 3202 3197 3201
f 3203 3202 3201
f 88 3200 87
f 3203 3201 3199
f 12782 3199 3200
f 1814 3200 88
f 11165 3206 3212
f 3209 3205 9596
f 9597 3209 9596
f 3213 9595 3205
f 3208 3205 3209
f 3209 9597 10930
f 3207 3212 3206
f 3207 3206 9595
f 3213 3207 9595
f 3210 3209 10930
f 3208 3215 3213
f 3214 3208 3209
f 3214 3209 3210
f 3213 3215 3207
f 3212 3207 3218
f 3218 3207 3215
f 3216 3215 3208
f 3216 3208 3214
f 3216 3214 10936
f 3219 3220 3215
f 3219 3215 3216
f 3226 3217 3218
f 3226 3218 3220
f 3220 3218 3215
f 3225 3216 10936
f 3225 10936 10939
f 3221 3219 3222
f 3222 3219 3216
f 3223 3216 3225
f 3224 3222 3216
f 3223 3224 3216
f 3226 3220 1948
f 3226 1948 3227
f 3229 3222 3224
f 3223 3229 3224
f 3221 3222 3231
f 3220 3230 1948
f 1936 3230 3220
f 1936 3220 3228
f 3228 3231 3232
f 3228 3232 1936
f 3231 3222 3232
f 3232 3222 1939
f 3222 3229 1937
f 3234 3097 3235
f 3233 3234 3237
f 3234 3235 3237
f 3097 3099 3235
f 3237 3235 3238
f 3235 3099 4258
f 3244 3242 3236
f 3233 3239 3243
f 3096 3244 3236
f 3244 3233 3243
f 3234 3233 3244
f 3244 3096 3234
f 3239 3237 3256
f 3239 3233 3237
f 3242 3098 3236
f 3149 3247 3150
f 3238 3235 3246
f 3150 3247 14679
f 3256 3237 3241
f 3238 3241 3237
f 3235 4258 3246
f 3241 3238 1694
f 3244 3249 3242
f 3152 3149 3147
f 3243 3250 3244
f 3249 3244 3248
f 3244 3250 3240
f 3248 3244 3240
f 3245 3149 3152
f 3240 3250 3246
f 3149 3245 3247
f 3240 3246 3248
f 14679 3247 3154
f 3248 3246 4258
f 3242 3249 3252
f 3254 3098 3242
f 3246 3250 3238
f 1699 3248 4258
f 3241 1694 1708
f 1699 4258 1688
f 3239 3260 3263
f 3263 3243 3239
f 3266 3250 3243
f 3155 3245 3152
f 3260 3239 3256
f 3269 3238 3250
f 1735 3248 1699
f 3256 3241 3261
f 3251 3281 3154
f 3242 3252 3259
f 3266 3243 3263
f 3259 3254 3242
f 3155 3160 3265
f 3245 3155 3265
f 3255 3249 3248
f 3250 3266 3267
f 3255 3248 1735
f 3267 3269 3250
f 3279 3098 3254
f 3257 3253 14680
f 3257 14680 3253
f 3261 3241 1708
f 3263 3270 3266
f 3265 3276 3245
f 3251 3245 3276
f 1721 1735 1699
f 1708 3269 1722
f 3238 3269 1708
f 3262 3274 3160
f 3274 3265 3160
f 3271 3252 3249
f 3263 3264 3270
f 3271 3249 3255
f 3265 3274 3276
f 3259 3279 3254
f 3267 3266 3275
f 3271 3255 3268
f 1735 3268 3255
f 3273 3261 1708
f 1708 1722 3273
f 3258 3262 3161
f 3161 3262 3160
f 3274 3262 3283
f 3264 3275 3270
f 3270 3275 3266
f 3272 3260 3256
f 3272 3256 3261
f 3267 3275 3268
f 3286 3251 3276
f 3272 3261 3280
f 3286 3281 3251
f 3268 3269 3267
f 3268 1735 3277
f 3269 3273 1722
f 3258 3161 3283
f 3258 3283 3262
f 3282 3259 3252
f 3292 3263 3260
f 3271 3278 3252
f 3264 3278 3275
f 3271 3268 3278
f 3275 3278 3268
f 3280 3261 3287
f 3287 3261 3273
f 3284 3285 3263
f 3263 3285 3264
f 3264 3285 3278
f 3282 3252 3285
f 3252 3278 3285
f 3283 3286 3274
f 3286 3276 3274
f 3292 3260 3272
f 3268 3277 3269
f 3294 3098 3279
f 3158 3281 3163
f 3287 3273 3269
f 3277 1735 1751
f 3294 1729 3098
f 3263 3292 3284
f 3259 3294 3279
f 3286 3290 14681
f 3163 3281 3290
f 3269 3277 3287
f 3169 3283 3161
f 3282 3296 3259
f 3291 3283 3169
f 3291 3286 3283
f 3290 3286 3289
f 3293 3272 3280
f 1760 3277 1751
f 3288 3284 3292
f 3284 3296 3285
f 3285 3296 3282
f 3296 3294 3259
f 3291 3289 3286
f 3290 3289 3163
f 3288 3296 3284
f 3169 3167 3291
f 3293 3288 3292
f 3291 3167 3289
f 3292 3272 3293
f 3289 3167 3163
f 14682 3287 3293
f 3295 3287 3277
f 3288 3293 3296
f 3296 3293 3297
f 3296 3297 3294
f 3293 3295 3297
f 3295 3293 3287
f 3295 3277 1760
f 8828 8760 3298
f 8763 3299 8760
f 3298 8760 3299
f 3302 4160 3301
f 3305 3306 3303
f 6875 3303 3304
f 3305 3303 6875
f 4117 3305 6875
f 4117 4116 3305
f 3306 3305 3983
f 3983 3305 4116
f 3308 3313 3307
f 3309 3308 3307
f 3313 3315 3307
f 3307 3310 3309
f 3307 3315 3310
f 3311 3317 3308
f 3317 3312 3313
f 3308 3314 3311
f 3313 3308 3317
f 3308 3309 3314
f 3314 3309 3316
f 3313 3312 3315
f 3310 892 3309
f 3310 3315 892
f 7745 7746 3317
f 7745 3317 3311
f 7745 3311 3319
f 3319 3311 3314
f 3312 3317 3318
f 3319 3314 3316
f 3318 3321 3312
f 3315 3312 3321
f 893 3315 3321
f 892 3315 893
f 7745 3319 3326
f 3318 3317 7746
f 3323 3318 7746
f 3316 3320 3319
f 3321 3318 3323
f 893 3321 3323
f 3325 3323 7746
f 3326 3319 3320
f 3325 3322 3323
f 3322 3438 3323
f 3324 3320 3316
f 3438 893 3323
f 262 3322 3325
f 262 3437 3322
f 3320 3327 3326
f 3437 3438 3322
f 3327 3320 3330
f 3330 3320 3331
f 3331 3320 3324
f 3335 893 3438
f 3336 3328 3329
f 3327 3330 3328
f 3328 3332 3329
f 3330 3332 3328
f 3329 3332 3333
f 3330 3331 3332
f 1097 3331 3324
f 3341 3335 3438
f 3332 3331 896
f 897 3332 896
f 3332 897 3333
f 899 893 3335
f 3347 3336 3329
f 899 3335 3334
f 900 3333 897
f 3343 3329 3333
f 3335 3341 3342
f 3342 3334 3335
f 3334 3342 3338
f 3338 899 3334
f 3343 3333 900
f 274 3340 3339
f 3348 3347 3329
f 3342 3344 3338
f 3346 3338 3344
f 3346 899 3338
f 3345 3329 3343
f 3337 3349 3341
f 3349 3337 3443
f 3349 3353 3341
f 3353 3342 3341
f 3353 3346 3342
f 3346 3344 3342
f 3343 900 3346
f 3346 900 901
f 3346 901 899
f 3339 3351 274
f 3348 3329 3345
f 3345 3343 3346
f 3350 3339 7768
f 3339 3350 3351
f 3352 3347 3348
f 1247 3353 3349
f 1244 1243 3352
f 3351 3350 1245
f 3348 1244 3352
f 1248 1246 3354
f 3348 3345 1244
f 3354 1255 1248
f 1244 3345 1257
f 3355 1257 3345
f 1249 3355 3345
f 1249 3345 1251
f 1251 3345 3346
f 3353 1251 3346
f 3359 3361 3358
f 14683 3357 3362
f 3357 12844 3362
f 3359 3358 3360
f 3360 3358 3361
f 3363 14683 3364
f 14683 3362 3364
f 3364 3362 3363
f 3374 3367 3366
f 3374 5148 3367
f 3366 3375 3368
f 3368 3369 3370
f 3369 5152 2434
f 3375 3377 3378
f 3368 3375 3378
f 3381 5153 3382
f 3370 3374 3366
f 3370 3366 3368
f 3374 3376 5148
f 3369 3379 3370
f 2434 3379 3369
f 2434 3380 3379
f 3379 3372 5155
f 3379 3371 3372
f 5155 3378 3388
f 5143 3371 3379
f 3379 2429 5143
f 2429 3379 3380
f 3381 3382 3392
f 3392 3382 3373
f 5515 3376 3386
f 3386 3376 3374
f 3385 3370 3384
f 3374 3370 3385
f 3386 3374 3385
f 3388 3393 3384
f 3384 3370 3388
f 3388 3378 3377
f 3388 3377 8011
f 3379 3388 3370
f 3379 5155 3388
f 3392 3389 3381
f 2437 5597 3383
f 3373 3390 3392
f 3373 3383 3390
f 3383 3391 3390
f 3391 3383 5597
f 3388 8011 3393
f 3391 5597 5572
f 3391 5572 5563
f 3395 3397 5517
f 3396 3397 3395
f 3397 3396 2451
f 3398 3399 3400
f 3396 3401 2451
f 2451 3401 2452
f 3398 3402 3399
f 3399 3402 3400
f 3404 3403 3401
f 3401 3403 2452
f 3405 3403 3404
f 3405 3406 3403
f 3406 3408 3403
f 3403 3408 2452
f 3405 3407 3406
f 3407 3408 3406
f 3415 2452 3408
f 2452 3415 2453
f 3409 3410 3411
f 3401 3405 3404
f 3408 3407 3412
f 3415 3408 3412
f 3410 3409 3414
f 3410 3414 3411
f 3412 3416 3415
f 3413 3419 3417
f 3420 3415 3416
f 3415 3420 2453
f 2453 3420 2455
f 3418 3417 3419
f 3417 3418 3426
f 3412 3420 3416
f 3422 3423 3421
f 3422 3424 3423
f 3424 14684 3423
f 3413 3425 3419
f 3419 3425 3418
f 3425 3426 3418
f 3427 3428 14685
f 3428 3427 3431
f 3431 3433 3428
f 3431 3434 3433
f 3421 3429 3422
f 3429 3424 3422
f 3429 3430 3424
f 14685 3432 3427
f 3427 3432 3431
f 14686 3432 14685
f 3435 3433 3434
f 14523 14687 14688
f 3432 3434 3431
f 260 3436 3437
f 265 3436 260
f 259 3437 262
f 260 3437 259
f 3437 3439 3438
f 3437 3436 3439
f 264 3436 265
f 3440 3439 3436
f 264 3440 3436
f 265 271 264
f 3440 264 3442
f 3439 3341 3438
f 3440 3341 3439
f 271 3442 264
f 3341 3440 3337
f 3442 3337 3440
f 3443 3337 3442
f 3441 271 274
f 5591 3443 3442
f 3441 3442 271
f 3351 3441 274
f 5591 3442 3441
f 3349 3443 5591
f 3351 5591 3441
f 1247 3349 5591
f 3447 1098 7808
f 3444 3445 1099
f 3448 3444 1098
f 3448 3450 3444
f 3450 3445 3444
f 3447 3448 1098
f 3445 1265 3446
f 1266 3446 1265
f 3450 3448 3449
f 3445 3450 3449
f 3449 1265 3445
f 3455 3447 6814
f 3447 3455 3448
f 3457 3448 3455
f 3449 3448 3457
f 1265 3449 3451
f 1265 3451 3452
f 3457 3453 3449
f 3453 3451 3449
f 3458 3454 3451
f 3451 3454 3452
f 3456 3453 3457
f 3458 3451 3453
f 3455 6816 3460
f 3460 3457 3455
f 3460 3459 3456
f 3457 3460 3456
f 3459 3463 3453
f 3459 3453 3456
f 3463 3458 3453
f 3460 6816 3461
f 3461 3459 3460
f 3462 3463 3459
f 3462 3459 3461
f 6819 3462 3461
f 1331 3463 3462
f 3521 1331 3462
f 3562 1331 3521
f 3475 3474 3466
f 3464 3466 3468
f 3465 3474 3475
f 3475 3464 3484
f 3475 3466 3464
f 3464 3468 3484
f 3468 3466 3469
f 3466 3467 3469
f 3465 3473 3474
f 3466 3474 3467
f 3474 3473 3467
f 3476 3484 3470
f 3484 3468 3470
f 3467 3473 3477
f 3468 3480 3470
f 3469 3467 3479
f 3471 3480 3468
f 3471 3468 3469
f 3479 8272 3469
f 3479 3467 8272
f 3467 3477 8272
f 3470 3480 3476
f 3471 3469 3481
f 3469 3482 3481
f 3469 8272 3482
f 3472 8272 3477
f 3476 3487 8088
f 3480 3487 3476
f 3480 3471 3481
f 8272 3483 3482
f 3486 3485 3484
f 3486 3478 3485
f 3484 3476 3486
f 3478 3486 3476
f 3480 3481 3487
f 3481 3488 3487
f 3445 3489 3490
f 3489 3494 3490
f 3489 3445 3446
f 1266 3489 3446
f 3496 3490 3494
f 3491 635 3490
f 3491 3490 3496
f 637 635 3491
f 1619 3491 3496
f 3663 3491 1619
f 3665 3491 3663
f 1266 3492 3489
f 1283 3493 1261
f 3492 1261 3493
f 3489 3492 3494
f 3494 3492 3493
f 3494 3493 3495
f 3493 1283 1277
f 3496 3494 3495
f 1315 1618 1277
f 1618 3493 1277
f 1617 3495 3493
f 1342 1618 1315
f 3496 3495 1619
f 3495 1617 1619
f 1618 1617 3493
f 3503 3500 3499
f 3497 3504 3503
f 3501 3505 3497
f 3505 3501 3502
f 3503 3506 3500
f 3506 3503 3504
f 3505 3504 3497
f 14130 3504 3505
f 3509 3500 3506
f 3507 3506 3504
f 14130 3505 13553
f 3508 3509 3506
f 3508 3506 3507
f 3507 3504 14130
f 3509 3508 3510
f 14129 3507 14130
f 14130 13553 11190
f 14131 3510 3508
f 3516 3513 3126
f 3516 3126 3127
f 3512 3127 3124
f 3515 3127 3512
f 3512 3499 3500
f 3514 3513 3516
f 3515 3512 3509
f 3509 3512 3500
f 3519 3513 3514
f 3516 3127 3515
f 3518 3516 3515
f 3514 3516 3517
f 3517 3516 3518
f 3518 3515 3509
f 8393 3519 3514
f 8393 3514 3517
f 3518 3509 3510
f 8393 3517 8394
f 3517 3518 3520
f 3510 3520 3518
f 3522 3462 6819
f 3522 3521 3462
f 3523 3524 6819
f 3522 6819 3524
f 3522 3526 3521
f 3526 3664 3525
f 3956 3529 3523
f 3529 3524 3523
f 3524 3530 3522
f 3956 3527 3529
f 3530 3532 3522
f 3532 3526 3522
f 3528 3529 3527
f 3529 3530 3524
f 3532 3533 3526
f 3542 3528 3527
f 3537 3530 3529
f 3532 3530 3537
f 3528 3536 3529
f 3542 3536 3528
f 3535 3537 3529
f 3539 3532 3537
f 3539 3540 3532
f 3543 3532 3540
f 3533 3532 3543
f 3531 3533 3543
f 3536 3535 3529
f 3535 3536 3537
f 3537 3536 3538
f 3539 3537 3544
f 3544 3537 3538
f 3540 3544 3543
f 3540 3539 3544
f 3542 3534 3541
f 3538 3634 3544
f 3551 3543 3544
f 3543 3551 3545
f 3545 3549 3543
f 3634 3548 3544
f 3544 3550 3551
f 3544 3548 3550
f 3552 3547 3553
f 3547 3552 3550
f 3547 3550 3548
f 3555 3550 3552
f 3551 3550 3555
f 3555 3556 3551
f 3551 3556 3554
f 3551 3554 3545
f 7072 3555 3552
f 7072 3552 3553
f 3963 3553 3546
f 3560 3558 1329
f 1329 1337 3560
f 3559 1338 1322
f 1341 3574 1337
f 1341 1340 3564
f 3564 1340 1335
f 3563 1339 3562
f 3563 3564 1334
f 1335 1334 3564
f 3567 3558 3560
f 3569 1338 3559
f 3569 3561 1338
f 3560 1337 3574
f 3521 3526 3562
f 1341 3564 3574
f 3526 3525 3562
f 3562 3525 3563
f 3564 3563 3525
f 3565 3564 3525
f 3564 3565 1342
f 3578 3567 3560
f 3557 3577 3568
f 3559 3582 3569
f 3574 3564 3579
f 3579 3564 3570
f 3580 1342 3561
f 3570 3564 1342
f 3571 3565 3525
f 3525 3664 3571
f 3565 3571 1342
f 1342 3571 1620
f 1342 1620 1618
f 3566 3567 3572
f 3568 3573 3575
f 3572 3567 3578
f 3577 3573 3568
f 3569 3580 3561
f 3570 1342 3580
f 3576 3575 3573
f 3572 3578 3585
f 3577 3572 3585
f 3573 3577 3576
f 3576 3577 3587
f 3578 3560 3574
f 3587 3578 3574
f 3569 3570 3580
f 3579 3587 3574
f 3586 3581 3583
f 3583 3575 3576
f 3585 3584 3581
f 3585 3578 3586
f 3587 3586 3578
f 3577 3586 3587
f 3588 3576 3587
f 3579 3588 3587
f 3579 3582 3588
f 3582 3570 3569
f 3570 3582 3579
f 3586 3583 3597
f 3597 3598 3586
f 3586 3598 3590
f 3576 3591 3583
f 3585 3590 3584
f 3590 3585 3586
f 3591 3576 3601
f 3576 3588 3601
f 3588 3592 3601
f 3592 3588 3582
f 3595 3589 3531
f 3604 3589 3595
f 3596 3589 3604
f 3531 3589 1625
f 3598 3600 3590
f 3584 3590 3614
f 3590 3600 3614
f 3582 3599 3641
f 3641 3592 3582
f 3600 3601 3593
f 3593 3601 3592
f 3592 3594 3593
f 3592 3641 3594
f 3641 3602 3594
f 3600 3593 3615
f 3594 3602 3603
f 3615 3593 3605
f 3593 3594 3605
f 3594 3603 3616
f 3604 3615 3605
f 3616 3637 3594
f 3604 3605 3596
f 3594 3637 3605
f 3596 3605 3624
f 3637 3624 3605
f 3589 1621 1625
f 3596 1621 3589
f 3624 1621 3596
f 3591 3627 7833
f 3606 3584 3607
f 3608 3598 3597
f 3591 3601 3627
f 7831 3599 3582
f 3607 3584 3620
f 3609 3600 3608
f 3600 3598 3608
f 3584 3614 3620
f 3610 3611 3612
f 3610 3612 3609
f 3609 3612 3600
f 3611 3619 3613
f 3612 3611 3613
f 3612 3613 3600
f 3600 3619 3601
f 3600 3613 3619
f 3602 3641 3654
f 3631 3602 3654
f 3623 3615 3604
f 3543 3623 3595
f 3604 3595 3623
f 3543 3595 3531
f 1621 3624 3625
f 3630 3627 3601
f 3630 3601 3619
f 3609 3608 3617
f 3609 3617 3610
f 3618 3617 3608
f 3611 3610 3617
f 3611 3617 3618
f 3619 3611 3618
f 3621 3619 3618
f 3621 3630 3619
f 3614 3600 3615
f 3614 3615 3622
f 3623 3543 3549
f 3627 3626 7833
f 3541 3628 3542
f 3542 3628 3536
f 3635 3536 3628
f 3607 3620 3628
f 3639 3608 3597
f 3627 3630 3629
f 3538 3536 3635
f 3628 3620 3635
f 3538 3635 3634
f 3639 3618 3608
f 3655 3631 3654
f 3614 3623 3549
f 3614 3632 3623
f 3623 3632 3615
f 3632 3622 3615
f 3616 3657 3637
f 3616 3603 3657
f 3547 3640 3628
f 3628 3640 3607
f 3607 3640 3606
f 3606 3640 3633
f 3643 3635 3620
f 3646 3618 3639
f 3643 3620 3614
f 3614 3622 3632
f 3638 3637 3662
f 3658 3626 3627
f 3658 3627 3629
f 3541 3546 3628
f 3644 3633 3640
f 3547 3635 3640
f 3640 3635 3653
f 3629 3630 3652
f 7111 3599 7831
f 3547 3634 3635
f 3548 3634 3547
f 3646 3630 3621
f 3621 3618 3646
f 3642 3643 3614
f 3657 3662 3637
f 3624 3637 3638
f 3648 3633 3644
f 3553 3547 3628
f 3653 3644 3640
f 3645 3652 3646
f 3630 3646 3652
f 3643 3653 3635
f 3653 3643 3642
f 14689 14690 3647
f 3545 14691 3549
f 14692 3657 3636
f 3624 3638 7109
f 1625 1621 7113
f 3658 3629 3652
f 3644 3651 3648
f 3628 3546 3553
f 3651 3644 3653
f 3645 3639 3650
f 3645 3646 3639
f 3599 7111 7106
f 3642 3659 3653
f 7106 3641 3599
f 7106 7117 3641
f 7117 3654 3641
f 14693 14691 7108
f 1625 7113 7114
f 1621 3625 7113
f 7841 3639 7838
f 7103 3658 3652
f 7101 3648 3651
f 7841 3650 3639
f 3659 7101 3651
f 3653 3659 3651
f 3645 7103 3652
f 3642 7107 3659
f 3654 7118 3655
f 7107 3642 14693
f 7108 7107 14693
f 3545 3660 14691
f 14691 3660 7108
f 3545 3554 3660
f 3661 3662 3657
f 3625 3624 7109
f 3664 3663 1619
f 3526 3663 3664
f 3533 3663 3526
f 3667 3663 3533
f 3668 3663 3667
f 3668 3665 3663
f 3533 3531 3667
f 3531 1625 3667
f 3666 3667 1625
f 7193 3673 3665
f 3669 3668 3667
f 3669 3667 3666
f 3668 3669 3666
f 1623 3668 3666
f 3671 3668 1623
f 3665 3668 3670
f 3668 3671 3670
f 1622 3666 1625
f 1623 1624 3671
f 3672 3665 3670
f 3672 3670 3671
f 7114 1622 1625
f 7194 7192 3671
f 7193 3665 3672
f 7192 7193 3672
f 3677 3674 3676
f 2533 2534 3681
f 3678 3679 3684
f 3684 3679 3680
f 3679 11413 3680
f 3678 3683 3679
f 3679 3682 11413
f 3679 3683 3682
f 3678 3681 3683
f 2534 3683 3681
f 2534 3682 3683
f 2534 2537 3682
f 3107 3685 3166
f 3685 3170 3166
f 3685 9303 3170
f 3686 3685 3107
f 635 3107 875
f 635 3686 3107
f 3686 636 3685
f 636 9332 3685
f 635 637 3686
f 637 636 3686
f 3297 3687 3294
f 3297 3295 3687
f 3295 7533 3687
f 3688 3687 7533
f 7558 3688 7533
f 3691 3690 3689
f 3690 3692 9287
f 3694 3690 3691
f 3694 3692 3690
f 3693 3692 3694
f 9297 3692 3693
f 3694 3691 9432
f 5842 9297 3693
f 5843 5842 3693
f 3695 3697 3696
f 3696 3697 4930
f 195 3698 3695
f 3695 3698 3697
f 3701 3698 195
f 3698 5498 3697
f 195 201 3701
f 1191 5467 3699
f 1191 3699 3701
f 3700 1191 3701
f 5467 5469 3699
f 487 3700 3701
f 3698 3701 3699
f 5498 3698 3699
f 5469 5498 3699
f 3702 3803 3703
f 3704 6844 3770
f 6844 3707 3770
f 3705 3702 3706
f 3706 3702 3703
f 3706 3703 3708
f 3702 3800 3803
f 3707 3708 3703
f 6848 3775 6844
f 3775 3707 6844
f 14694 3709 3806
f 3711 3708 3707
f 3775 3711 3707
f 3810 3708 3711
f 11187 3712 11284
f 3714 11187 11284
f 3715 7740 7741
f 3718 9026 7740
f 3715 3719 7740
f 3719 3718 7740
f 3719 3720 3718
f 3720 9026 3718
f 11087 3723 3722
f 3723 3720 3722
f 3723 3725 3720
f 3725 9026 3720
f 3725 3721 9026
f 3724 3716 3721
f 11087 3725 3723
f 3716 3724 3717
f 3725 3724 3721
f 3727 3725 3726
f 3724 3725 3727
f 9047 3724 3727
f 3726 11088 3727
f 11088 3728 3727
f 3727 3728 3729
f 3732 9048 3733
f 3733 9048 3734
f 9049 3734 9048
f 3737 3753 3736
f 3753 3735 3736
f 3737 3736 3730
f 3738 3731 3735
f 3739 3737 3740
f 3736 3735 3730
f 3740 3737 9086
f 9086 3737 3730
f 3731 3730 3735
f 3742 3743 3749
f 3744 3733 3743
f 3744 3732 3733
f 3750 3732 3744
f 3733 3749 3743
f 3749 3733 3734
f 3734 3753 3749
f 9049 3753 3734
f 3753 9049 3735
f 3746 3735 9049
f 3735 3746 3747
f 3735 3747 3738
f 3741 3739 3740
f 3742 3749 3754
f 3748 3743 3742
f 3748 3744 3743
f 3745 3755 3762
f 3754 3745 3762
f 3749 3745 3754
f 3755 3745 3751
f 3744 3758 3750
f 3745 3749 3752
f 3749 3753 3752
f 3750 3758 3746
f 3745 3752 3751
f 3758 3760 3746
f 3746 3760 3747
f 3741 3759 3739
f 3759 3753 3737
f 3759 3737 3739
f 3748 3758 3744
f 3755 3751 3756
f 3756 3751 3757
f 3751 7602 3757
f 7602 3751 3752
f 3753 3765 3752
f 7602 3759 3757
f 3765 3753 3759
f 3741 3761 3757
f 3741 3757 3759
f 7602 3766 3759
f 3765 3759 3766
f 3767 3761 9115
f 3764 3754 7604
f 3763 3762 3755
f 7604 7599 3764
f 3764 7599 7600
f 7609 3758 3748
f 9124 3766 7608
f 3768 3766 9124
f 3766 3768 7603
f 9115 6523 3767
f 3770 3707 3703
f 3803 3894 3703
f 3703 3894 3771
f 3770 3703 3769
f 3703 3771 3769
f 3769 3776 5747
f 3769 3771 3776
f 3771 3772 3776
f 339 3772 3771
f 3894 339 3771
f 3773 5747 3776
f 3773 3776 3777
f 3774 3776 3772
f 3772 339 340
f 340 339 341
f 3774 3777 3776
f 3774 3778 3777
f 3875 3775 5743
f 3875 5743 3773
f 3773 3889 3875
f 3889 3773 3779
f 3777 3779 3773
f 3774 3772 3778
f 3873 3879 3014
f 3519 3781 3513
f 3784 3781 3519
f 3786 3785 3782
f 3786 3782 3783
f 3787 3783 3784
f 3786 3783 3787
f 3787 3784 3519
f 3788 3785 3789
f 3789 3785 3786
f 3790 3786 3787
f 3790 3789 3786
f 12639 3787 3519
f 3793 8163 3710
f 3710 8163 3791
f 3710 3791 3794
f 3792 3710 3794
f 3792 3796 3710
f 3807 3796 3802
f 3709 14694 3806
f 3807 3802 3801
f 3708 3810 3706
f 3881 3711 3775
f 3798 3793 3710
f 3791 8188 3794
f 3798 3710 3795
f 3795 3710 3796
f 3805 3802 3796
f 3825 3702 14695
f 3825 3800 3702
f 3810 3705 3706
f 3805 3796 3792
f 3799 3796 3807
f 3809 3801 3802
f 3833 3803 3800
f 3799 3795 3796
f 3811 3804 650
f 3795 3804 3811
f 3804 3795 3799
f 3804 3799 3813
f 3801 3808 3807
f 3711 3827 3810
f 3794 8188 3817
f 3792 3794 3829
f 3794 3830 3829
f 3792 3819 3805
f 3797 3813 3814
f 3804 3813 3797
f 3815 3813 3799
f 3814 656 3797
f 3815 3799 3807
f 3815 3807 3808
f 3809 3802 3805
f 3830 3794 3817
f 3820 3798 3795
f 657 3813 3811
f 3795 3811 3813
f 3813 3820 3795
f 14695 3812 3825
f 3813 657 3814
f 3822 3812 14695
f 3815 3821 3818
f 3821 3815 3808
f 3826 3808 3801
f 3822 3705 3827
f 3827 3705 3810
f 3825 3833 3800
f 3826 3801 3809
f 3919 3828 3881
f 3828 3823 3711
f 3823 3827 3711
f 3798 3824 3816
f 3824 3798 3820
f 3792 3829 3819
f 3825 3812 3837
f 3815 3820 3813
f 3820 3815 3818
f 3821 3808 3826
f 3816 3834 8167
f 8167 3834 3835
f 3821 3820 3818
f 3820 3821 3805
f 3826 3809 3805
f 3831 3833 3825
f 3824 3834 3816
f 3824 3820 3836
f 3836 3805 3819
f 3836 3820 3805
f 3839 3837 3812
f 3837 3838 3825
f 3839 3812 3832
f 3826 3805 3821
f 3812 3822 3832
f 3838 3831 3825
f 4056 3822 3827
f 3836 3834 3824
f 3834 3836 3840
f 3829 3835 3840
f 3840 3835 3834
f 3830 3835 3829
f 3840 3836 3819
f 3840 3819 3829
f 3842 3839 3832
f 3867 3833 3831
f 3839 3841 3837
f 3837 3841 3838
f 3851 3839 3842
f 3822 4056 3832
f 3850 3841 3839
f 3844 3858 3843
f 3838 3867 3831
f 4056 3827 3864
f 3823 3864 3827
f 3847 3841 3859
f 3859 3841 3850
f 3850 3849 3848
f 3848 3849 3843
f 3850 3839 3851
f 4064 3843 3849
f 4064 3844 3843
f 3842 3832 3857
f 3832 4056 3857
f 3854 3858 3844
f 3859 3855 3847
f 3845 3847 3855
f 3859 3848 4051
f 3850 3848 3859
f 3850 4052 3849
f 3860 3841 3847
f 3848 3843 3852
f 3849 4052 4064
f 3860 3838 3841
f 3861 3852 3856
f 3852 3853 3856
f 3852 3843 3853
f 3862 3842 3857
f 3843 3858 3853
f 3870 3864 3823
f 3845 3846 3964
f 3845 3964 3847
f 4051 3848 3852
f 3851 3842 3862
f 3852 3861 4054
f 3861 3866 3865
f 3866 3861 3863
f 3856 3863 3861
f 3853 3863 3856
f 4057 3870 3919
f 3919 3870 3823
f 3847 3964 3860
f 3851 4052 3850
f 4052 3851 3862
f 3865 4054 3861
f 3866 3863 4055
f 3863 3853 4065
f 4068 3853 3858
f 2759 7233 2466
f 2466 7233 7234
f 3779 3777 3871
f 3871 3777 3778
f 3872 3780 14696
f 3872 14696 3780
f 3898 3772 340
f 3877 3873 3874
f 3883 3879 3873
f 3874 3873 3014
f 3881 3775 3869
f 3828 3711 3881
f 3869 3775 3875
f 3877 3878 3876
f 3877 3883 3873
f 3874 3878 3877
f 3874 3014 3028
f 3869 3875 3905
f 3922 339 3894
f 3882 3876 3878
f 3880 5704 3886
f 3877 3876 3883
f 3778 3772 3898
f 3922 3891 339
f 3888 3879 3883
f 3879 3888 340
f 3888 3898 340
f 3894 3803 3833
f 3890 3876 3882
f 3878 3886 3893
f 3893 3882 3878
f 3874 3886 3878
f 3880 3884 3892
f 3028 3884 3874
f 3869 3919 3881
f 3889 3779 3895
f 3902 3871 3778
f 3885 3883 3890
f 3883 3876 3890
f 3886 5704 5705
f 3886 3887 3893
f 3892 3886 5705
f 3884 3886 3892
f 3887 3886 3884
f 3908 3894 3833
f 3909 3895 3871
f 3871 3895 3779
f 3871 3902 3909
f 3887 3884 3028
f 3887 3028 3893
f 3900 3905 3875
f 3900 3875 3889
f 3906 3889 3896
f 3896 3889 3895
f 3895 3890 3896
f 3895 3907 3890
f 3896 3890 3897
f 3897 3890 3882
f 3885 3890 3903
f 3778 3898 3910
f 3897 3882 3893
f 3898 3888 3911
f 3922 3899 3891
f 3893 3028 3032
f 3885 3888 3883
f 3828 3919 3823
f 3922 3894 3908
f 3901 3906 3896
f 3907 3895 3901
f 3902 3778 3910
f 3903 3890 3907
f 3910 3898 3911
f 3893 3904 3897
f 3903 3897 3904
f 3903 3904 3885
f 3893 3032 3904
f 3904 3033 3885
f 3033 3888 3885
f 3888 3033 3911
f 3889 3906 3900
f 3906 3901 3895
f 3909 3906 3895
f 3902 3912 3909
f 3907 3901 3896
f 3897 3907 3896
f 3903 3907 3897
f 3916 3899 3922
f 3033 3904 3032
f 3909 3912 3920
f 3912 3902 3910
f 3038 3899 3916
f 3913 3910 3911
f 3867 3908 3833
f 3909 5748 3906
f 3917 3869 3905
f 5755 3912 3910
f 5755 3910 3913
f 3913 3911 3040
f 3906 5748 3900
f 3921 3915 3914
f 3921 3923 3915
f 5755 3913 3924
f 3923 3918 3915
f 3915 3918 3039
f 3913 3918 3924
f 3913 3040 3918
f 3926 3921 3914
f 3914 3915 3927
f 3927 3915 5902
f 3915 3039 5902
f 3918 3923 3924
f 3869 3917 4058
f 5750 3908 3867
f 3917 3905 3900
f 3908 5750 5751
f 5762 5748 3909
f 3925 5748 5762
f 3921 5757 5763
f 5751 3922 3908
f 5757 3921 3926
f 3926 3914 5754
f 5754 3914 3927
f 5772 3916 3922
f 3923 5766 3924
f 3928 3931 8666
f 8666 3931 3929
f 3929 3930 8666
f 3933 3930 3929
f 3931 3933 3929
f 9182 3932 3931
f 3932 3934 3931
f 3934 3933 3931
f 3934 3935 3933
f 3934 3932 3935
f 3936 9716 3937
f 9718 3936 3937
f 12924 3939 3942
f 3942 3939 3944
f 3943 3939 3941
f 3943 3941 3940
f 3938 3942 3944
f 3938 3944 3945
f 3949 3943 3940
f 3946 3944 3939
f 3949 3940 12351
f 3944 3946 3947
f 3946 3939 3943
f 12547 3945 12551
f 12551 3945 3947
f 3945 3944 3947
f 3948 3947 3946
f 3950 3946 3943
f 3946 3950 3948
f 3950 3943 3949
f 12551 3947 3948
f 3948 3950 3952
f 3950 3949 13205
f 13205 3949 12351
f 13206 12551 3948
f 12351 13049 13205
f 3954 6819 6818
f 3523 6819 3954
f 3955 3956 7814
f 3957 3527 3955
f 3527 3956 3955
f 3957 3955 3959
f 3957 3542 3527
f 3534 3542 3957
f 3959 3960 3957
f 3957 3960 3534
f 3541 3534 3960
f 3961 3960 3959
f 3959 3958 3961
f 10140 3960 3961
f 3541 3960 3546
f 3960 10140 3546
f 3961 3958 3962
f 3962 10140 3961
f 10140 3963 3546
f 3964 3846 4077
f 3966 4348 3969
f 3967 3969 4348
f 3968 3969 3967
f 4347 3966 3975
f 3975 3966 3970
f 3966 3969 3970
f 3968 3970 3969
f 3971 3975 3970
f 3971 3970 3968
f 3972 3971 3968
f 3975 3971 3972
f 3973 3972 3968
f 3972 3973 3974
f 3975 3972 3978
f 3974 3978 3972
f 3973 3979 3974
f 3977 3975 3978
f 3979 3973 3976
f 6062 3977 3978
f 3980 3859 3981
f 3981 3982 3980
f 3982 3981 4070
f 4118 3983 4116
f 3984 3983 4118
f 3986 3984 4118
f 3985 3984 4168
f 4168 3984 3986
f 4216 3986 4118
f 3988 3987 5467
f 5467 3987 5468
f 3987 3988 3989
f 3988 3992 3989
f 3989 6980 3987
f 3993 3994 3990
f 3991 3990 3992
f 3990 3994 3992
f 3995 3989 3992
f 3989 6982 6980
f 5596 6977 3996
f 3996 6977 3997
f 3992 3994 3995
f 4001 3999 3995
f 3995 3999 3989
f 3989 3999 6982
f 3998 3995 3994
f 3998 4001 3995
f 3993 5618 3994
f 5618 3998 3994
f 4000 3998 5618
f 4000 4001 3998
f 6982 3999 4004
f 4000 5622 4002
f 4000 4002 4001
f 4002 4003 4001
f 4003 4007 4001
f 3999 4006 4004
f 4007 9531 4001
f 4001 9531 3999
f 9531 4006 3999
f 4007 4003 4005
f 4019 540 1473
f 4012 4009 4008
f 4011 4009 4012
f 4014 4010 545
f 4011 824 4009
f 4008 4010 4013
f 4013 4010 4014
f 4011 4012 4016
f 4046 4043 4015
f 4016 827 824
f 4016 824 4011
f 4043 4019 4015
f 4016 4025 4020
f 4012 4025 4016
f 4012 4008 4025
f 4025 4008 4013
f 4013 4014 4018
f 4022 4017 4020
f 4017 827 4020
f 4020 827 4016
f 542 540 4019
f 4018 4021 4013
f 4023 4020 4025
f 4018 4014 545
f 4025 4013 4028
f 4013 4021 4028
f 4021 4018 4034
f 4022 4020 4031
f 4030 4019 4043
f 4019 4027 542
f 4028 4023 4025
f 4021 4026 4033
f 4026 4021 4034
f 4034 4018 545
f 4031 4020 4029
f 4019 4030 4024
f 4024 4027 4019
f 4029 4020 4023
f 4032 4023 4028
f 4033 4028 4021
f 4032 4028 4033
f 4032 4035 4029
f 4032 4029 4023
f 4030 4027 4024
f 4034 545 4041
f 4041 545 548
f 5015 4031 4036
f 4031 4029 4036
f 4035 4036 4029
f 4033 4026 4034
f 4032 4037 4035
f 4033 4037 4032
f 4049 4030 4043
f 4030 550 4027
f 4037 4033 4041
f 4033 4034 4041
f 5019 4030 4049
f 4041 548 551
f 4036 4035 4039
f 4039 4037 4038
f 4039 4035 4037
f 4041 4040 4037
f 4037 4040 4038
f 5015 4036 4042
f 4042 4036 4039
f 4045 2472 4044
f 4044 2473 7007
f 4048 4045 4044
f 4048 4044 7007
f 769 4017 4022
f 4048 4049 4045
f 4049 4046 4045
f 4049 4043 4046
f 4031 776 4022
f 4022 776 769
f 4047 4048 7007
f 4050 4048 4047
f 4050 4049 4048
f 6424 776 4031
f 6424 4031 5015
f 6428 4050 4047
f 4050 5019 4049
f 776 6424 883
f 4051 4059 3859
f 4059 4051 4060
f 3860 3964 4071
f 4060 4051 3852
f 4060 3852 4054
f 4064 4052 4061
f 4053 3865 671
f 4062 3865 4053
f 4062 4054 3865
f 4066 3866 4062
f 3866 4055 4062
f 4055 3863 4065
f 4067 3862 3857
f 4065 3853 4068
f 3838 3868 3867
f 3854 4068 3858
f 3870 4056 3864
f 3869 4058 4057
f 3869 4057 3919
f 4055 4060 4054
f 4055 4054 4062
f 4063 3838 3860
f 4053 4066 4062
f 4064 3854 3844
f 4067 3857 3870
f 3870 3857 4056
f 4058 4069 4057
f 4079 4059 4060
f 4059 4079 3859
f 4075 3860 4071
f 4052 4072 4061
f 4065 4060 4055
f 4063 3868 3838
f 4074 3870 4057
f 4079 4072 3859
f 3981 3859 4078
f 3859 4072 4078
f 4077 4075 4071
f 4052 4073 4072
f 4073 4052 3862
f 4087 3860 4075
f 4080 4076 4061
f 4076 4064 4061
f 4076 4060 4065
f 4076 3854 4064
f 4084 4067 3870
f 4084 3870 4074
f 4078 4070 3981
f 4060 4080 4079
f 4080 4061 4072
f 4080 4060 4076
f 4073 3862 4067
f 4087 4063 3860
f 4068 4076 4065
f 3854 4076 4068
f 4069 4074 4057
f 4077 4070 4078
f 4078 4075 4077
f 4072 4079 4080
f 4073 4075 4072
f 4075 4078 4072
f 4073 4083 4075
f 4083 4087 4075
f 4083 4073 4089
f 4089 4073 4067
f 4074 4069 4082
f 4082 4081 5989
f 5989 4084 4082
f 4087 4092 4063
f 4074 4082 4084
f 4090 4067 4084
f 4086 4090 5989
f 5989 4090 4084
f 4087 4083 4088
f 4088 4083 4089
f 4089 4067 4090
f 4090 4086 4085
f 4091 4090 4085
f 4097 4088 4089
f 4100 4090 4091
f 4085 4106 4091
f 4102 4087 4088
f 4097 4089 4093
f 4093 4089 4090
f 4093 4090 4100
f 4106 6337 4091
f 6351 4092 4087
f 4099 4106 4085
f 4088 4095 6331
f 4088 6331 4102
f 4095 4088 4097
f 6351 4087 4102
f 4097 4093 4113
f 6337 4100 4091
f 6331 4101 4102
f 4101 4108 4103
f 4094 6331 4095
f 4096 4094 4095
f 4105 4104 4094
f 4094 4096 4105
f 4096 4095 6333
f 4109 4096 6333
f 4095 4113 6333
f 4097 4113 4095
f 6354 4096 4109
f 4105 4096 6354
f 4105 4112 6335
f 6335 4112 4098
f 4100 4113 4093
f 6351 5800 4092
f 4107 6337 4106
f 6339 6340 4108
f 4102 4101 4103
f 4103 4108 6340
f 6350 4104 4110
f 4104 4105 4110
f 4105 6354 4112
f 4111 6334 4114
f 4118 4116 4117
f 4119 4120 4115
f 4118 4117 4120
f 4121 4118 4119
f 4119 4118 4120
f 4216 4118 4121
f 4121 4119 6892
f 4124 4122 4123
f 4124 4126 4125
f 8535 4125 4127
f 4125 4126 4127
f 4127 5213 5209
f 4127 4126 5213
f 4130 9013 4126
f 9013 4128 4126
f 4126 4128 5213
f 4129 4124 4123
f 4129 4126 4124
f 4129 4130 4126
f 4130 4131 9013
f 4132 9013 4131
f 4139 4132 4131
f 4130 4135 4131
f 4136 4131 4135
f 4139 4131 4136
f 4134 4137 4129
f 4130 4129 4137
f 4137 4135 4130
f 4136 4231 4139
f 4141 4137 4134
f 4231 4136 4135
f 4138 4231 4135
f 4142 4137 4141
f 4143 4137 4142
f 4137 4143 4138
f 4138 4135 4137
f 4140 4232 8456
f 4140 8456 4139
f 4140 4139 4231
f 4141 4229 4142
f 5223 4146 4144
f 4146 4145 4144
f 4146 244 4145
f 244 4148 4145
f 4145 4148 4147
f 4148 244 4153
f 250 4153 244
f 4149 4153 251
f 250 251 4153
f 4150 4155 4158
f 4158 4155 4151
f 4149 4152 4153
f 4153 4152 4148
f 4148 3300 4147
f 251 4154 4149
f 251 252 4154
f 4154 252 4156
f 4155 4150 4157
f 4150 4158 4157
f 4152 4149 4154
f 4151 4159 4157
f 4158 4151 4157
f 4154 4160 4152
f 4160 3300 4152
f 4152 3300 4148
f 4156 252 3301
f 4154 4156 4160
f 4156 3301 4160
f 3302 3300 4160
f 4162 1859 4163
f 4164 4163 4161
f 4164 4161 10408
f 4165 4162 4163
f 4165 4163 4164
f 4165 5273 4162
f 6887 5273 4165
f 6886 4165 4164
f 6887 4165 6886
f 10340 4166 10341
f 4167 3985 4168
f 4167 4168 4170
f 4169 4168 3986
f 4169 3986 4218
f 4170 4168 4169
f 7320 4167 4170
f 4172 4170 4169
f 4171 8197 7320
f 4172 4169 4218
f 4171 7320 4170
f 4171 4170 4172
f 8198 4171 4172
f 9891 4173 4177
f 4173 4176 4177
f 4173 4178 4176
f 4173 9891 4179
f 4180 4178 4179
f 4173 4179 4178
f 4178 4180 4176
f 4188 4174 4184
f 4184 4174 4185
f 4174 4175 4185
f 4185 4175 14344
f 4177 4176 4190
f 4180 4181 4186
f 4179 4181 4180
f 4179 4182 4181
f 4190 4176 4183
f 4186 4176 4180
f 4191 4182 4179
f 4181 4182 4186
f 4187 4183 4176
f 4176 4186 4191
f 4186 4182 4191
f 4176 4191 4187
f 205 4184 4185
f 14697 4188 4189
f 4184 4189 4188
f 4183 4187 4190
f 4185 14344 205
f 14697 4189 4192
f 4192 4189 4184
f 4192 4184 205
f 4192 205 206
f 4193 10634 10636
f 10637 11980 10636
f 4198 4195 10634
f 4198 4194 4195
f 4198 10634 4193
f 4201 4193 4196
f 4196 4193 10636
f 4196 10636 4197
f 4200 4195 4194
f 4201 4196 4197
f 10636 11980 4197
f 4194 4198 4200
f 4193 4200 4198
f 11980 4204 4197
f 14582 4199 4203
f 4197 4204 4206
f 4201 4197 4208
f 4205 4203 4199
f 4208 4197 4206
f 14698 14699 4202
f 4204 11983 4206
f 11984 4204 4207
f 4212 4208 4206
f 4206 11983 4210
f 4210 4212 4206
f 4209 4211 4166
f 4211 4212 4213
f 4209 4212 4211
f 4211 4213 4166
f 4214 11986 4212
f 4210 4214 4212
f 4210 11983 4215
f 4212 11986 4213
f 4210 4215 4214
f 2926 4121 6892
f 2926 6892 2925
f 4218 4216 4121
f 4217 4121 2926
f 4218 3986 4216
f 4217 4218 4121
f 4217 2926 4219
f 4221 4218 4217
f 4221 4217 4219
f 4220 4172 4218
f 1232 4221 4219
f 4220 4218 4221
f 4222 1232 4219
f 6792 4223 4224
f 4225 2532 2476
f 6037 4225 2476
f 4225 2531 2532
f 6039 4226 6037
f 6037 4226 4225
f 4226 343 4225
f 4225 343 2531
f 4226 512 4227
f 4226 6039 511
f 4226 511 512
f 4227 512 510
f 4227 510 528
f 4226 4227 343
f 4227 4228 343
f 4227 528 497
f 497 4228 4227
f 4141 4230 4229
f 4229 4230 4142
f 4143 4142 4230
f 4230 4138 4143
f 4232 4140 4231
f 3093 4234 4134
f 4234 4141 4134
f 4234 4230 4141
f 4234 4235 4230
f 4235 4138 4230
f 4235 4231 4138
f 4231 4233 4232
f 3093 3094 4234
f 4234 3094 4236
f 4234 4236 4235
f 4236 4233 4235
f 4233 4231 4235
f 4240 4243 4237
f 4241 4238 4240
f 4240 4238 4239
f 4240 4239 4243
f 4240 4242 4241
f 4242 4240 4237
f 4243 4239 3742
f 4239 4238 3742
f 4242 4237 4246
f 4246 4237 4243
f 4241 4244 4238
f 4238 4248 3742
f 3095 4245 4250
f 4242 4252 4250
f 4250 4245 4242
f 4245 4253 4242
f 4242 4253 4241
f 4246 4252 4242
f 4241 4253 4244
f 4246 4247 4255
f 4244 4253 1682
f 4246 4243 4247
f 4247 4243 4256
f 4238 4244 4248
f 4243 3742 4256
f 3754 4256 3742
f 4248 3748 3742
f 4249 4245 3095
f 4253 4245 4249
f 4252 4246 4251
f 4251 4246 4255
f 4249 1682 4253
f 4255 4254 4251
f 1685 4257 4255
f 1685 4255 4247
f 4244 1682 4248
f 3762 4257 3754
f 3754 3764 4256
f 3098 4249 3095
f 4252 4258 4250
f 3098 1682 4249
f 4259 1684 4251
f 1680 4251 1684
f 1680 1689 4251
f 4251 1689 4252
f 4259 4251 4254
f 1679 4254 4255
f 1679 4255 4257
f 1680 1685 1681
f 1679 4257 1683
f 4247 1681 1685
f 4247 4256 1681
f 4256 1686 1681
f 4257 4260 1683
f 1692 1697 1685
f 1697 4257 1685
f 7609 4248 1682
f 4257 3762 4260
f 1697 3754 4257
f 7609 3748 4248
f 497 2692 4264
f 4264 2689 4261
f 518 4262 501
f 501 4262 229
f 4262 4263 229
f 4262 4268 4263
f 4263 4268 4489
f 4267 4262 518
f 4268 4262 4267
f 518 516 520
f 4266 4267 518
f 527 4263 4269
f 4490 4269 4263
f 527 229 4263
f 4263 4489 4490
f 4267 4266 4268
f 518 4269 4266
f 4266 4269 4270
f 4266 4265 4268
f 4266 4270 4265
f 4270 4269 4490
f 4490 4265 4270
f 4272 4271 4586
f 4272 538 4271
f 4273 4274 4682
f 4272 4682 4498
f 4682 4274 4498
f 4276 1188 342
f 2531 345 342
f 345 4276 342
f 4684 2509 2510
f 4285 4281 4277
f 10392 4278 4280
f 4278 4279 4280
f 4280 4279 4281
f 4279 2063 4282
f 4279 4282 4281
f 2063 2064 4284
f 4283 4280 4281
f 4282 4277 4281
f 4282 2063 4284
f 4277 4286 4285
f 4277 4282 4286
f 4282 4284 4286
f 4286 4284 2068
f 8384 4287 2087
f 4292 4291 4290
f 4300 6388 4288
f 4300 4288 4294
f 4292 4295 4296
f 4291 4292 4296
f 4295 4294 4296
f 4294 4288 4296
f 4297 14700 4289
f 4301 4298 4302
f 4302 4298 4293
f 4293 4308 4302
f 4302 4303 4301
f 4308 4303 4302
f 4300 4306 6388
f 4304 4313 4293
f 4313 4304 4305
f 4307 4300 4294
f 4310 4313 4305
f 4309 4306 4300
f 10416 4308 4293
f 4310 4305 4299
f 4309 4300 4307
f 4311 10416 4293
f 4293 4313 4311
f 13325 4312 4310
f 4311 4313 10416
f 4313 10418 10416
f 4312 4313 4310
f 4317 4320 4318
f 4320 4315 4318
f 4320 4316 4315
f 4319 10695 4316
f 4318 4315 4321
f 4321 4315 4328
f 4335 4319 4316
f 4335 4316 4324
f 4327 4317 4323
f 4324 4316 4320
f 4328 4315 4322
f 4327 4331 4317
f 4317 4331 4320
f 4320 4331 4324
f 213 4322 210
f 4328 4322 4330
f 4325 4322 213
f 4326 4327 4323
f 4329 4328 4332
f 4328 4329 4321
f 11738 4335 4324
f 4331 4327 4334
f 4331 4334 4324
f 4330 4332 4328
f 4325 4330 4322
f 4329 4332 4334
f 4329 4334 4333
f 4332 4330 4334
f 11738 4324 4334
f 11738 4334 4330
f 11736 4335 11738
f 11735 11738 4330
f 11735 4330 4325
f 4261 2691 4275
f 4276 4261 4275
f 4337 4336 12899
f 4336 12902 4338
f 4336 4337 12902
f 4340 4336 4338
f 4338 12902 12901
f 13728 4338 12901
f 11485 4336 4340
f 4339 7312 11485
f 4338 4344 4340
f 4344 4338 4341
f 4338 13728 4345
f 4339 11485 4340
f 4344 4342 4340
f 4341 4338 4345
f 4342 4339 4340
f 4343 4342 4344
f 4346 4344 4341
f 4343 7316 4342
f 13736 4341 4345
f 13736 4345 13732
f 13736 4346 4341
f 4347 7316 4343
f 4348 4347 4343
f 4347 4348 3966
f 4350 4351 4349
f 4290 4349 4351
f 4351 4350 12804
f 4354 10450 4353
f 4355 4354 4353
f 4353 10450 4352
f 10457 4353 4352
f 4353 4356 4355
f 4356 4353 10457
f 4355 4356 291
f 290 291 4356
f 4357 12083 4359
f 12335 4360 4361
f 4361 4360 4363
f 4360 4362 4363
f 4363 4362 4365
f 4362 4364 4365
f 4363 4365 4369
f 4367 4361 4366
f 4366 4361 4363
f 4365 4364 11516
f 4370 4363 4369
f 4369 4365 11516
f 11516 4364 4368
f 4381 4366 4370
f 4366 4363 4370
f 4372 4371 4370
f 4367 4366 4380
f 4381 4380 4366
f 4372 4370 4369
f 4374 4376 4375
f 4378 4375 4376
f 4375 4378 4388
f 4375 4388 4377
f 4370 4371 4381
f 4372 4369 11516
f 4382 4372 11516
f 4376 4373 12342
f 12342 4379 4376
f 4376 4379 4384
f 4378 4376 4384
f 4384 4379 4385
f 4379 12347 4385
f 4384 4381 4378
f 4384 4385 4381
f 4381 4371 4378
f 4378 4371 4388
f 4388 4371 4372
f 4388 4372 4382
f 12347 4381 4385
f 11516 4386 4382
f 4386 11516 4383
f 4387 4389 4377
f 4388 4387 4377
f 4389 12361 12357
f 4388 4382 4387
f 4387 4382 4390
f 4382 4386 4390
f 4389 4387 12361
f 2830 2829 2824
f 2834 4394 2203
f 2835 4407 2836
f 2836 4407 2827
f 4407 4401 2827
f 4399 5157 2837
f 4395 4399 2837
f 2558 2591 6159
f 4391 2590 4396
f 2566 2203 4404
f 4392 2565 4391
f 4394 4404 2203
f 4391 4396 4393
f 4391 4393 4392
f 4394 2834 4397
f 2834 4398 4397
f 4407 4414 4401
f 4402 5157 4399
f 4404 2571 2566
f 4424 4396 2590
f 4412 4413 2832
f 4413 2835 2832
f 4424 4393 4396
f 4404 4394 4405
f 4397 4405 4394
f 4406 2835 4413
f 4406 4407 2835
f 4397 4398 4408
f 4410 6162 4409
f 4399 4415 4402
f 4415 4399 4403
f 4419 2571 4404
f 4419 4404 4405
f 4420 4405 4397
f 4427 4406 4413
f 4407 4406 4428
f 4423 4414 4407
f 2621 4422 2591
f 2571 4419 2605
f 2830 4418 2829
f 2829 4418 4411
f 4424 4476 4393
f 4411 4426 4412
f 4420 4419 4405
f 4426 4413 4412
f 4397 4408 4420
f 4428 4434 4407
f 4407 4434 4423
f 4421 4410 4409
f 4429 4408 4401
f 4402 4415 4403
f 5158 4403 4416
f 2607 4417 2608
f 2608 4417 4424
f 4411 4418 4446
f 4446 4426 4411
f 4420 4408 4429
f 4437 4414 4423
f 4440 4424 4417
f 4443 4425 4424
f 4419 4420 4441
f 4427 4413 4426
f 4428 4406 4427
f 4444 4421 4430
f 4423 4434 4435
f 4431 4430 4409
f 4409 4430 4421
f 4437 4455 4414
f 4414 4455 4401
f 4429 4401 4455
f 4439 5158 4477
f 4419 4440 2624
f 2624 4417 2607
f 2624 4440 4417
f 4440 4443 4424
f 4432 4426 4446
f 4441 4440 4419
f 4426 4432 4427
f 4442 4433 4427
f 4427 4433 4428
f 4429 4441 4420
f 4428 4433 4434
f 4433 4435 4434
f 4430 4431 4423
f 4431 4437 4423
f 4438 4439 4477
f 5160 5158 4439
f 4445 4451 6167
f 6167 4451 4418
f 4432 4446 4442
f 4442 4427 4432
f 4435 4433 4442
f 4436 4439 4448
f 4448 4439 4438
f 4449 4439 4436
f 4439 4449 5160
f 2633 2634 4450
f 4446 4418 4451
f 4440 4441 4448
f 4440 4448 4443
f 4443 4448 4438
f 4436 4441 4429
f 4441 4436 4448
f 4452 4444 4430
f 4430 4423 4452
f 4435 4452 4423
f 4437 4431 4455
f 2659 2634 2649
f 4451 4442 4446
f 4447 4452 4445
f 4452 4435 4442
f 4444 4452 4447
f 4429 4455 4436
f 2659 14701 4450
f 2659 4450 2634
f 4452 4451 4445
f 4451 4452 4442
f 4456 14671 4453
f 4455 4454 4436
f 4456 4453 222
f 4454 230 4436
f 4457 4455 4431
f 230 4449 4436
f 4457 224 4455
f 224 4454 4455
f 4449 230 227
f 8438 6024 4459
f 4459 6024 4460
f 4463 4459 4460
f 4462 4459 4463
f 722 4462 4463
f 4463 4460 8728
f 722 4463 4461
f 721 8444 4462
f 721 4462 722
f 4463 723 4461
f 723 4463 8729
f 8729 4463 8728
f 4392 4465 2887
f 4392 4393 4465
f 2887 4400 2888
f 4465 4400 2887
f 4466 2883 2888
f 2883 4466 2889
f 4466 4467 2889
f 4472 4464 4467
f 4399 4395 4470
f 4468 4464 4472
f 4393 4400 4465
f 4400 4469 2888
f 4471 4466 2888
f 4474 4467 4466
f 4403 4399 4470
f 4474 4466 4471
f 4474 4472 4467
f 4478 4472 4474
f 4403 4470 4416
f 4470 4464 4473
f 4468 4475 4464
f 4393 4476 4400
f 4469 4471 2888
f 4464 4475 4473
f 4416 4470 4473
f 4476 4469 4400
f 4469 4482 4471
f 4468 4478 4486
f 4472 4478 4468
f 4486 4475 4468
f 4424 4425 4476
f 4482 4469 4476
f 4471 4482 4483
f 4471 4483 4474
f 4478 4474 4483
f 4477 4416 4473
f 5158 4416 4477
f 4473 4475 4481
f 4425 4484 4476
f 4482 4476 4485
f 4476 4484 4485
f 4479 4477 4473
f 4479 4473 4480
f 4480 4473 4481
f 4475 4486 4481
f 4443 4484 4425
f 4482 4485 4483
f 4483 4485 4486
f 4483 4486 4478
f 4484 4480 4485
f 4484 4479 4480
f 4438 4477 4479
f 4486 4480 4481
f 4484 4443 4438
f 4484 4438 4479
f 4485 4480 4486
f 10413 10911 4488
f 2347 10911 10910
f 4487 10911 2347
f 4487 4488 10911
f 5288 4488 4487
f 5309 4488 5288
f 5294 5309 5288
f 5308 10414 4488
f 4268 4265 4489
f 4265 4490 4489
f 232 4491 5216
f 5216 4491 4494
f 4494 4491 4493
f 239 4492 4491
f 4491 4492 4493
f 5223 4493 4492
f 4499 4496 4500
f 538 4495 254
f 538 4272 4495
f 4272 4498 4495
f 4497 254 4495
f 4500 4501 252
f 4500 4496 4502
f 4754 4496 4499
f 4503 10647 4504
f 10647 4503 4505
f 4506 4503 4504
f 11396 4509 4503
f 4509 4505 4503
f 4507 4504 8876
f 4506 4504 4509
f 8882 4507 8876
f 4508 4505 4509
f 4510 4509 11396
f 4509 4510 4506
f 4504 4511 4509
f 4511 4504 4507
f 4511 4507 8882
f 4511 4512 4508
f 4511 4508 4509
f 4514 4512 4511
f 8882 4514 4511
f 11709 4513 4514
f 4514 4513 4512
f 4514 8882 8883
f 11706 6917 4512
f 11706 4512 4513
f 11708 11706 4513
f 11708 4513 11709
f 11709 4514 11707
f 4518 8408 4515
f 4518 4522 8408
f 4525 4517 4520
f 4520 4517 4519
f 4521 4520 4519
f 4524 4522 4518
f 4534 4518 4525
f 4533 4525 4520
f 4533 4520 4523
f 4523 4520 4521
f 4523 4521 10865
f 4531 4527 4526
f 4533 4523 4527
f 10831 4526 4529
f 4527 4528 4526
f 4527 4523 4528
f 4536 4534 4525
f 4536 4525 4533
f 4526 10831 4530
f 4531 4526 4530
f 4533 4527 4531
f 4537 977 4524
f 4537 4524 4518
f 4530 4532 4531
f 4532 4533 4531
f 4535 4532 4530
f 4532 8933 4533
f 8933 4536 4533
f 8931 4518 4534
f 706 4537 8937
f 4537 4518 8931
f 4535 8935 4532
f 4538 4539 1465
f 4539 4551 1465
f 4551 1464 1465
f 4550 4538 2468
f 1465 4540 4538
f 1465 4683 4540
f 1465 1467 4683
f 4538 4583 2468
f 4540 4541 4538
f 4540 4683 4541
f 4542 4544 4545
f 4543 4542 4545
f 4544 4546 4547
f 4545 4544 4547
f 4550 4548 4538
f 4543 4538 4548
f 4545 4538 4543
f 4547 4538 4545
f 4539 4538 4547
f 4546 4539 4547
f 4546 4551 4539
f 4542 4543 4549
f 4544 4542 4549
f 4555 4544 4549
f 4546 4544 4555
f 4543 4548 4549
f 4548 4555 4549
f 4555 4551 4546
f 4550 4555 4548
f 4555 4556 4551
f 4551 4556 1464
f 4554 4553 4594
f 4558 4552 1470
f 2470 4555 4550
f 4559 2471 4553
f 2470 4564 4555
f 4554 4559 4553
f 1475 4558 1470
f 4559 4554 4560
f 4554 4557 4560
f 4557 4558 4563
f 4563 4558 1475
f 4561 4559 4560
f 4560 4557 4563
f 4564 4566 4555
f 4555 4566 4556
f 4566 1473 4556
f 4562 4560 4563
f 4567 4561 4560
f 4562 4563 4565
f 4010 4565 4563
f 4010 4563 1475
f 4567 4560 4562
f 4019 1473 4566
f 4562 4565 4009
f 4009 4567 4562
f 4019 4566 4015
f 4046 4015 2470
f 2470 4015 4564
f 4015 4566 4564
f 4565 4008 4009
f 4008 4565 4010
f 4010 1475 545
f 4567 4009 824
f 6867 4568 9470
f 4569 4568 6867
f 4570 4568 4569
f 4572 4570 4569
f 4569 9813 4572
f 4572 9813 4571
f 9470 4568 4574
f 4570 4574 4568
f 4572 4571 12628
f 4573 4574 4576
f 4581 4573 4575
f 4574 4570 4576
f 4575 4573 9866
f 4573 4582 9866
f 4576 4570 4577
f 4570 4578 4577
f 4570 4572 4578
f 4577 4578 4579
f 12628 4578 4572
f 4579 4578 12637
f 1036 4579 4580
f 4573 4576 4582
f 4582 4576 4577
f 4577 4579 4582
f 1036 4582 4579
f 4538 4584 4583
f 4538 4541 4584
f 4591 4541 4683
f 4585 539 253
f 4583 4584 4588
f 4584 4541 4588
f 4588 4541 4591
f 4588 4591 4590
f 253 4587 4722
f 4686 253 4722
f 4590 4592 4588
f 4590 4723 4592
f 4590 4591 4723
f 4723 4591 4593
f 4591 4589 4593
f 4596 4594 4598
f 4554 4594 4596
f 4554 4596 4557
f 4557 4596 4558
f 4558 4596 4552
f 6261 4597 4595
f 4595 4597 4594
f 4594 4597 4598
f 4596 4598 4599
f 4608 4598 4607
f 4598 4597 4607
f 4608 4601 4598
f 4598 4601 4599
f 4619 4603 4608
f 4601 4603 4604
f 4604 4603 4610
f 4610 4615 4604
f 4604 4615 4616
f 4728 4616 4734
f 4616 4728 4691
f 4595 4553 2471
f 4553 4595 4594
f 6261 4605 4597
f 4605 4606 4597
f 4606 4621 4597
f 4602 4606 4600
f 4606 4605 4600
f 4621 4607 4597
f 4608 4607 4617
f 4608 4617 4619
f 4608 4603 4601
f 4619 4610 4603
f 4612 4613 4611
f 4615 4610 4620
f 4621 4617 4607
f 4623 4602 4609
f 4619 4617 4618
f 4620 4619 4618
f 4610 4619 4620
f 4649 4611 4613
f 4615 4620 4635
f 4615 4635 4614
f 4738 4614 4635
f 4734 4615 4614
f 4616 4615 4734
f 4559 4628 2471
f 4602 4623 4606
f 4639 4617 4622
f 4639 4618 4617
f 4623 4609 4632
f 4626 4618 4639
f 4618 4626 4620
f 4626 4624 4620
f 4620 4624 4635
f 6264 4627 4612
f 4627 4613 4612
f 4738 4635 4642
f 4606 4623 4631
f 4621 4606 4631
f 4658 4622 4621
f 4621 4622 4617
f 4627 4649 4613
f 4627 4625 4738
f 6264 4625 4627
f 4561 4628 4559
f 4637 4629 6267
f 4629 4638 4630
f 4629 4631 4638
f 4631 4658 4621
f 4638 4631 4623
f 4658 4646 4622
f 4639 4624 4626
f 4633 4649 4627
f 4627 4636 4633
f 4635 4634 4650
f 4634 4635 4624
f 4636 4627 4738
f 4636 4738 4642
f 4653 4642 4635
f 4628 4561 4655
f 4655 4644 4628
f 4637 6267 4644
f 4637 4645 4629
f 4645 4631 4629
f 4638 4623 4632
f 6270 4648 4632
f 4640 4650 4634
f 4633 4636 4652
f 4653 4635 4650
f 14702 4643 4641
f 4665 4741 14703
f 4655 4561 4567
f 4657 4630 4645
f 4638 4645 4630
f 4638 4659 4658
f 4658 4659 4646
f 4646 4647 4622
f 4648 4638 4632
f 4639 4622 4662
f 4639 4662 4624
f 4634 4662 4640
f 4624 4662 4634
f 4653 4650 4651
f 4653 4654 4642
f 14702 4641 4643
f 4654 4636 4642
f 4656 4644 4655
f 4656 4637 4644
f 4631 4645 4658
f 4638 4658 4645
f 4647 4646 4659
f 4638 4648 4667
f 4638 4667 4659
f 4667 4647 4659
f 4661 4647 4667
f 4647 4661 4622
f 4662 4622 4661
f 4633 4652 4663
f 4663 4652 4651
f 4651 4650 4661
f 4650 4640 4661
f 4661 4640 4662
f 4651 4652 4654
f 4654 4653 4651
f 4664 14704 6272
f 4652 4636 4654
f 14704 4664 4665
f 4656 4666 4637
f 4666 4657 4645
f 4637 4666 4645
f 4660 4667 4648
f 4667 4663 4661
f 4663 4651 4661
f 4633 4663 4668
f 4670 4663 4667
f 822 4655 4567
f 822 4567 824
f 4655 825 4656
f 822 825 4655
f 4666 4656 825
f 4667 4660 4669
f 4670 4667 4669
f 763 4668 4670
f 4663 4670 4668
f 4673 4672 4671
f 10086 4673 4671
f 8639 4673 10086
f 8639 10086 11210
f 3017 3036 3022
f 4677 4675 4674
f 6976 4675 4677
f 4680 4677 6965
f 4677 6966 6965
f 4680 6965 4678
f 4678 6965 6968
f 2221 4676 4675
f 4678 4679 4680
f 6976 4677 4680
f 4679 4678 6969
f 6976 2221 4675
f 4679 6976 4680
f 1467 4681 4683
f 1467 4684 4681
f 4682 4687 4273
f 4272 4686 4682
f 4687 4274 4273
f 4681 4685 4683
f 4684 4688 4681
f 4683 4589 4591
f 4589 4683 4685
f 4681 4688 4685
f 4272 253 4686
f 4687 4682 4686
f 4688 4707 4762
f 4685 4686 4589
f 4685 4762 4686
f 4685 4688 4762
f 4709 4690 4710
f 4690 4692 4710
f 4552 4596 4689
f 4690 4552 4689
f 2512 4552 4690
f 4599 4689 4596
f 4689 4599 4691
f 4689 4691 4690
f 4601 4604 4599
f 4691 4692 4690
f 4604 4616 4599
f 4599 4616 4691
f 1218 1224 4694
f 2515 10675 4693
f 1222 2516 4693
f 2517 1222 1223
f 1223 4694 2517
f 4695 2515 2516
f 2516 1222 2517
f 2519 2516 2517
f 2517 2518 2519
f 2517 4694 4696
f 4696 4694 1224
f 2518 2517 4696
f 2522 2518 4696
f 2521 9889 2520
f 2519 2523 2521
f 2523 2519 2522
f 4700 2522 4697
f 4696 4697 2522
f 4700 4697 4698
f 204 9889 2524
f 4702 4698 4701
f 4701 4698 4697
f 4702 2527 4700
f 4701 2527 4702
f 4706 4705 4703
f 4706 4703 4704
f 4707 4684 2510
f 4707 2510 2511
f 4684 4707 4688
f 3675 4707 3674
f 2511 4708 4707
f 4707 4708 3674
f 3674 4708 3676
f 4709 4708 2511
f 4709 4710 4711
f 4709 4711 4708
f 4708 4711 3676
f 4713 8382 4715
f 4712 4713 4714
f 4713 4716 4714
f 4713 4715 4716
f 10392 4717 4715
f 4716 4718 4714
f 4717 4716 4715
f 4719 4587 253
f 253 254 4719
f 4719 254 4720
f 254 4497 4720
f 4721 4732 255
f 4760 252 255
f 4760 255 4732
f 4593 4587 4719
f 4719 14705 4593
f 4720 14705 4719
f 4725 4720 4497
f 4727 4721 289
f 6255 4723 5162
f 4723 4720 4724
f 4593 4720 4723
f 4593 14705 4720
f 4723 4724 5162
f 4720 4725 4724
f 5162 4724 4730
f 4727 4732 4721
f 4725 4731 4724
f 4726 4731 4725
f 4730 4724 4731
f 4732 4737 4760
f 4737 4733 4760
f 4735 4726 4734
f 4728 4734 4726
f 4736 4729 4730
f 4731 4736 4730
f 4735 4731 4726
f 4614 4738 4739
f 4739 4734 4614
f 4736 4731 4739
f 4735 4739 4731
f 4743 4737 4727
f 4727 4737 4732
f 4625 4736 4738
f 4738 4736 4739
f 4739 4735 4734
f 5164 4743 4727
f 5164 4742 4743
f 4743 4745 4737
f 4741 4665 4740
f 4744 4742 5164
f 4745 1059 4764
f 4745 4743 4742
f 4745 4742 93
f 5174 101 4744
f 101 4742 4744
f 93 1059 4745
f 101 105 4742
f 105 93 4742
f 2295 4746 2296
f 4747 4748 2295
f 4747 6313 4748
f 2295 4748 4746
f 4746 4749 2296
f 2296 4749 2298
f 4748 4751 4746
f 4748 6313 4750
f 4748 4750 4751
f 4746 4751 4749
f 4749 5000 4752
f 4749 4752 2298
f 4751 5000 4749
f 5000 4996 4752
f 4750 8544 4751
f 4757 4274 4687
f 4687 4756 4757
f 4274 4753 4498
f 4274 4757 4753
f 4497 4495 4753
f 4498 4753 4495
f 4500 4763 4499
f 4500 252 4760
f 4733 4500 4760
f 4763 4500 4733
f 4763 4754 4499
f 3301 4501 4755
f 4501 4500 4755
f 4755 4500 4502
f 4686 4762 4687
f 4756 4687 4762
f 4757 4756 4762
f 4757 3675 3674
f 4753 4757 4758
f 3677 4757 3674
f 4758 4759 4753
f 4754 4763 4761
f 4502 4775 4755
f 4686 4722 4589
f 4762 4707 3675
f 4757 4762 3675
f 3677 4758 4757
f 4497 4753 4725
f 4725 4753 4759
f 4726 4725 4759
f 4759 4758 3676
f 4758 3677 3676
f 4691 4728 4692
f 4710 4692 4711
f 4728 4726 4692
f 4711 4692 3676
f 4692 4726 4759
f 3676 4692 4759
f 4766 4761 4763
f 4733 4764 4763
f 4737 4764 4733
f 4764 4765 4763
f 4745 4764 4737
f 4763 4765 4766
f 4765 4764 1059
f 4765 1059 1061
f 1061 4766 4765
f 1063 4766 1061
f 4769 11009 4768
f 4770 11009 4769
f 4772 4769 4768
f 4767 4772 4768
f 9526 4772 4767
f 11025 4769 4772
f 11024 4770 4769
f 11024 4771 4770
f 11024 4769 11025
f 11025 4772 9526
f 11025 9526 2420
f 4773 4778 4754
f 4778 4779 4774
f 3301 4755 4775
f 4775 4777 3301
f 4502 14706 4775
f 4773 4754 4782
f 4754 4761 4782
f 3301 4777 3302
f 4775 14706 4776
f 4773 4782 4778
f 4777 3300 3302
f 4777 4776 3300
f 4775 4776 4777
f 4782 4779 4778
f 4779 4781 4774
f 4781 4780 4774
f 4766 4782 4761
f 4782 4783 4779
f 4779 4783 4781
f 4781 5399 4780
f 4785 4783 4782
f 4785 4782 4766
f 4783 5399 4781
f 4783 4784 5399
f 1063 4785 4766
f 4919 4784 4783
f 4922 4919 4783
f 4922 4783 4785
f 8120 6433 4786
f 8120 4788 6433
f 6433 885 4787
f 4788 4789 6433
f 4789 885 6433
f 4789 949 885
f 949 6031 885
f 4789 4788 8121
f 4793 4791 4792
f 4794 4790 5308
f 4794 4792 4790
f 4795 4793 4792
f 4795 4792 4794
f 8208 4793 4795
f 8211 8208 4795
f 8208 4796 4793
f 4793 4796 4791
f 4797 4796 8208
f 4799 4798 4797
f 4799 4797 8208
f 8209 4799 8208
f 4804 14091 4805
f 14707 4800 4809
f 4801 4809 4800
f 4801 4806 4802
f 4807 4802 4806
f 4801 4802 4809
f 4808 4802 4807
f 4802 4808 4809
f 4809 4808 4807
f 4813 4810 8160
f 4814 4813 8160
f 4812 4814 8160
f 6418 4814 4812
f 6419 4814 6418
f 6419 6296 4814
f 4816 4798 4799
f 4815 4798 4816
f 8210 4816 4799
f 8210 4799 8209
f 6949 4815 4816
f 8765 4816 8210
f 4821 4818 4819
f 13175 4818 4821
f 4819 9211 4831
f 4831 9211 4817
f 4820 13175 4822
f 4821 4822 13175
f 4819 4825 4821
f 4825 4819 4824
f 4822 4821 4825
f 4831 4824 4819
f 4823 4831 4817
f 4825 4824 4828
f 4826 13175 4820
f 4834 4825 4827
f 4827 4825 4828
f 4831 4828 4824
f 4831 4827 4828
f 4832 4831 4823
f 4829 4826 4820
f 4830 4827 4831
f 4827 4830 4834
f 9800 4831 4832
f 14591 4829 4833
f 4820 4833 4829
f 4834 4830 4835
f 4835 4830 4831
f 9708 4839 4838
f 4836 7279 1077
f 1077 4837 4836
f 1081 6480 4837
f 4840 7292 1077
f 7292 1076 1077
f 1077 1081 4837
f 4843 4841 14708
f 2743 14709 2741
f 4850 4842 2744
f 14709 2743 4851
f 2738 4851 2743
f 4851 2738 4845
f 4847 4849 2740
f 4849 4847 4850
f 4847 4848 4850
f 4850 4848 4842
f 4855 4845 4846
f 4847 4857 4848
f 14708 4841 4843
f 4854 4847 2740
f 4854 4857 4847
f 4848 4857 4853
f 2740 4851 4854
f 4854 4851 4858
f 4848 4853 4842
f 4858 4851 4845
f 4855 4858 4845
f 4853 4857 4854
f 4859 4853 4854
f 4858 4859 4854
f 4858 4855 4859
f 4860 5477 4861
f 4862 4864 4863
f 4855 4846 4844
f 4842 4855 4844
f 4859 4842 4853
f 4859 4855 4842
f 1418 1416 4866
f 4867 1424 6214
f 6214 1424 4870
f 1424 4865 4870
f 1418 4870 4865
f 4866 4879 1418
f 4866 4869 1423
f 6411 4877 4868
f 6214 4870 4871
f 4877 4875 4868
f 4870 4878 4871
f 4879 4870 1418
f 4878 4870 4879
f 4875 1425 4868
f 4879 4866 4872
f 4872 4866 1423
f 4872 1423 4852
f 4852 4856 4872
f 4876 4874 6415
f 6415 4874 4877
f 5963 5964 4876
f 4876 5964 4878
f 4876 4878 4874
f 4877 4879 4875
f 4877 4874 4879
f 4878 4879 4874
f 4879 4872 4875
f 4875 4872 1425
f 4856 1425 4872
f 4873 5963 4876
f 4883 5972 4880
f 4880 4881 4883
f 4884 4882 4885
f 4881 1479 4889
f 4889 4883 4881
f 1480 5972 4883
f 4885 4882 4985
f 4985 4882 4935
f 4889 1480 4883
f 4890 4884 4887
f 4886 4887 4891
f 4887 4888 4891
f 4887 4884 4888
f 4886 4891 1482
f 4888 4884 4885
f 1479 1482 4889
f 4902 4886 1868
f 4886 4896 4887
f 4897 4890 4887
f 4898 4892 4891
f 4891 4888 4898
f 4898 4888 4899
f 4888 4885 4899
f 4907 1482 4891
f 4899 4885 4893
f 4907 4894 1482
f 4894 4889 1482
f 4895 4893 4885
f 4889 4894 1480
f 4985 4895 4885
f 4901 4902 1868
f 4902 4896 4886
f 4896 4897 4887
f 8141 4890 4897
f 4907 4891 4900
f 4891 4892 4900
f 4902 4904 4896
f 4904 4905 4896
f 4905 4897 4896
f 4899 4893 4906
f 4892 4903 4900
f 4898 4903 4892
f 4907 1494 4894
f 4894 1493 1480
f 4901 1490 4902
f 4905 4904 4908
f 4909 4897 4905
f 4902 1490 4908
f 4902 4908 4904
f 4906 4897 4909
f 1490 4907 4908
f 4908 4907 4900
f 4908 4900 4903
f 4909 4899 4906
f 1494 4907 1490
f 4898 4908 4903
f 4909 4908 4898
f 4899 4909 4898
f 4905 4908 4909
f 4910 4894 1494
f 4910 1493 4894
f 4911 4912 4914
f 4912 4915 4913
f 4914 4912 4913
f 4914 4913 4975
f 1878 4916 4917
f 4914 4916 4911
f 4914 4917 4916
f 4914 4918 4917
f 4918 4914 4975
f 4785 1063 4922
f 1060 4920 4921
f 1063 4921 4922
f 4920 307 4921
f 4921 4923 4922
f 307 4923 4921
f 1062 4921 1063
f 1062 1060 4921
f 4919 4929 4784
f 308 4924 307
f 4923 4929 4922
f 4922 4929 4919
f 4924 4923 307
f 130 4925 311
f 4924 4928 4923
f 141 4926 4925
f 311 4926 310
f 311 4925 4926
f 4926 4924 310
f 4926 4928 4924
f 4928 4930 4923
f 4923 4930 4929
f 141 312 4927
f 4927 4926 141
f 4927 312 315
f 4927 4928 4926
f 4928 4927 315
f 163 315 312
f 315 3696 4928
f 4928 3696 4930
f 4930 5466 4929
f 315 3695 3696
f 195 3695 315
f 4884 4931 4882
f 4931 4934 4882
f 4882 4934 4935
f 4934 4979 4935
f 4934 4933 4979
f 4936 4938 4937
f 4937 4938 4939
f 4938 4940 4939
f 4938 4945 4940
f 4940 4942 4939
f 4945 4941 4984
f 4945 4984 4940
f 4940 4984 4942
f 7854 4944 4943
f 4943 4944 4945
f 4936 4943 4938
f 4943 4945 4938
f 4945 4944 4941
f 4893 4895 4944
f 4944 4895 4941
f 7854 8141 4897
f 7854 4897 4946
f 4906 4946 4897
f 7854 4946 4944
f 4906 4893 4946
f 4944 4946 4893
f 7861 7934 4948
f 4912 7861 4915
f 7861 4949 4915
f 7861 4948 4949
f 4948 4947 7942
f 4959 4950 4951
f 4951 4953 4952
f 4952 4953 7938
f 4960 4950 4959
f 4951 4950 4953
f 7938 4953 4988
f 7950 4955 4954
f 4954 4957 7937
f 4954 4955 4957
f 7951 4955 7950
f 4957 4955 4956
f 4956 4958 4951
f 4952 4956 4951
f 4958 7952 4951
f 4959 4951 7952
f 7952 4961 4959
f 4959 4961 4960
f 4960 4961 7955
f 4963 4962 4964
f 4963 4964 4965
f 4966 4965 4964
f 4964 4962 4966
f 4966 4967 4965
f 4967 4966 4968
f 4966 4962 4968
f 14710 4970 4969
f 4970 12087 4969
f 14710 12087 4970
f 4971 4972 4973
f 4972 7980 4973
f 4913 4915 4975
f 4975 4915 4974
f 4918 4975 4976
f 4976 4975 4977
f 4977 4975 4978
f 4975 4974 4978
f 4976 4977 7975
f 4977 7976 7975
f 5501 7977 4974
f 4974 7985 4978
f 4933 4981 4979
f 4933 4932 4981
f 4983 4935 4980
f 4935 4979 4980
f 4980 4979 4981
f 4935 4983 4985
f 4942 4984 4982
f 4942 4982 4939
f 4984 4983 4980
f 4981 4984 4980
f 4982 4984 4981
f 4985 4941 4895
f 4984 4941 4983
f 4941 4985 4983
f 4948 4987 4989
f 4948 7942 4987
f 4949 4989 4915
f 4989 4949 4948
f 4987 7942 4988
f 4915 4989 4974
f 4989 4987 4986
f 4987 4950 4986
f 4953 4950 4987
f 4988 4953 4987
f 4986 4990 4989
f 4960 4991 4986
f 4950 4960 4986
f 4986 4991 4990
f 4974 4989 4991
f 4990 4991 4989
f 4960 4992 4991
f 4960 7955 4992
f 4991 5501 4974
f 4995 4994 4993
f 10499 4995 4993
f 5385 10499 4993
f 4995 8535 5207
f 5207 4994 4995
f 4995 10499 5001
f 5001 10499 5002
f 4751 8544 5000
f 4752 4996 4998
f 4752 4998 4997
f 8544 4999 5000
f 5000 5001 4996
f 4996 5001 4998
f 4998 5001 5002
f 4999 5001 5000
f 2511 5003 5004
f 5004 2513 2511
f 541 2514 5005
f 5004 2514 2513
f 1472 5626 5003
f 5005 2514 5004
f 5626 5004 5003
f 543 5626 1472
f 5637 5004 5626
f 547 5626 543
f 5634 5004 5637
f 5634 5005 5004
f 5104 5005 5634
f 5009 5006 5007
f 5007 5006 5008
f 5009 5007 5008
f 5019 5012 4030
f 5013 4039 4038
f 551 4040 4041
f 5012 5037 4030
f 4038 4040 5014
f 5013 4042 4039
f 5014 4040 5011
f 5037 550 4030
f 5020 5013 4038
f 5011 4040 5027
f 4040 551 5027
f 5013 5015 4042
f 4971 5017 5016
f 4971 4973 5017
f 5016 5017 6427
f 5017 5018 6427
f 5036 5037 5012
f 5037 5067 550
f 550 5067 5130
f 5027 5021 5011
f 921 5014 5011
f 5011 909 921
f 5011 5021 909
f 5042 5017 4973
f 5023 5041 5022
f 5022 5041 5032
f 5028 5025 5042
f 5025 5028 5026
f 5028 5024 5026
f 5024 5023 5022
f 5024 5022 5026
f 5022 5032 5026
f 5017 5062 5018
f 5035 5019 5018
f 5019 5035 5012
f 5035 5036 5012
f 5020 4038 5069
f 4038 5014 5069
f 909 5021 913
f 5021 5027 913
f 5027 917 913
f 5027 5039 917
f 5033 5040 5042
f 5042 5040 5028
f 5031 5029 5030
f 5023 5030 5029
f 5023 5029 5041
f 5052 5048 5028
f 5048 5034 5028
f 5030 5034 5031
f 5030 5024 5034
f 5024 5028 5034
f 5030 5023 5024
f 5043 5042 5025
f 5025 5026 5047
f 5125 5047 5026
f 5062 5035 5018
f 5035 5046 5036
f 5038 5067 5037
f 5020 5069 5055
f 5020 5055 5013
f 5075 5042 4973
f 5040 5074 5028
f 5031 5041 5029
f 5059 5032 5041
f 5031 5034 5041
f 5034 5048 5041
f 5044 5025 5047
f 5049 5062 5017
f 5051 5043 5025
f 5045 5047 5125
f 5044 5047 5051
f 5062 5061 5035
f 5043 5051 5046
f 5051 5037 5036
f 5037 5051 5047
f 5061 5046 5035
f 5036 5046 5051
f 5045 5038 5047
f 5038 5037 5047
f 5014 5057 5069
f 5057 5014 921
f 5049 5042 5075
f 5042 5049 5033
f 5049 5050 5033
f 5040 5033 5050
f 5050 5049 5043
f 5051 5025 5052
f 5052 5025 5044
f 5051 5076 5053
f 5044 5051 5053
f 5093 5061 5062
f 5060 5043 5046
f 5046 5065 5060
f 5076 5054 5053
f 5065 5046 5061
f 5055 5069 5056
f 938 5057 921
f 5135 917 5039
f 5058 5074 5040
f 5041 5080 5059
f 5080 5041 5048
f 5052 5044 5048
f 5043 5070 5050
f 5070 5043 5060
f 5044 5053 5048
f 5061 5093 5065
f 5054 5076 5066
f 5102 5067 5038
f 5069 5057 5082
f 5073 5074 5058
f 5074 5052 5028
f 5050 5058 5040
f 5063 5080 5048
f 5062 5049 5075
f 5064 5063 5048
f 5048 5053 5064
f 5064 5053 5086
f 5077 5065 5093
f 5066 5086 5054
f 5054 5086 5053
f 5065 5077 5060
f 5055 5071 5068
f 5056 5071 5055
f 5057 938 5082
f 5083 5062 5075
f 5058 5050 5070
f 5083 5093 5062
f 5052 5076 5051
f 5070 5060 5099
f 5078 5060 5077
f 5094 5066 5076
f 5071 5056 5081
f 5056 5069 5081
f 5085 5073 5058
f 5090 5052 5074
f 5090 5076 5052
f 5099 5060 5078
f 5086 5066 14711
f 14711 8023 5086
f 5081 5069 5072
f 5072 5069 5082
f 5079 5072 5082
f 5095 931 5135
f 5073 5096 5074
f 5096 5090 5074
f 8012 5077 5093
f 5094 14711 5066
f 5095 5135 5142
f 4973 5083 5075
f 5084 5073 5085
f 5097 5080 5063
f 5085 5058 5070
f 5063 5064 5097
f 5085 5070 5099
f 5064 5086 5100
f 5087 5071 5081
f 5072 5088 5081
f 5088 5087 5081
f 5088 5072 939
f 5072 5079 939
f 5079 5082 938
f 7980 5089 4973
f 5083 4973 5089
f 5080 5097 5139
f 5089 5098 5083
f 5089 5084 5098
f 5085 5098 5084
f 5096 5097 5090
f 8009 5090 5097
f 5091 5097 5064
f 5092 5093 5083
f 5064 5100 5091
f 5101 5076 5090
f 5086 8023 5100
f 5077 8012 5078
f 8014 6436 5087
f 5079 948 939
f 948 5079 938
f 8026 5089 7980
f 8016 5073 5084
f 5073 8016 5096
f 5096 3366 5097
f 5085 8008 5098
f 5097 5091 8009
f 5083 5098 5092
f 5099 8008 5085
f 8009 5101 5090
f 5092 8012 5093
f 5078 14712 5099
f 5101 8022 5076
f 8022 5094 5076
f 8022 8013 5094
f 5153 8024 5095
f 8024 935 5095
f 8015 5087 5088
f 4027 5626 547
f 550 5130 4027
f 552 549 5104
f 4027 5119 5626
f 5130 5119 4027
f 5105 5103 551
f 551 552 5105
f 5106 5114 5108
f 5107 5106 5108
f 5114 5115 5109
f 5108 5114 5109
f 5032 5110 5026
f 5032 5107 5110
f 5107 5108 5110
f 5108 5109 5110
f 5109 5115 5110
f 5115 5111 5110
f 5111 5112 5110
f 5116 5627 5112
f 5027 551 5103
f 5105 552 5113
f 552 5104 5113
f 5032 5122 5107
f 5122 5106 5107
f 5114 5106 5122
f 5114 5122 5115
f 5122 5111 5115
f 5111 5123 5112
f 5116 5112 5123
f 5110 5125 5026
f 5125 5110 5117
f 5110 5112 5118
f 5118 5112 5630
f 5112 5627 5630
f 5129 5119 5130
f 5027 5103 5126
f 5120 5105 5113
f 5121 5032 5059
f 5032 5121 5122
f 5122 5128 5111
f 5123 5111 5128
f 5128 5117 5110
f 5123 5128 5110
f 5118 5123 5110
f 5630 5123 5118
f 5124 5123 5630
f 5125 5117 5127
f 5131 5129 5130
f 5126 5103 5120
f 5103 5105 5120
f 5039 5027 5126
f 5128 5122 5121
f 5132 5117 5128
f 5127 5117 5132
f 5126 5144 5039
f 5144 5135 5039
f 5045 5125 5136
f 5136 5125 5127
f 5126 5120 5134
f 5134 5120 5639
f 5120 5113 5639
f 5144 5126 5137
f 5059 5139 5121
f 5139 5128 5121
f 5045 5136 5038
f 5119 5129 5133
f 5119 5133 5138
f 5140 5130 5067
f 5126 5134 5137
f 5080 5139 5059
f 5150 5132 5128
f 5127 5150 5136
f 5150 5127 5132
f 5102 5038 5140
f 5038 5136 5140
f 5137 5134 5141
f 5135 5144 5142
f 5067 5102 5140
f 5140 5131 5130
f 5141 5134 5145
f 5137 5141 5146
f 5150 5128 5139
f 5154 5140 5136
f 5143 5133 5129
f 5140 3372 5131
f 5131 3372 5129
f 5144 5137 5153
f 5134 5639 5145
f 5150 5154 5136
f 5143 2429 5133
f 2429 5138 5133
f 5129 3372 3371
f 3371 5143 5129
f 5153 5137 5146
f 5139 5151 5150
f 5139 3367 5151
f 5147 5151 3367
f 5147 5148 5151
f 5148 5149 5151
f 5149 5152 5151
f 3368 5154 5150
f 5155 5140 5154
f 5155 3372 5140
f 5153 5095 5142
f 5153 5142 5144
f 5639 3383 5145
f 5148 5147 3367
f 5097 3366 5139
f 5139 3366 3367
f 5151 3368 5150
f 5152 3369 5151
f 3368 5151 3369
f 5154 3368 3378
f 5154 3378 5155
f 5145 3383 3373
f 3383 5639 2437
f 5153 5146 3382
f 3382 5146 3373
f 5146 5141 3373
f 3373 5141 5145
f 2837 5157 14577
f 5157 2936 14577
f 5156 2934 2936
f 5159 2935 5156
f 5157 5156 2936
f 5157 4403 5156
f 5156 4403 5158
f 5158 5159 5156
f 4402 4403 5157
f 4449 227 5160
f 227 232 5160
f 5161 288 287
f 5163 288 5161
f 5163 5169 288
f 6255 5161 287
f 5161 6255 5162
f 5163 5161 5162
f 289 5169 5167
f 5167 4727 289
f 4730 5163 5162
f 5165 5169 5163
f 5167 5164 4727
f 5165 5163 4729
f 5163 4730 4729
f 4729 5166 5165
f 4729 4736 5166
f 5171 5165 5166
f 4625 5166 4736
f 4740 6260 5168
f 5171 6260 4740
f 5171 5166 6260
f 4741 4740 5168
f 5169 5165 5171
f 5173 5164 5167
f 5168 5171 4665
f 5171 4740 4665
f 5172 5169 5171
f 5173 5167 5169
f 5168 4665 5170
f 1 5171 5168
f 5172 5173 5169
f 5164 5173 4744
f 5174 4744 5173
f 1 2 5171
f 2 5172 5171
f 5174 5173 5172
f 5185 5182 2995
f 5175 5176 2996
f 5183 2997 5176
f 2996 5176 2997
f 5184 2935 5159
f 5182 5187 2995
f 5187 5177 2995
f 2995 5177 2996
f 5178 2996 5177
f 5178 5175 2996
f 5180 5183 5179
f 5179 5181 5180
f 5179 5176 5181
f 5178 5181 5175
f 5175 5181 5176
f 5179 5183 5176
f 5180 5178 5177
f 5180 5177 5188
f 5188 5177 5187
f 5180 5188 5183
f 5180 5181 5178
f 5188 5186 5183
f 5185 5187 5182
f 5158 5191 5159
f 5191 5184 5159
f 5191 5185 5184
f 5190 5188 5187
f 5191 5189 5185
f 5185 5189 5187
f 5192 5191 5158
f 5189 5190 5187
f 5191 5217 5189
f 5189 5215 5190
f 5216 5192 5158
f 5160 232 5216
f 5158 5160 5216
f 6877 5194 5195
f 5193 5194 6877
f 5193 5198 5194
f 5194 5198 5196
f 5194 5196 5195
f 5195 5196 5197
f 14586 5197 12219
f 5197 5196 12219
f 5193 6877 5198
f 5199 12232 5200
f 5204 5201 5202
f 5201 5203 5202
f 5205 688 5202
f 5206 5205 5202
f 5202 5203 5206
f 688 5204 5202
f 8535 4127 5207
f 4993 5211 5210
f 4993 5210 5385
f 4994 5207 4993
f 5385 5210 5208
f 5207 5209 4993
f 4993 5209 5211
f 5207 4127 5209
f 5208 5210 5212
f 5209 4128 5211
f 5213 4128 5209
f 5211 5214 5210
f 5210 5214 5212
f 5211 4128 5214
f 5191 5220 5217
f 5216 5218 5192
f 5218 5191 5192
f 5218 5220 5191
f 5217 5215 5189
f 5219 5218 5216
f 4494 5222 5216
f 5222 5219 5216
f 4144 5218 5219
f 4144 5219 5222
f 4144 5224 5218
f 5226 5215 5217
f 5222 4493 5223
f 4494 4493 5222
f 5223 4144 5222
f 4144 4145 5224
f 4147 5224 4145
f 5218 5224 5220
f 5220 5226 5217
f 5224 5225 5220
f 5225 5226 5220
f 5225 4774 5226
f 4774 5225 4496
f 252 4501 3301
f 4754 4778 4496
f 4502 4496 14706
f 14706 4496 5225
f 4778 4774 4496
f 3300 4776 4147
f 4147 4776 5224
f 5224 4776 5225
f 14706 5225 4776
f 4774 5395 5226
f 6466 5227 5228
f 5230 5228 5227
f 5229 5228 6484
f 5228 5230 6484
f 2495 6480 1081
f 2496 5231 2495
f 5230 5227 2497
f 5247 5232 5233
f 5236 5234 5237
f 5237 5234 5235
f 5232 5247 5235
f 5238 5242 5235
f 5242 5237 5235
f 5239 5238 5240
f 5247 5238 5235
f 5239 5241 5238
f 5240 5238 5243
f 5243 5238 5247
f 5249 5247 5233
f 5244 5246 5241
f 5241 5246 5238
f 5246 5242 5238
f 5246 5243 5247
f 5249 5233 5999
f 5241 10992 5244
f 5245 5246 5244
f 5246 5245 5243
f 5248 5237 5242
f 10992 5245 5244
f 5248 5242 5246
f 1344 5236 5237
f 5246 5247 5248
f 1344 5237 1348
f 1348 5237 5248
f 5248 5247 5249
f 5252 5250 5253
f 5250 5257 5253
f 5252 5253 5255
f 5258 5255 5253
f 5267 10588 5256
f 5267 5269 10588
f 5254 5252 5255
f 5253 5257 5258
f 5254 5255 5265
f 5258 5257 5259
f 5250 5260 5257
f 5251 5262 5261
f 5255 5268 5264
f 5255 5258 5268
f 5257 5263 5259
f 5257 5260 5263
f 5255 5264 5265
f 5259 5268 5258
f 5268 5265 5264
f 5263 5269 5259
f 5259 5269 5267
f 5259 5267 5266
f 5266 5256 10605
f 5267 5256 5266
f 5269 5263 5260
f 5268 5259 5266
f 5271 1859 4162
f 5272 5270 5271
f 5272 5271 5273
f 5273 5271 4162
f 6873 6874 5273
f 11260 306 5276
f 5277 5275 305
f 5276 306 5275
f 5277 305 5278
f 5280 5276 5275
f 5277 5278 11267
f 5279 11260 5276
f 5281 5280 5275
f 5281 5275 5277
f 11266 5277 11267
f 5280 5279 5276
f 11266 5281 5277
f 5282 7220 5284
f 2978 2980 5285
f 5285 2980 2979
f 5286 2348 5283
f 5286 2343 2348
f 5285 2983 2978
f 2983 5285 2985
f 2985 5285 2979
f 5286 5283 5284
f 5287 5284 7220
f 5287 5286 5284
f 2343 5286 5289
f 5289 5288 2343
f 2343 5288 2347
f 5293 5289 5286
f 5288 4487 2347
f 5291 5293 5286
f 5290 5286 5287
f 5290 5291 5286
f 5293 5288 5289
f 5290 5292 5291
f 5292 5295 5291
f 5295 5293 5291
f 2997 5292 5290
f 2997 5295 5292
f 5296 5294 5293
f 5293 5294 5288
f 5295 5297 5293
f 5183 5186 2997
f 5186 5295 2997
f 5186 5297 5295
f 5297 5296 5293
f 5297 5298 5296
f 5186 5300 5297
f 5300 5298 5297
f 5300 5299 5298
f 5188 5300 5186
f 5190 5301 5188
f 5188 5301 5300
f 5300 5381 5299
f 5301 5381 5300
f 10602 10612 5302
f 10613 5303 5302
f 5302 5303 10602
f 5307 5304 5305
f 5304 5306 5305
f 5305 5306 5307
f 5308 4488 5309
f 5298 5294 5296
f 5298 5309 5294
f 5298 8591 5309
f 8592 5308 5309
f 5299 8591 5298
f 4794 5308 8592
f 8591 8592 5309
f 5310 5312 10836
f 5312 5324 10836
f 5318 14587 10837
f 5311 14587 8940
f 8940 14587 5320
f 5318 5321 14587
f 5312 5322 5323
f 5334 5318 5313
f 5322 5312 5310
f 5321 5320 14587
f 5363 5326 5365
f 5325 5314 12986
f 5314 5325 5364
f 5364 5365 5327
f 5365 5326 5330
f 5363 719 5326
f 5328 5332 12986
f 12986 5314 5328
f 5364 5328 5314
f 5365 5330 5327
f 5328 5364 5315
f 5364 5327 5315
f 5327 5329 5315
f 5326 5333 5330
f 5328 5315 5332
f 5327 5330 5329
f 5329 5330 5319
f 5330 5334 5319
f 5330 5333 5334
f 5326 5331 5333
f 5332 5315 14713
f 5315 5329 5316
f 5333 5321 5334
f 5321 5333 5331
f 5317 14714 14715
f 5329 5319 5316
f 5334 5321 5318
f 5331 8940 5321
f 5317 14715 14714
f 5316 5319 5323
f 5334 5323 5319
f 8940 5320 5321
f 5323 5334 5313
f 13162 5335 5347
f 5341 5340 5343
f 5343 5340 5336
f 5340 5348 5336
f 5348 2409 5342
f 5339 5341 5349
f 5350 5341 5343
f 5344 5355 5345
f 5346 5356 13160
f 13160 5356 5337
f 5337 5338 13160
f 5356 5359 5337
f 5359 5338 5337
f 5335 13160 5347
f 13160 5338 5347
f 5347 5338 13162
f 13162 5338 12986
f 5325 12986 5338
f 2383 2406 5340
f 2406 2409 5340
f 2405 5339 5352
f 5339 2405 5341
f 2405 2408 5341
f 5341 2408 5340
f 5340 2409 5348
f 2407 6449 2409
f 707 2409 6449
f 5339 5349 5352
f 2409 5351 5342
f 2409 707 5351
f 5352 5349 5353
f 5349 5341 5353
f 5341 5354 5353
f 5350 5354 5341
f 5336 5350 5343
f 5336 5344 5350
f 5336 5348 5344
f 5355 5344 5348
f 5348 5342 5355
f 5351 5355 5342
f 5353 5354 5357
f 5350 5344 5345
f 5351 717 5355
f 5351 715 717
f 5356 5346 5353
f 5353 5357 5356
f 5358 5355 717
f 5354 5366 5357
f 5366 5356 5357
f 5360 5367 5345
f 5345 5355 5360
f 5356 5366 5367
f 5355 5358 5360
f 717 5362 5358
f 5356 5368 5359
f 5367 5368 5356
f 5358 5361 5360
f 5361 5358 5362
f 5369 5360 5365
f 5360 5361 5365
f 5359 5368 5325
f 5368 5364 5325
f 5368 5360 5364
f 5360 5369 5364
f 5363 5365 5361
f 5362 5363 5361
f 5369 5365 5364
f 5350 5345 5367
f 5354 5350 5366
f 5350 5367 5366
f 5360 5368 5367
f 5372 5373 8322
f 5375 5372 11996
f 5371 8322 5373
f 5373 5372 5375
f 5375 11996 5376
f 5374 5371 5377
f 5371 5373 5377
f 5378 5373 5375
f 5378 5375 5376
f 5379 5378 5376
f 11029 5374 5377
f 5378 5377 5373
f 11030 5374 11029
f 5380 5377 5378
f 5380 5378 5379
f 5190 5221 5301
f 5382 5381 5301
f 5221 5382 5301
f 5215 5221 5190
f 5382 8594 5381
f 5221 5383 5382
f 5215 5226 5221
f 5226 5395 5221
f 5395 5383 5221
f 5383 5384 5382
f 5395 5397 5383
f 5383 5397 5384
f 5385 5208 5387
f 5387 5208 5386
f 5386 5208 5212
f 5386 5389 5388
f 5386 5212 5389
f 5388 5389 5390
f 5212 5391 5389
f 5389 5391 5390
f 5390 5391 11129
f 5212 5729 5391
f 5386 10500 10498
f 10500 5386 5388
f 5392 5388 5393
f 5393 5388 5390
f 5393 10507 5392
f 11134 10507 5393
f 10507 11134 5394
f 4780 5395 4774
f 5397 5396 5384
f 4780 5398 5395
f 5395 5398 5397
f 5398 5396 5397
f 5399 5398 4780
f 5399 5400 5398
f 4784 5463 5399
f 5463 5400 5399
f 5403 11704 5402
f 5404 5401 5405
f 5403 5406 5405
f 5403 5402 5406
f 10692 5401 5404
f 5407 5404 5405
f 207 10692 5404
f 208 5405 5406
f 5407 5405 208
f 210 207 5404
f 212 5404 5407
f 5404 212 210
f 212 5407 208
f 9601 208 5406
f 11313 5409 8961
f 11313 5408 5409
f 8423 5410 5408
f 5410 8987 5408
f 5418 5411 5413
f 5411 5412 5413
f 5413 5412 5418
f 5415 5418 5412
f 5412 5416 5415
f 5415 5420 5418
f 5415 5419 5420
f 5419 5415 5416
f 5422 5417 5414
f 5416 5420 5419
f 5421 5417 5422
f 5422 5414 13652
f 5424 5423 5427
f 5424 14716 5423
f 5427 5425 5424
f 5426 5423 14716
f 5425 5427 11060
f 5427 5423 11060
f 5428 5429 5438
f 5438 5429 5434
f 5429 5431 5434
f 5429 5432 5431
f 5430 9952 5432
f 9952 5433 5432
f 5432 5433 5431
f 5431 5433 7065
f 5431 7066 5434
f 7799 5435 5428
f 5435 5439 5428
f 5436 5429 5428
f 5432 5436 5437
f 5436 5432 5429
f 5440 5430 5437
f 5430 5432 5437
f 5439 5436 5428
f 9564 5438 5434
f 5437 5436 5441
f 5435 9563 5439
f 9564 7797 5438
f 5441 5436 5439
f 9571 5434 7066
f 5439 9563 5441
f 9571 7066 5973
f 5444 5443 5442
f 5447 7716 5445
f 5444 5442 7719
f 3001 7716 5447
f 5446 7722 5445
f 5447 5445 7722
f 7688 7719 5442
f 7725 5447 7722
f 7725 5451 5447
f 5452 5449 5448
f 5452 7728 5449
f 7728 5450 5449
f 5462 5447 5451
f 5456 7728 5452
f 5456 5452 7730
f 5459 5456 5455
f 5456 7730 5455
f 5462 5451 5453
f 5455 5457 5460
f 5456 5459 5458
f 5456 5458 5454
f 5458 5462 5453
f 5454 5458 5453
f 5459 5455 5460
f 5459 5462 5458
f 5457 5461 5460
f 2838 5459 5460
f 7780 2838 5460
f 2838 5462 5459
f 5463 8351 5400
f 4784 5464 5463
f 5463 8352 8351
f 4929 5466 4784
f 5466 5464 4784
f 5464 5465 5463
f 5463 5465 8352
f 5466 5492 5464
f 5464 5492 5465
f 5466 5493 5492
f 4930 5491 5466
f 5467 5468 5469
f 5469 5468 5499
f 219 5471 5470
f 219 221 5471
f 221 8623 5471
f 5471 8623 5474
f 219 5470 7596
f 5475 5470 5471
f 5470 5475 5473
f 5474 5475 5471
f 5474 5472 5475
f 8346 5473 5475
f 5476 5475 11923
f 2349 5473 8346
f 5477 4860 5479
f 5478 5479 6312
f 6312 5479 4860
f 5478 6312 5482
f 5478 5482 5481
f 5478 5481 5479
f 5484 5481 5482
f 5484 5483 5481
f 6320 5485 5486
f 5480 5487 5490
f 5482 6312 5484
f 14717 5488 5489
f 5491 5493 5466
f 5492 5493 6959
f 4930 5494 5491
f 3697 5494 4930
f 5491 5494 5493
f 5494 6963 5493
f 3697 5495 5494
f 6963 5494 5497
f 3697 5496 5495
f 5495 5496 5494
f 5496 5497 5494
f 3697 5498 5496
f 5497 5496 6969
f 5499 5468 5500
f 4679 6969 5468
f 5468 6969 5500
f 5499 5498 5469
f 5499 5500 5498
f 5496 5498 5500
f 6969 5496 5500
f 5501 5502 7966
f 5502 4992 5503
f 4991 5502 5501
f 4992 5502 4991
f 7955 5503 4992
f 7966 5506 5501
f 7981 5501 5505
f 5506 5505 5501
f 5505 7993 5510
f 5508 5505 5510
f 5502 5506 7966
f 5502 5507 5506
f 5507 5505 5506
f 7993 5505 5507
f 7993 7997 5510
f 7997 5509 5510
f 5508 5510 5513
f 5510 5509 5513
f 5508 5513 7990
f 5513 5509 5514
f 5509 5512 5514
f 5513 5514 3387
f 5514 3384 3387
f 5514 3385 3384
f 5514 3386 3385
f 5514 5512 3386
f 5512 5515 3386
f 5512 5509 7997
f 8006 7973 5516
f 5516 5518 8006
f 5517 5518 5516
f 5517 3397 5518
f 5518 3397 2451
f 5521 1343 5519
f 5519 11005 5520
f 5519 5520 5523
f 2066 5520 5522
f 5520 6911 5522
f 5519 8741 5521
f 8741 5519 5526
f 5520 2066 2069
f 5523 5520 2069
f 5527 8741 5526
f 5525 5519 5523
f 2074 2082 2069
f 5523 2069 2082
f 10109 5526 5519
f 10109 5519 5525
f 5525 5523 5524
f 5523 2082 5524
f 2077 6912 2082
f 2082 6912 5524
f 5527 5526 10111
f 10111 5526 10109
f 5528 10109 5525
f 10108 5527 10111
f 5530 5529 6140
f 6140 5531 5530
f 10229 5532 5535
f 10269 5531 6140
f 5531 10269 10272
f 5531 10272 5533
f 5532 5531 5533
f 5532 5533 5535
f 5534 5535 5533
f 5539 5540 5546
f 5540 5537 5546
f 5541 5539 5546
f 5541 5546 5550
f 5546 5537 5548
f 5543 5541 5545
f 5550 5546 5548
f 5545 5541 5550
f 10369 5549 5547
f 9929 5551 5545
f 5550 9929 5545
f 5548 10362 5550
f 5550 10362 9929
f 5551 9929 9935
f 5552 1193 11182
f 5552 11182 5555
f 3227 5554 5553
f 5556 1193 5552
f 1198 1193 5556
f 5555 5553 5554
f 5556 5552 1198
f 5558 14393 5557
f 5557 5559 5558
f 5561 5569 5571
f 5560 5561 5562
f 5561 5571 5562
f 5571 5666 5562
f 3390 3394 5564
f 5565 5566 5568
f 5567 5569 5561
f 5569 5568 5566
f 5569 5566 5571
f 5566 5595 5571
f 5566 5570 5595
f 5571 5595 5573
f 5573 5595 3990
f 5563 3390 3391
f 3389 3392 5564
f 5563 3394 3390
f 3390 5564 3392
f 5564 3394 5563
f 5568 5564 5563
f 5563 5572 5565
f 5565 5568 5563
f 5564 5568 5567
f 5572 5607 5565
f 5607 5566 5565
f 5567 5568 5569
f 5575 5577 5624
f 5577 5574 5624
f 5576 5577 5575
f 5576 5578 5577
f 12002 14718 5580
f 12002 5579 14718
f 14719 12003 14720
f 5578 5576 14721
f 12003 14719 12004
f 5584 5583 5582
f 5583 5588 5582
f 5581 14722 5589
f 5584 5582 5587
f 5588 5583 5584
f 5588 5584 5587
f 5588 5587 5582
f 1245 1247 3351
f 3351 1247 5591
f 5595 5594 5596
f 5608 5599 5598
f 5600 5607 5598
f 5599 5601 5600
f 5598 5599 5600
f 5602 5607 5600
f 5601 5603 5602
f 5600 5601 5602
f 5604 5607 5602
f 5603 5605 5604
f 5602 5603 5604
f 5607 5604 5606
f 5604 5605 5606
f 5595 5609 5594
f 3996 5595 5596
f 6977 5596 5594
f 2220 6977 5594
f 2446 5608 5597
f 5597 5598 5572
f 5608 5598 5597
f 5572 5598 5607
f 5608 5601 5599
f 5608 5603 5601
f 5608 5605 5603
f 5607 5606 5605
f 5607 5605 5608
f 5607 5570 5566
f 5608 5570 5607
f 5609 5595 5570
f 5609 2223 5594
f 5595 3993 3990
f 5595 3996 3993
f 5610 5608 2446
f 5610 5612 5608
f 5570 5608 5612
f 5612 5609 5570
f 5614 2223 5609
f 3993 3996 5611
f 3996 3997 2224
f 5612 5614 5609
f 5614 5611 2224
f 2224 2223 5614
f 3993 5611 5618
f 2224 5611 3996
f 5614 5612 5613
f 5613 5611 5614
f 2450 5615 5610
f 5615 5617 5610
f 5617 5612 5610
f 5612 5617 5613
f 5613 5618 5611
f 2450 2455 5615
f 2455 5616 5615
f 5615 5616 5617
f 5620 5618 5613
f 5620 5613 5617
f 5622 5618 5620
f 5618 5622 4000
f 5616 5619 5617
f 5619 5621 5620
f 5617 5619 5620
f 5619 5616 5621
f 5622 5620 5621
f 14723 14724 5623
f 14724 14723 5623
f 5625 5624 5574
f 5580 14718 14725
f 12004 14720 12003
f 5628 5626 5119
f 5626 5628 5637
f 5116 5629 5627
f 5633 5628 5119
f 5634 5113 5104
f 5629 5116 5124
f 5123 5124 5116
f 5124 5631 5629
f 5627 5629 5630
f 5630 5629 5631
f 5138 5633 5119
f 5631 5124 5630
f 5632 5633 5138
f 5636 5633 5632
f 5639 5113 5634
f 5637 5628 5633
f 5636 5637 5633
f 5639 5634 5638
f 5638 5634 5637
f 5632 5635 5636
f 5635 5632 5138
f 5635 5637 5636
f 2438 5638 5637
f 5635 2438 5637
f 5148 2427 5149
f 5149 2427 2428
f 2428 5152 5149
f 5152 2428 2427
f 2430 5635 2429
f 5635 5138 2429
f 5635 2430 2432
f 2432 2438 5635
f 2437 5639 5638
f 2438 2437 5638
f 5644 5643 5646
f 5646 5643 5642
f 5646 5642 8391
f 5645 5644 5646
f 2218 5646 8391
f 6940 5645 5647
f 5647 5645 5646
f 5648 5653 5649
f 5653 5647 5649
f 5649 5647 5650
f 5647 5646 5650
f 5650 5646 2218
f 5658 6940 5647
f 5649 5651 5648
f 5652 5654 5653
f 5647 5653 5654
f 5649 5654 5655
f 5649 5650 5654
f 5650 5656 5654
f 5651 5649 5655
f 2227 5650 2218
f 2441 2442 5652
f 5654 5652 2442
f 5647 5654 5656
f 2442 5655 5654
f 2444 5651 5655
f 5656 5650 2227
f 5658 5647 5656
f 5655 2442 2444
f 6020 5656 2227
f 5659 5657 5658
f 5658 5656 7433
f 7433 5656 6020
f 5659 5658 7433
f 7434 5659 7433
f 5672 5673 5664
f 6029 5673 1189
f 1190 1189 5673
f 5672 5467 5673
f 5467 1190 5673
f 5672 3988 5467
f 5562 5665 5661
f 5562 5666 5665
f 5661 5665 5662
f 5661 5662 5675
f 5665 5666 5662
f 5666 5667 5662
f 5667 5675 5662
f 5666 5668 5667
f 5667 5668 5669
f 5669 5668 5663
f 5668 5670 5663
f 5668 3991 5670
f 5671 5669 5663
f 5663 5664 5671
f 5663 5670 5664
f 3991 3988 5670
f 5672 5664 5670
f 5670 3988 5672
f 5674 6030 5560
f 5560 5562 5674
f 5571 5573 5678
f 5661 5674 5562
f 5571 5678 5666
f 5674 5661 5675
f 5678 5668 5666
f 5678 5676 5668
f 5669 5675 5667
f 5668 5676 3991
f 5671 5675 5669
f 3988 3991 3992
f 5664 5677 5671
f 5673 6029 5679
f 5677 5673 5679
f 5677 5664 5673
f 5676 5678 5573
f 5676 5573 3990
f 5674 5675 5679
f 3991 5676 3990
f 5675 5671 5679
f 5677 5679 5671
f 5681 5683 5680
f 5682 5680 5683
f 5684 5683 5681
f 5689 5686 10995
f 5685 5689 10995
f 5687 10999 5686
f 5685 5688 5689
f 5689 5687 5686
f 5689 5688 5691
f 5691 5693 5689
f 5687 5689 5693
f 1478 1353 5692
f 1477 5693 5691
f 1477 1478 5693
f 1478 5692 5693
f 5692 5690 5693
f 1353 5690 5692
f 1351 1350 1353
f 1353 1350 5690
f 1350 9893 5690
f 1355 9893 1350
f 8381 5690 9893
f 5695 5694 7620
f 5694 2486 7620
f 5695 7620 2488
f 1719 5694 5695
f 2488 1719 5695
f 5696 2494 5694
f 5694 1719 5696
f 1728 5696 1719
f 1728 7652 5696
f 5696 7652 2491
f 5696 2491 2494
f 5698 5699 5697
f 7341 5699 5698
f 5699 5700 1753
f 5700 1770 1753
f 1757 7539 5698
f 7539 7341 5698
f 7342 5699 7341
f 1823 1827 630
f 1827 12120 630
f 5703 5745 5746
f 5706 5745 5703
f 5706 5707 5745
f 5702 5703 5746
f 5707 5721 5745
f 14726 5704 3880
f 3880 3892 14726
f 5708 5706 5703
f 14726 5710 5704
f 5704 5710 5705
f 14726 3892 5710
f 5710 3892 5705
f 664 5703 5702
f 5711 5708 5709
f 5711 14727 5708
f 14727 5713 5707
f 5714 5708 664
f 5708 5703 664
f 5713 14727 5711
f 5712 5711 5709
f 5712 5713 5711
f 5714 664 673
f 5712 5709 5708
f 5714 5712 5708
f 5712 5714 5716
f 5716 5726 5712
f 5817 5714 673
f 5714 5817 5811
f 5811 5716 5714
f 5721 412 5742
f 5722 412 5721
f 5723 5720 412
f 5723 5978 5720
f 5721 5707 5722
f 5722 5723 412
f 5713 5724 5707
f 5724 5722 5707
f 5724 5723 5722
f 5713 5726 5724
f 5712 5726 5713
f 5726 5716 5816
f 4128 5727 5214
f 5214 5729 5212
f 5727 5728 5214
f 5214 5728 5729
f 5728 5730 5729
f 5730 5728 5732
f 5729 5730 5731
f 5730 5733 5731
f 5730 5732 5733
f 5733 8829 5731
f 5733 5732 8829
f 8829 8830 5731
f 5734 5737 5727
f 5727 5737 5728
f 5728 5737 5735
f 5732 5728 5735
f 5734 5736 9027
f 5737 5734 9027
f 5735 5737 9045
f 9045 9027 3717
f 9045 5737 9027
f 5739 5738 6841
f 5741 5739 6841
f 5741 411 5739
f 5742 411 5741
f 5740 5741 6841
f 3770 5741 5740
f 3770 3769 5741
f 3769 5747 5741
f 5741 5747 5742
f 5747 5744 5742
f 5743 5747 3773
f 5745 5744 5747
f 5745 5742 5744
f 3775 6848 5743
f 6848 5746 5743
f 5747 5743 5746
f 5721 5742 5745
f 5702 5746 6848
f 5746 5745 5747
f 3909 3920 5762
f 3912 5769 3920
f 5769 3912 5755
f 5757 3926 5758
f 5763 3923 3921
f 5751 5772 3922
f 5715 5752 5812
f 5756 3924 5766
f 5756 5755 3924
f 5750 3867 3868
f 3925 5762 5763
f 3926 5764 5758
f 5753 5752 5749
f 3926 5754 5764
f 5752 5753 5754
f 5752 3927 5761
f 3927 5752 5754
f 5812 5761 5815
f 5812 5752 5761
f 5761 3927 5905
f 5905 3927 5902
f 4063 5750 3868
f 5765 3917 3900
f 5784 5751 5750
f 5757 3925 5763
f 5759 5764 5754
f 5769 5755 5771
f 5754 5753 5759
f 5761 5753 5815
f 5753 5761 5760
f 4069 4058 3917
f 3900 5748 5765
f 5775 5757 5758
f 5775 3923 5763
f 5759 5753 5760
f 5779 5771 5755
f 5779 5755 5756
f 5767 3916 5772
f 4063 5784 5750
f 5765 5748 3925
f 5762 5776 5763
f 5776 5762 3920
f 5770 5775 5758
f 5759 5760 5764
f 5764 5760 5770
f 5764 5770 5758
f 5775 5766 3923
f 5766 5779 5756
f 5760 5761 5773
f 5905 5773 5761
f 5765 3925 5768
f 5775 5763 5776
f 5768 3925 5775
f 5784 5790 5751
f 5775 3925 5757
f 5769 5771 5777
f 5790 5772 5751
f 5773 5770 5760
f 5775 5774 5766
f 5766 5774 5779
f 5905 5778 5773
f 3917 5824 4082
f 4082 4069 3917
f 3917 5765 5824
f 5824 5765 5825
f 5775 5776 5768
f 5776 3920 5782
f 3920 5769 5782
f 5782 5769 5777
f 5775 5770 5774
f 5770 5773 5778
f 5777 5771 5779
f 5770 5778 5774
f 5774 5778 5909
f 5774 5909 5779
f 4063 5780 5784
f 5781 5825 5765
f 5768 5781 5765
f 5782 5768 5776
f 5781 5768 5782
f 5782 5777 5783
f 5779 5783 5777
f 5790 5795 5772
f 5779 5909 5783
f 4092 5780 4063
f 5785 5781 5788
f 5781 5782 5788
f 5829 5786 5796
f 5797 5784 5780
f 5794 5784 5797
f 5787 5786 5785
f 5792 5788 5793
f 5793 5788 5789
f 5792 5787 5785
f 5788 5792 5785
f 5790 5784 5798
f 5784 5794 5798
f 5789 5788 5782
f 1400 5782 5791
f 5791 5782 5783
f 5800 5780 4092
f 5800 5797 5780
f 5802 4085 5796
f 4085 5802 4099
f 1390 5792 5793
f 5794 5797 5798
f 5789 5782 1400
f 5802 5796 5786
f 5793 5789 1390
f 5799 5797 5800
f 5800 5801 5799
f 5798 5797 5799
f 5801 5803 5799
f 5799 5790 5798
f 1391 5790 5799
f 1391 5795 5790
f 5920 1400 5791
f 5804 5912 5913
f 5800 1394 5801
f 5787 5792 1390
f 1397 5803 5801
f 5799 5803 1391
f 4099 5802 6378
f 5802 1401 6378
f 4099 6378 4106
f 6351 1393 5800
f 1393 1394 5800
f 1401 5802 5786
f 1394 1398 5801
f 1419 5786 5787
f 1419 5787 1406
f 5787 1390 1406
f 1398 1397 5801
f 5803 1397 1391
f 1404 5804 1392
f 1404 1405 5804
f 1405 5912 5804
f 5806 1392 5804
f 1405 5805 5912
f 1391 1411 5795
f 5809 11761 5810
f 5810 11761 5808
f 5808 11761 5807
f 5808 5807 8207
f 11618 5809 5810
f 11615 5810 5808
f 5811 5814 5716
f 5811 5752 5715
f 5811 5749 5752
f 5814 5816 5716
f 5822 5817 673
f 5813 5811 5817
f 5813 5749 5811
f 5813 5753 5749
f 5715 5815 5811
f 5811 5815 5814
f 5815 5715 5812
f 5818 5753 5813
f 5813 5817 5826
f 5826 5818 5813
f 5819 5818 5826
f 5820 5818 5814
f 5814 5818 5819
f 5820 5753 5818
f 5815 5820 5814
f 5820 5815 5753
f 5827 5816 5814
f 5822 5826 5817
f 5819 5827 5814
f 5822 5823 5826
f 4082 5824 5821
f 5824 5825 5821
f 5825 5822 5821
f 5826 5823 5785
f 5819 5826 5785
f 5785 5835 5819
f 5819 5835 5827
f 5785 5822 5825
f 5785 5825 5781
f 5785 5823 5822
f 5828 5835 5785
f 4085 5829 5796
f 5829 5830 5785
f 5785 5786 5829
f 5785 5830 5828
f 5830 5832 5828
f 5833 5832 5830
f 6082 5833 5830
f 5831 5832 5833
f 5831 6043 5832
f 6082 6084 5833
f 6084 5831 5833
f 5834 5724 5726
f 6041 5725 5724
f 5834 5726 5816
f 5834 6041 5724
f 5827 5834 5816
f 5835 5834 5827
f 5835 6041 5834
f 5835 5836 6041
f 5836 5835 5828
f 5837 6041 5836
f 5828 5832 5837
f 5828 5837 5836
f 5841 5837 5832
f 5841 5839 5837
f 6043 5841 5832
f 5839 6041 5837
f 2694 5838 5840
f 2695 5840 5838
f 5841 6042 5839
f 5843 3693 5847
f 9432 3693 3694
f 5847 3693 9432
f 5845 5842 5843
f 5846 5845 5844
f 5844 5845 5843
f 5844 5843 5847
f 5848 5845 5850
f 5850 5845 5846
f 5852 5844 5847
f 5852 5847 9432
f 5852 9432 5849
f 5849 9432 8319
f 5850 5846 5844
f 5844 5854 5850
f 5848 5850 8680
f 5852 5849 5853
f 5850 5851 8680
f 5856 5851 5850
f 5854 5844 5852
f 5852 5853 5855
f 5855 5854 5852
f 5850 5854 5856
f 5374 5853 5849
f 5861 5851 5856
f 5856 5854 5859
f 5859 5854 5857
f 5857 5854 5855
f 5860 5855 5853
f 5861 5856 5858
f 5859 5857 5863
f 5864 5857 5855
f 5866 5861 5864
f 5857 5864 5861
f 5861 5863 5857
f 5855 5867 5864
f 5865 5858 5862
f 5865 5861 5858
f 5863 5861 5865
f 5867 5855 5860
f 5860 5853 5374
f 5864 5867 5868
f 11030 5860 5374
f 5864 5870 5866
f 5868 5870 5864
f 5869 5867 9205
f 9205 5867 5860
f 5869 5868 5867
f 11030 9205 5860
f 5870 5868 5869
f 5874 5885 5871
f 11095 14728 5874
f 5884 5885 5874
f 5879 5880 7930
f 5880 5881 7930
f 5876 5875 5882
f 5883 5882 5878
f 5872 5882 5886
f 5886 5877 5872
f 5883 5878 5873
f 5877 5873 5872
f 5891 1089 14729
f 5880 5871 5885
f 5880 5879 5871
f 5877 5883 5873
f 5886 5882 5883
f 5883 5877 5886
f 5889 14730 5881
f 5889 5888 14730
f 5888 5891 14729
f 5887 5884 5874
f 5887 5874 14728
f 5892 5890 5884
f 5890 5885 5884
f 5890 5880 5885
f 5880 5889 5881
f 5893 5880 5890
f 5889 5891 5888
f 5893 5889 5880
f 5889 2762 5891
f 5894 5889 5893
f 5894 2762 5889
f 5895 5894 5893
f 5899 5893 5890
f 6820 5896 5895
f 5896 5894 5895
f 5896 5898 5894
f 5899 6820 5893
f 5893 6820 5895
f 2763 5894 5898
f 6825 6826 6820
f 6826 5896 6820
f 5901 5897 14731
f 5898 5896 6822
f 6826 6822 5896
f 6823 5898 6822
f 6823 2763 5898
f 3039 5905 5902
f 3039 3918 5905
f 5767 5906 3916
f 3042 3043 5907
f 5905 3918 5909
f 3918 5904 5909
f 5904 3042 5903
f 5907 3043 6004
f 5907 5903 3042
f 5909 5778 5905
f 5904 5908 5909
f 5767 5910 5906
f 5903 5908 5904
f 5903 5907 5911
f 5903 5911 5908
f 6004 5911 5907
f 5908 5767 5772
f 5910 5767 5908
f 5909 5908 5783
f 5795 5783 5772
f 5783 5908 5772
f 5911 5910 5908
f 6004 5910 5911
f 5783 5795 5925
f 5921 5791 5783
f 5925 5914 5783
f 5783 5914 5921
f 5913 5912 5919
f 5926 5914 5925
f 5912 5926 5919
f 5925 5915 5926
f 5925 5918 5915
f 5919 5926 5915
f 5927 5915 5918
f 5918 5923 5927
f 5916 5927 5923
f 5795 1411 5925
f 5921 5918 5925
f 5919 5922 5917
f 5913 5919 5917
f 5928 5927 5916
f 5920 5791 5921
f 5921 5914 5918
f 5928 5916 5924
f 5913 5917 5804
f 5838 2694 2693
f 2716 5921 5925
f 2696 2693 5917
f 5805 5926 5912
f 5921 2716 5920
f 5917 5922 2696
f 2707 5923 5918
f 2707 2700 5923
f 2702 5924 5916
f 5806 5804 2704
f 5804 5917 2704
f 5925 1411 2720
f 2693 2704 5917
f 2720 2716 5925
f 5838 2693 2695
f 2695 2693 2696
f 2706 5926 5805
f 2706 2718 5926
f 2718 2705 5926
f 5926 2705 5914
f 2705 2707 5914
f 2707 5918 5914
f 5922 2697 2696
f 5922 2698 2697
f 5922 5919 2698
f 5919 2699 2698
f 5919 5915 2699
f 5915 5927 2699
f 5916 5923 2700
f 5928 2701 5927
f 5927 2701 2699
f 2700 2702 5916
f 5924 2701 5928
f 2702 2701 5924
f 5931 6972 5929
f 5932 5931 5930
f 5933 6972 5931
f 5933 5931 5932
f 5938 11028 5936
f 5937 11028 5938
f 5938 5936 11806
f 11806 5936 5935
f 5940 5938 11806
f 5939 5937 5938
f 5939 5938 5940
f 10516 5939 5940
f 11834 5942 5943
f 5942 5941 5944
f 5944 5943 5942
f 5947 5942 5946
f 5947 5941 5942
f 5941 5947 10285
f 5942 5945 5946
f 5945 5948 5946
f 5948 5949 5946
f 5946 5949 5947
f 5948 5950 5949
f 5949 5950 5947
f 5947 5950 10285
f 5953 5954 5952
f 5954 5955 5952
f 4878 5953 5951
f 5957 5954 5953
f 5957 5958 5954
f 5958 5955 5954
f 5953 5956 5957
f 5960 5958 5959
f 5960 5955 5958
f 5959 5966 5960
f 5966 5955 5960
f 5966 5952 5955
f 6214 4871 5951
f 5951 4871 4878
f 5953 4878 5956
f 5957 5961 5958
f 5961 5957 5956
f 5961 5956 5962
f 5962 5956 4878
f 5961 5959 5958
f 5959 5961 5962
f 5959 5962 5966
f 5964 5966 4878
f 4878 5966 5962
f 4873 5965 5963
f 5963 5968 5964
f 5968 5966 5964
f 5968 5967 5966
f 5968 5963 5965
f 5967 7008 5966
f 4881 4880 5969
f 5969 4880 5972
f 7009 5967 5970
f 1483 5967 5968
f 5969 5972 4881
f 1488 5967 1483
f 1488 1481 5967
f 1479 4881 5972
f 5970 5967 1481
f 1481 1486 5970
f 5974 5973 11184
f 5974 11184 7440
f 7441 5974 7440
f 5720 5978 5975
f 5978 5979 5975
f 5980 5976 5977
f 5725 5978 5723
f 5725 5979 5978
f 5980 5977 5979
f 5724 5725 5723
f 6037 5980 5979
f 6040 6037 5979
f 5725 6040 5979
f 6037 2476 5980
f 4053 671 670
f 4066 670 5981
f 5983 5982 673
f 4053 670 4066
f 5982 5822 673
f 5986 8161 4810
f 5984 5982 5983
f 5984 5983 5985
f 5988 5985 5986
f 5984 5985 5988
f 5988 5822 5982
f 5987 5988 5986
f 5988 5982 5984
f 5988 5821 5822
f 5987 5986 4810
f 5987 5989 5988
f 5821 5988 4081
f 4081 4082 5821
f 4813 5987 4810
f 5989 4081 5988
f 5990 5989 5987
f 5990 5991 5989
f 4086 5989 5991
f 5830 4086 5991
f 5829 4086 5830
f 4086 5829 4085
f 5994 5987 4813
f 5992 5990 5987
f 5993 5991 5990
f 5993 5997 5991
f 4814 5994 4813
f 5992 5987 5994
f 5992 5993 5990
f 5997 6082 5991
f 6082 5830 5991
f 5994 5995 5992
f 6296 5994 4814
f 5995 5993 5992
f 6295 6293 5995
f 6293 5993 5995
f 5993 6293 6298
f 6298 5997 5993
f 5999 5998 6001
f 6001 5998 6000
f 5999 5233 5998
f 6002 6001 6000
f 5249 5999 11000
f 11000 5999 11001
f 6003 6001 6002
f 5999 6001 11002
f 5906 6004 3041
f 6004 3043 3041
f 5910 6004 5906
f 6007 11990 6009
f 6005 6006 6010
f 6009 6008 8430
f 6012 10344 6005
f 6006 6007 6011
f 6006 6011 6010
f 6012 6005 6010
f 6011 6007 6009
f 6012 6010 6016
f 6011 6009 6013
f 6013 6009 6014
f 6016 6010 6011
f 6018 6012 6016
f 6016 6011 6013
f 6015 6013 6014
f 6017 6013 6015
f 6016 6013 6017
f 6015 6014 6019
f 6018 6016 13038
f 13038 6016 6017
f 13038 6017 13039
f 13037 6018 13038
f 6017 6015 13039
f 6020 2230 6022
f 7433 6020 6022
f 6022 2230 6021
f 6021 2230 2228
f 6024 7433 6022
f 6023 6022 6021
f 6024 6022 6023
f 4460 6024 6023
f 4458 4460 6023
f 483 6026 478
f 9691 6027 9690
f 6029 480 6025
f 485 6029 1189
f 6031 947 6032
f 483 6033 6026
f 6032 6027 9691
f 6028 6025 6026
f 6028 6029 6025
f 6030 6033 483
f 6026 6033 6028
f 5679 6029 6028
f 9692 6031 6032
f 6030 5679 6033
f 6030 5674 5679
f 6033 5679 6028
f 6421 6034 6035
f 6036 11304 6034
f 11304 6035 6034
f 6217 6035 11304
f 6223 6217 11304
f 11304 6036 8107
f 6041 6040 5725
f 6037 6040 6038
f 6039 6037 6038
f 6246 6038 6040
f 6041 6246 6040
f 2468 6246 6041
f 5839 2469 6041
f 2467 6041 2469
f 2467 2468 6041
f 14732 6045 5840
f 5840 6045 2694
f 14732 5840 6044
f 6044 5840 2695
f 6042 6053 5839
f 6053 2469 5839
f 6045 14732 6044
f 6046 6048 6043
f 6048 5841 6043
f 6048 6042 5841
f 6046 6047 6048
f 2473 2469 6053
f 6047 6046 6050
f 6050 6048 6047
f 6049 6053 6048
f 6053 6042 6048
f 6052 6048 6050
f 6052 6049 6048
f 7006 6053 6049
f 6051 6054 6050
f 6054 6052 6050
f 6052 6057 6049
f 6057 7006 6049
f 6054 2727 2730
f 6051 2727 6054
f 6057 6052 6054
f 2473 6053 7006
f 6088 2727 6051
f 6054 2730 6055
f 2727 6088 6056
f 6054 6055 6056
f 7003 6056 6088
f 6056 7003 6054
f 7003 6057 6054
f 6057 7004 7006
f 7061 2928 6953
f 6058 4222 7061
f 4222 6059 1236
f 6059 4222 6058
f 1236 6059 1238
f 6060 6059 6058
f 6060 1238 6059
f 6060 6058 6061
f 6060 5640 1238
f 5641 6061 6058
f 5640 6060 5643
f 5643 6060 5642
f 5642 6060 6061
f 5642 6061 5641
f 6063 3974 3979
f 6063 3979 3976
f 6062 3978 6063
f 3978 3974 6063
f 3976 6064 6063
f 6067 6062 6063
f 6064 6065 6063
f 6064 3976 6065
f 6066 6065 3976
f 10819 6067 6063
f 6070 6065 6066
f 6068 6067 10819
f 2751 6072 2752
f 6068 10819 6069
f 10819 6070 6069
f 6069 6070 6071
f 6070 6066 6071
f 6074 6069 6071
f 6068 6069 6074
f 6073 6080 6072
f 6073 6072 2751
f 6075 6073 2751
f 6074 6071 6076
f 6068 6074 10875
f 10875 6074 6078
f 6074 6076 6078
f 10879 6073 6075
f 6079 6078 6076
f 6079 6076 6071
f 6081 6080 10879
f 10879 6080 6073
f 6084 6043 5831
f 6084 6083 6043
f 6043 6083 6046
f 6308 6084 6082
f 6083 6050 6046
f 6050 6083 6084
f 6086 6050 6084
f 6086 6308 6085
f 6086 6084 6308
f 6051 6050 6086
f 6087 14733 14734
f 5953 5952 6085
f 5952 6086 6085
f 14733 6087 14734
f 5951 5953 6085
f 2560 6090 6089
f 6090 2562 6089
f 6091 2559 6092
f 6092 2559 2573
f 6090 2559 6091
f 2559 6090 2560
f 2587 2562 6090
f 2579 2586 2580
f 6091 6093 6090
f 6093 2585 6090
f 2585 2587 6090
f 6091 6092 6094
f 6094 6092 2573
f 6094 6093 6091
f 2573 2610 6094
f 6093 6096 2585
f 2610 6097 6094
f 2627 6097 2610
f 6097 6093 6094
f 6097 6095 6093
f 6096 6093 6095
f 6096 6095 6098
f 6102 4422 2639
f 6096 6098 2637
f 6099 6102 2639
f 6100 6095 6097
f 6100 6097 2656
f 6095 6100 6098
f 6098 6100 6101
f 6098 6101 6099
f 6106 2656 6097
f 6101 6102 6099
f 6097 2627 6105
f 6105 6106 6097
f 2665 2656 6106
f 2656 6103 6100
f 6169 6102 6101
f 6104 6169 6101
f 2665 6106 6112
f 2667 6103 2656
f 2667 6107 6103
f 6107 6100 6103
f 6107 6101 6100
f 6109 6108 6104
f 6106 6105 6111
f 6111 6112 6106
f 2667 2680 6107
f 6101 6107 2683
f 2680 2683 6107
f 6104 6101 6109
f 6111 6110 6112
f 6113 6109 6238
f 6109 6101 6238
f 6101 2683 6238
f 6113 282 6109
f 6118 6117 6119
f 6117 6118 6115
f 6117 6115 6120
f 6120 6115 6114
f 6121 6119 6117
f 6121 6120 6119
f 6120 6122 6119
f 6117 6120 6121
f 10154 6126 6114
f 6126 6120 6114
f 10178 6124 6123
f 6123 6116 10178
f 6122 6120 6127
f 6120 6126 6127
f 10206 10162 10164
f 10164 6128 10206
f 6129 6130 6131
f 6131 6130 6138
f 6138 6130 6134
f 6129 6133 6130
f 6130 6133 6135
f 6135 6133 10220
f 6129 6131 6136
f 6138 6134 10167
f 6132 6133 6129
f 6136 6132 6129
f 6130 6135 6134
f 6132 10218 10219
f 6132 10219 6133
f 10265 6136 6131
f 10227 6134 6135
f 6134 10227 6137
f 6139 10218 6132
f 6131 10267 10265
f 10267 6131 6138
f 6138 10167 10268
f 6139 6132 6136
f 6140 10218 6139
f 6142 6143 11416
f 11416 6143 6141
f 2537 6144 6142
f 6143 6146 6141
f 6142 6144 6143
f 6143 6144 6145
f 6143 6145 6146
f 6141 6146 6147
f 6144 2542 6145
f 6145 6148 6146
f 2542 9947 6145
f 6146 6149 6147
f 6147 6149 6152
f 6146 6148 6149
f 6145 9947 6148
f 6148 9947 6149
f 6152 6149 6151
f 6150 6149 9947
f 6153 6141 6147
f 6152 6155 6147
f 6152 6151 6155
f 6149 6150 3143
f 3142 6149 3143
f 6151 6149 3142
f 6156 6153 6157
f 6153 6147 6157
f 6157 6147 6155
f 6155 6151 6158
f 6154 6156 6157
f 2830 6161 6163
f 6161 2830 8512
f 6162 4410 6160
f 6162 6160 6165
f 6163 6161 6159
f 6163 4418 2830
f 2591 4422 6159
f 6164 6159 4422
f 6167 6163 6159
f 6163 6167 4418
f 6165 4409 6162
f 6167 6159 6164
f 14584 4444 6165
f 14584 4421 4444
f 6166 6165 4444
f 6170 6167 6164
f 6171 6165 6166
f 4409 6165 4431
f 6165 6171 4431
f 6164 4422 6102
f 6170 6164 6102
f 6170 4445 6167
f 4444 6168 6166
f 6169 6170 6102
f 6170 6168 4445
f 4445 6168 4447
f 4447 6168 4444
f 6104 6170 6169
f 6108 6170 6104
f 6171 4457 4431
f 6108 282 6170
f 279 6168 6170
f 279 4457 6171
f 282 6108 6109
f 282 279 6170
f 279 6166 6168
f 279 6171 6166
f 6193 6175 6711
f 6178 6175 6188
f 6180 6174 6172
f 6179 6183 6176
f 6176 6177 6179
f 6177 6178 6188
f 6183 6179 6186
f 14589 6180 6189
f 6195 6181 6178
f 6177 6176 6182
f 6184 6177 6182
f 6178 6177 6184
f 6187 6179 6196
f 6179 6177 6196
f 6179 6192 6186
f 6188 6175 6193
f 6181 6180 6172
f 6185 6182 6176
f 6195 6178 6184
f 6192 6179 6187
f 6177 6188 6196
f 6195 6180 6181
f 6176 6194 6185
f 6191 6182 6185
f 6191 6190 6182
f 6190 6184 6182
f 6190 6195 6184
f 6192 6183 6186
f 6191 6199 6190
f 14204 6194 14200
f 6194 6201 6185
f 6201 6199 6185
f 6185 6199 6191
f 6208 6196 6188
f 6205 6207 6189
f 6205 6189 6180
f 6205 6180 6195
f 6194 14204 6197
f 6198 6200 6199
f 6197 6202 6194
f 6194 6202 6201
f 6203 6201 6202
f 6201 6203 6199
f 6199 6203 6198
f 6197 6192 6202
f 6203 6202 6192
f 6192 6204 6203
f 6187 6204 6192
f 6204 6196 6206
f 6196 6204 6187
f 6208 6188 6713
f 6713 6188 6193
f 6206 6205 6195
f 6206 6200 6198
f 6200 6206 6195
f 6196 6208 6206
f 6205 13897 6207
f 13896 6206 6208
f 13891 6207 13897
f 6205 6206 13896
f 13897 6205 13895
f 13935 6713 6716
f 6210 6928 5272
f 5272 6928 5270
f 3304 9192 6209
f 3304 6209 6210
f 3304 6210 5272
f 3306 9192 3303
f 3303 9192 3304
f 6212 6214 5951
f 6215 6211 6035
f 6211 6213 6212
f 6212 6213 6214
f 6217 6215 6035
f 6215 5965 6211
f 5965 6213 6211
f 4873 6213 5965
f 6218 6216 6215
f 6216 5965 6215
f 6217 6220 6215
f 6220 6218 6215
f 5968 5965 6216
f 6216 6218 6416
f 6219 1866 6216
f 1866 5968 6216
f 6218 6221 6416
f 6216 6416 6219
f 6221 6218 1865
f 14735 6221 1865
f 1866 6219 6222
f 6219 6416 6222
f 6223 6220 6217
f 6220 1865 6218
f 8137 6221 14735
f 1483 5968 1866
f 1865 8137 14735
f 1865 1866 8137
f 5971 1483 1866
f 1865 6220 6223
f 1865 1870 1866
f 1866 1869 8137
f 1869 1866 6222
f 1869 6222 6417
f 6225 6228 6229
f 6229 6226 6225
f 6225 8227 6228
f 6231 6227 6226
f 6229 6233 6226
f 6226 6233 6231
f 6228 6233 6229
f 6232 6235 6228
f 6228 6235 6233
f 6235 6234 6233
f 6236 6235 6232
f 6236 6234 6235
f 8257 318 6236
f 6234 6236 6237
f 11943 6234 6237
f 318 6237 6236
f 6237 318 317
f 6239 6111 490
f 6239 6240 6110
f 6111 6239 6110
f 6112 6110 6238
f 6240 6238 6110
f 6238 6242 6113
f 6113 6242 282
f 6241 6244 6242
f 6241 6242 6238
f 6038 511 6039
f 6247 6239 511
f 6247 6240 6239
f 6243 6238 6240
f 6241 6243 6244
f 6243 6241 6238
f 6242 6244 6245
f 6242 6245 282
f 6246 511 6038
f 6247 6243 6240
f 6247 6244 6243
f 6246 6247 511
f 6247 6245 6244
f 6250 6245 6247
f 6248 6247 6246
f 2468 6248 6246
f 6248 6250 6247
f 6251 6248 2468
f 6252 6248 6251
f 531 6252 535
f 532 6249 531
f 6248 6254 6250
f 535 6252 536
f 6252 6253 6249
f 6249 532 6252
f 6252 532 536
f 6253 6248 6249
f 6250 6255 287
f 6251 2468 4583
f 6253 6251 4583
f 6252 6251 6253
f 6248 6253 6254
f 6255 6250 6254
f 4583 4588 6253
f 4588 4592 6253
f 6253 4592 6254
f 4592 4723 6254
f 6254 4723 6255
f 4600 6258 4602
f 6258 4609 4602
f 4595 6256 6261
f 6257 4605 6261
f 6257 4600 4605
f 6259 4612 4611
f 6263 4612 6259
f 4612 6263 6260
f 6256 4595 2471
f 6266 6257 6261
f 6266 4600 6257
f 6266 6258 4600
f 6266 6262 6258
f 4612 6260 6264
f 5166 4625 6260
f 4625 6264 6260
f 6256 2471 4628
f 4628 4644 6256
f 6256 6267 6261
f 6261 6267 6265
f 6267 6256 4644
f 6265 6266 6261
f 6270 6262 6266
f 6270 6266 6265
f 6259 6260 6263
f 6259 6271 6260
f 6271 5168 6260
f 4629 6265 6267
f 6265 4629 4630
f 6269 6270 6265
f 6268 6271 6259
f 4630 6269 6265
f 5168 5170 4741
f 4741 5170 14703
f 4657 6269 4630
f 6268 4668 6271
f 4668 6268 4633
f 6268 4649 4633
f 1 5168 6271
f 14703 5170 6272
f 6277 6270 6269
f 6270 4660 4648
f 5170 4665 6272
f 6274 6273 4657
f 6274 4657 4666
f 6276 4657 6273
f 6277 4657 6276
f 6269 4657 6277
f 4669 6270 6277
f 4669 4660 6270
f 6278 6271 4668
f 4665 4664 6272
f 6275 6274 4666
f 6274 6275 6273
f 6273 6275 6276
f 6275 764 6276
f 766 6271 6278
f 766 1 6271
f 764 6275 4666
f 761 762 764
f 762 6276 764
f 762 6277 6276
f 762 4669 6277
f 4668 763 6278
f 6278 763 766
f 6279 6280 6284
f 6284 6280 10077
f 6292 6283 6281
f 6279 6282 6283
f 6282 6279 6284
f 10077 12092 6284
f 6285 6286 6287
f 7048 6286 6285
f 6283 6289 6281
f 6290 11932 6291
f 6292 6288 6291
f 6281 6288 6292
f 6289 6283 6282
f 6282 6284 12092
f 6291 11932 6292
f 6295 5994 6296
f 6295 5995 5994
f 6295 5996 6293
f 5996 6295 6344
f 6295 6343 6344
f 4111 6293 6344
f 5996 6344 6293
f 6293 6294 6298
f 4114 6294 4111
f 4111 6294 6293
f 6082 5997 6298
f 6296 6304 6295
f 6295 6297 6343
f 14736 6301 6297
f 6298 6294 6300
f 6298 6300 6299
f 6299 6300 6294
f 6302 6297 6301
f 6298 6299 6307
f 6082 6298 6303
f 6082 6303 6308
f 6305 6295 6304
f 6302 6301 6306
f 6307 6299 6301
f 6301 6299 6306
f 6306 6299 6302
f 6303 6298 6307
f 6305 6301 6295
f 6307 6308 6303
f 6296 6309 6304
f 6309 6305 6304
f 6305 6307 6301
f 6305 6308 6307
f 6309 6310 6305
f 6310 6309 6311
f 6310 6311 6305
f 6305 6085 6308
f 6311 6085 6305
f 6309 6085 6311
f 6212 6309 6423
f 6212 6085 6309
f 6035 6211 6423
f 6211 6212 6423
f 6212 5951 6085
f 4861 6312 4860
f 4747 5480 6313
f 5480 6321 6313
f 6313 6315 4750
f 6314 6317 6315
f 6315 8545 4750
f 6315 6317 8545
f 8545 8544 4750
f 5490 6321 5480
f 6321 6318 6315
f 6313 6321 6315
f 6315 6318 6314
f 6324 6317 6314
f 6316 6319 6322
f 6319 6316 6324
f 6324 6316 6317
f 5486 5485 6320
f 6323 6321 5490
f 6323 6318 6321
f 3044 6324 6314
f 5489 5488 14717
f 3049 6318 6323
f 8556 6319 6324
f 8556 6324 6325
f 7708 6323 5490
f 6314 6318 3044
f 3044 6318 3049
f 3044 3045 6324
f 3045 6325 6324
f 6328 9354 6327
f 6329 9429 9354
f 6328 6327 9422
f 6330 6328 9422
f 6328 6329 9354
f 6328 6330 6329
f 9427 6329 6330
f 6338 4108 4101
f 6332 6341 4094
f 4094 6341 6331
f 4101 6331 6341
f 4103 6342 4102
f 6342 4103 6340
f 6332 4094 4104
f 6342 6355 4102
f 4110 6335 6334
f 4110 4105 6335
f 6334 6336 4114
f 6336 6334 6335
f 6354 4098 4112
f 6349 4100 6337
f 6338 6339 4108
f 6341 6338 4101
f 6355 6351 4102
f 6343 4111 6344
f 6350 4111 6343
f 6334 4111 6350
f 6350 4110 6334
f 6345 6294 4114
f 6336 6345 4114
f 6335 6346 6336
f 6346 6335 6347
f 6347 4098 6354
f 6347 6335 4098
f 6371 4113 4100
f 4106 6378 6348
f 6348 4107 4106
f 6339 6338 6356
f 6356 6340 6339
f 4104 6350 6332
f 6333 6352 4109
f 6333 4113 6361
f 4109 6352 6354
f 6302 6345 6364
f 6345 6336 6364
f 6299 6294 6345
f 6346 6364 6336
f 6354 6365 6347
f 6358 6332 6360
f 6332 6350 6360
f 6352 6333 6353
f 6353 6333 6361
f 6297 6302 6343
f 6350 6343 6302
f 6350 6302 6364
f 6345 6302 6299
f 6347 6366 6346
f 6347 4107 6366
f 4107 6347 6365
f 6349 6371 4100
f 6366 4107 6348
f 6380 6349 6337
f 6377 1393 6351
f 6341 6357 6338
f 6356 6338 6357
f 6358 6362 6332
f 6332 6362 6341
f 6357 6341 6362
f 6340 6359 6342
f 6359 6340 6356
f 6364 6360 6350
f 6352 6369 6354
f 6361 4113 6371
f 6365 6354 6369
f 6377 6351 6355
f 6365 6380 4107
f 6380 6337 4107
f 6363 6342 6359
f 6363 6355 6342
f 6370 6364 6346
f 6370 6346 6366
f 6370 6366 6365
f 6366 6380 6365
f 1420 1393 6377
f 6359 6356 6357
f 6363 6359 6357
f 6358 6368 6362
f 6367 6362 6368
f 6360 6369 6358
f 6369 6353 6368
f 6367 6368 6361
f 6361 6368 6353
f 6352 6353 6369
f 6360 6364 6369
f 6369 6364 6370
f 6370 6365 6369
f 6373 6361 6371
f 6374 6371 6349
f 6348 6380 6366
f 6372 6357 6362
f 6372 6362 6367
f 6372 6363 6357
f 6368 6358 6369
f 6361 6373 6367
f 6377 6355 6363
f 6381 6372 6367
f 6375 6363 6372
f 6373 6381 6367
f 6374 6381 6373
f 6373 6371 6374
f 6375 6377 6363
f 6409 6374 6349
f 6380 6409 6349
f 6372 6381 6376
f 6376 6375 6372
f 6378 6380 6348
f 6381 6410 6376
f 6410 6381 6383
f 6381 6374 6409
f 6378 6379 6380
f 6375 6376 6382
f 6408 6377 6375
f 4867 6379 6378
f 6408 6375 6382
f 6383 6381 6409
f 6408 1420 6377
f 6379 6409 6380
f 6389 13642 6386
f 6386 6387 6389
f 14036 6390 6387
f 6384 6388 14036
f 14036 6388 6390
f 6389 6387 6390
f 4306 6390 6388
f 6394 6389 6390
f 6391 6393 6385
f 6394 6390 6392
f 6392 6390 4306
f 6389 13643 13642
f 12573 6393 6391
f 13643 6389 6394
f 6391 6396 12573
f 6399 6397 6398
f 6397 6400 6398
f 6397 6396 6400
f 6396 6391 6400
f 6399 6398 6401
f 6398 6402 6401
f 6398 6400 6402
f 6400 6395 6402
f 6407 13643 6394
f 6407 6394 6403
f 6403 6394 6392
f 12573 6396 13641
f 6397 6399 6404
f 6404 6396 6397
f 6404 6405 6396
f 13641 6396 6405
f 6404 6399 6401
f 6401 6405 6404
f 6401 6402 6405
f 6402 6406 6405
f 13641 6405 6406
f 6408 4868 1420
f 6382 6376 6410
f 6411 6408 6382
f 6413 6383 6409
f 6413 6409 6412
f 6412 6379 4867
f 6409 6379 6412
f 6411 4868 6408
f 6414 6382 6410
f 6414 6411 6382
f 6415 6383 6413
f 4867 6213 6413
f 6213 4867 6214
f 6412 4867 6413
f 6415 6410 6383
f 6410 6415 6414
f 6414 6415 6411
f 4876 6213 4873
f 6413 6213 4876
f 6413 4876 6415
f 6415 4877 6411
f 6416 6221 8137
f 8137 6417 6416
f 6222 6416 6417
f 6418 6422 6419
f 8196 6420 6418
f 6422 6309 6419
f 6309 6296 6419
f 6420 6421 6418
f 6421 6422 6418
f 6423 6309 6422
f 6422 6035 6423
f 6034 6421 6420
f 6421 6035 6422
f 4050 5018 5019
f 883 6424 5015
f 6427 6426 5016
f 4050 6428 6427
f 5018 4050 6427
f 5015 5013 6429
f 6429 883 5015
f 6425 6427 6430
f 6426 6427 6425
f 6430 6427 6428
f 5013 5055 6429
f 6432 6431 6425
f 6430 6428 6425
f 6435 6429 5055
f 6435 884 6429
f 884 883 6429
f 5055 5068 6435
f 6432 8151 6431
f 6433 884 6435
f 5068 6436 6435
f 6436 5068 5071
f 6434 8151 6432
f 5087 6436 5071
f 6436 6433 6435
f 703 8891 704
f 6439 6437 6444
f 6444 6437 6438
f 6444 6438 8891
f 6448 6442 707
f 6444 703 6443
f 6444 8891 703
f 6443 703 714
f 12638 6447 6445
f 1058 6445 6446
f 6445 2395 6446
f 12638 6439 6447
f 6445 6447 2395
f 6447 6448 2395
f 2395 6448 6441
f 6447 6439 6444
f 6446 2395 6441
f 6447 6442 6448
f 6440 6442 6447
f 6447 6444 6440
f 2389 6441 6448
f 6444 6443 6440
f 6449 2389 6448
f 6440 6443 6442
f 6448 707 6449
f 714 6442 6443
f 6442 713 707
f 713 6442 708
f 6442 714 708
f 6455 10747 6451
f 6450 10979 6451
f 6453 10747 6455
f 6455 6451 10979
f 6452 6455 10979
f 6458 6455 6452
f 6456 6453 6455
f 6458 6452 6454
f 6454 581 6458
f 6460 6456 6455
f 6460 6455 6458
f 584 6458 581
f 6457 589 586
f 6461 6458 8684
f 589 6457 6462
f 8684 6458 584
f 7269 6463 6467
f 6467 6475 6464
f 6464 6468 6465
f 6466 5228 5229
f 7269 6467 6464
f 6474 6475 6467
f 6475 6477 6464
f 6464 6477 6476
f 6468 6464 6476
f 6466 5229 6472
f 6466 6472 6471
f 6469 6471 6470
f 6471 6472 6470
f 6474 6467 6463
f 6481 6477 6475
f 6466 6471 6482
f 6469 6482 6471
f 6479 6474 6463
f 6479 6481 6474
f 6481 6475 6474
f 6468 6476 6469
f 6479 6463 6478
f 6481 6476 6477
f 6483 6469 6476
f 6469 6483 6482
f 5227 6466 1439
f 6466 6482 1439
f 6479 5231 6481
f 6481 1437 6476
f 1437 1442 6476
f 1442 6483 6476
f 6479 6478 6480
f 6479 6480 2495
f 2495 5231 6479
f 2496 1437 5231
f 5231 1437 6481
f 6483 1440 6482
f 2497 5227 1438
f 5227 1439 1438
f 1439 6482 1440
f 6484 6485 5229
f 6486 6485 6484
f 6486 2041 6485
f 5230 6486 6484
f 6472 5229 6487
f 6487 6470 6472
f 5229 6485 6489
f 5229 6489 6487
f 6489 6470 6487
f 6485 6488 6489
f 6470 6489 6490
f 6488 6491 6489
f 6489 6491 6490
f 6491 6493 6490
f 6493 8848 6490
f 6490 8848 6473
f 6485 6494 6488
f 6494 6491 6488
f 6492 6491 6494
f 6491 6492 6493
f 6492 8857 6493
f 6485 2041 6494
f 2041 2040 6494
f 2040 6492 6494
f 2040 8233 6492
f 8233 8857 6492
f 13403 6496 6497
f 6497 6496 8713
f 6496 13403 8713
f 6502 6508 6500
f 6508 6501 6500
f 6503 6508 6502
f 6506 6505 6504
f 6506 6504 6507
f 6504 6505 6507
f 6509 6486 5230
f 6509 2041 6486
f 2500 6509 5230
f 2500 6510 6509
f 6509 6510 2041
f 6511 6510 2500
f 6511 2041 6510
f 2500 2502 6511
f 6511 2502 6512
f 6511 2045 2041
f 6512 2045 6511
f 2508 2767 2502
f 2767 6512 2502
f 2767 2045 6512
f 680 2767 2508
f 2769 6514 2767
f 2045 2767 6514
f 1103 6513 1104
f 6513 2765 1104
f 6515 6516 6518
f 6518 6516 6517
f 6516 12516 6517
f 6519 6518 6517
f 6519 6517 11046
f 6520 6519 11046
f 6521 6520 11046
f 14419 6521 6522
f 3768 6525 7603
f 6527 9117 6543
f 6527 6535 9117
f 5876 6528 6530
f 5872 6536 6540
f 6536 5872 9122
f 6542 1511 1512
f 1388 1513 6533
f 6527 6525 6529
f 6526 6528 6534
f 6526 6534 6546
f 6529 6535 6527
f 6575 6532 9116
f 5876 5882 6540
f 5872 6540 5882
f 1386 6532 1514
f 6523 6524 6544
f 6545 6524 6526
f 6546 6545 6526
f 6551 6528 5876
f 6551 6534 6528
f 6551 5876 6540
f 6539 6529 6541
f 6541 6529 6531
f 6536 6547 6540
f 6541 6531 6537
f 6549 6536 9122
f 6549 9122 6538
f 1512 1515 6538
f 1515 6549 6538
f 1513 6569 6533
f 7612 7603 6558
f 6558 7603 6525
f 6535 6529 6546
f 6529 6560 6546
f 6529 6539 6560
f 6552 6534 6551
f 6535 6546 6553
f 6547 6551 6540
f 6548 6535 6553
f 6554 6539 6541
f 6549 6547 6536
f 6568 6542 6548
f 6569 6537 6533
f 6568 1511 6542
f 1514 6532 6569
f 6544 6524 6545
f 6564 6527 6543
f 6525 6560 6558
f 6564 6560 6527
f 6525 6527 6560
f 6560 6545 6546
f 6546 6534 6552
f 6562 6551 6547
f 6553 6554 6555
f 6553 6555 6548
f 6548 6555 6568
f 6568 6556 1515
f 1515 1511 6568
f 6556 6549 1515
f 6569 6532 6557
f 6559 6561 7643
f 6564 6550 6545
f 6560 6564 6545
f 6565 6561 6559
f 6565 6559 6551
f 6559 6552 6551
f 6576 6560 6539
f 6576 6539 6554
f 6576 6554 6553
f 6565 6551 6562
f 6568 6547 6549
f 6541 6537 6572
f 6572 6537 6569
f 6568 6549 6556
f 6584 6557 6532
f 6545 6563 6544
f 6571 6559 7643
f 6545 6550 6563
f 6558 6560 6576
f 6571 6570 6559
f 6570 6552 6559
f 6546 6552 6553
f 6555 6567 6566
f 6567 6555 6554
f 6555 6566 6568
f 6566 6547 6568
f 7654 6571 7643
f 6570 6553 6552
f 6567 6554 6572
f 6572 6554 6541
f 6575 6584 6532
f 1520 6572 6569
f 1520 6569 6557
f 6576 6581 6578
f 6581 6553 6570
f 6581 6576 6553
f 6589 6565 6562
f 6585 6566 6567
f 6567 6572 6582
f 6547 6573 6562
f 6585 6547 6566
f 7654 6574 6571
f 6574 6561 6577
f 6577 6561 6565
f 6581 6570 6571
f 6572 6583 6582
f 6579 6547 6585
f 6579 6573 6547
f 6587 6572 1520
f 1520 6557 6584
f 6580 6558 6576
f 6577 6571 6574
f 6577 6581 6571
f 6582 6585 6567
f 6589 6562 6573
f 6587 6583 6572
f 6584 1521 1520
f 6578 6580 6576
f 6589 6577 6565
f 6589 6585 6577
f 6581 6577 6585
f 6581 6585 6583
f 6581 6583 6578
f 6578 6583 6590
f 6583 6585 6582
f 6586 6589 6573
f 6590 6583 6587
f 6606 6573 6579
f 6587 1520 1521
f 1523 1521 6584
f 7674 6580 6600
f 7680 6608 6575
f 6586 6579 6589
f 6575 6608 6584
f 6592 6588 6591
f 6587 1521 6592
f 6580 6578 6600
f 6600 6578 6590
f 6594 14737 14738
f 14739 6595 6573
f 6595 6586 6573
f 6613 6610 6591
f 6591 6610 6614
f 6615 6590 6587
f 14739 6573 6606
f 6614 6592 6591
f 6615 6592 6614
f 6615 6587 6592
f 6588 6592 6593
f 6591 6588 6593
f 6596 6592 1923
f 6608 1523 6584
f 6592 1521 1923
f 6597 7680 7686
f 7680 6597 6599
f 6597 6598 6599
f 6608 7680 6599
f 6600 6590 6602
f 6605 6608 6599
f 6599 6598 6605
f 6601 6610 6613
f 6602 6590 6603
f 6614 6610 6611
f 6604 6605 6598
f 6586 6595 6579
f 14739 6606 6595
f 6595 6606 6579
f 6613 6591 6607
f 6603 6590 6615
f 6607 6591 6657
f 6592 6649 6593
f 6593 6657 6591
f 6598 6597 6646
f 6610 6601 6609
f 6600 6602 6645
f 6646 6604 6598
f 6612 6601 6613
f 6603 6615 6648
f 6654 6613 6607
f 6614 6649 6615
f 6654 6607 6657
f 6616 6593 6649
f 6625 1241 1246
f 1241 1243 1242
f 1241 6617 1243
f 3352 1243 6617
f 6618 6720 6622
f 6625 1246 1252
f 1262 6619 1253
f 6624 6620 3350
f 6618 6622 6621
f 6625 1252 1274
f 6619 6623 1242
f 6631 7762 6626
f 6627 6626 7762
f 6629 6627 6625
f 6619 1262 6640
f 6621 6624 6618
f 6723 6628 6621
f 6621 6622 6723
f 6622 6630 6723
f 6623 6619 6635
f 6628 1269 6620
f 6621 6628 6620
f 6624 6621 6620
f 1267 6640 1262
f 6629 6625 1274
f 6627 6632 6626
f 6634 1269 6628
f 6635 6619 6640
f 6635 6637 6623
f 6723 6630 6721
f 6627 6629 6632
f 1285 1269 6634
f 6626 6633 6631
f 6723 6634 6628
f 6633 6626 6636
f 6725 6641 6634
f 6723 6725 6634
f 6639 6637 6635
f 1284 6640 1267
f 6642 6633 6636
f 6635 6640 6639
f 1292 1306 1316
f 1292 1316 1297
f 1306 1327 1316
f 6643 6638 6633
f 6643 6633 6642
f 7821 1310 1285
f 7812 6634 6641
f 7812 1285 6634
f 7812 6641 6725
f 7821 1285 7812
f 6642 6636 6644
f 7812 6725 5541
f 6642 7809 6643
f 6642 6644 7809
f 6687 7674 6600
f 6665 6646 6597
f 6609 6650 6610
f 6611 6610 6650
f 6650 6602 6603
f 6660 6604 6646
f 6647 6612 6613
f 6605 6604 6653
f 6613 6654 6647
f 6605 6652 6608
f 6648 6615 6596
f 6652 6656 6608
f 6656 1523 6608
f 6657 6593 1924
f 6609 6659 6650
f 6659 6645 6650
f 6602 6650 6645
f 6647 6673 6612
f 6651 6611 6650
f 6661 6651 6650
f 6661 6650 6603
f 6660 6653 6604
f 6653 6652 6605
f 6674 6614 6611
f 6647 6654 6655
f 6648 6596 6663
f 6674 6616 6614
f 6616 6649 6614
f 1925 6596 1923
f 6659 6609 6666
f 6658 6600 6645
f 6659 6658 6645
f 6609 6601 6673
f 6673 6601 6612
f 6648 6661 6603
f 6655 6662 6647
f 6654 6657 6678
f 6664 6663 1925
f 1925 6663 6596
f 6616 6664 1925
f 6671 6672 6665
f 6672 6680 6665
f 6680 6646 6665
f 6666 6658 6659
f 6666 6609 6673
f 6667 6651 6661
f 6667 6661 6668
f 6647 6675 6673
f 6674 6611 6651
f 6662 6669 6675
f 6675 6647 6662
f 6648 6670 6661
f 6681 6653 6660
f 14740 6655 6654
f 6670 6648 6663
f 6681 6652 6653
f 6663 6664 6670
f 6616 6674 6670
f 6670 6664 6616
f 6678 6657 1924
f 6679 6600 6658
f 6666 6682 6667
f 6666 6667 6658
f 6658 6667 6668
f 6658 6668 6679
f 6680 6681 6646
f 6681 6660 6646
f 6674 6651 6667
f 14741 14742 14743
f 6661 6670 6683
f 6652 6681 6676
f 6654 6677 14740
f 6674 6683 6670
f 6677 6654 6678
f 6656 6652 6684
f 6686 6678 1924
f 6656 6684 6685
f 6679 6687 6600
f 6679 6672 6671
f 6676 6680 6672
f 6679 6676 6672
f 6679 6668 6690
f 6680 6676 6681
f 6682 6666 6673
f 6690 6668 6661
f 6677 6682 6673
f 6683 6674 6667
f 6688 6661 6683
f 6676 6684 6652
f 6688 6690 6661
f 6679 6690 6676
f 6695 6683 6667
f 6690 6691 6676
f 6691 6684 6676
f 6678 6689 6677
f 6678 6686 6689
f 6685 6684 6693
f 6695 6667 6682
f 6695 6682 6677
f 6692 6683 6695
f 6683 6692 6688
f 6677 6689 6695
f 6693 6684 6691
f 6698 6691 6688
f 6691 6690 6688
f 6693 6691 6698
f 6696 6689 1927
f 6696 1927 6697
f 1927 6689 6686
f 6697 1927 6694
f 6695 6689 6692
f 6692 6689 6688
f 6688 6689 6696
f 6688 6696 6698
f 6699 6693 6698
f 6696 6697 6698
f 6698 6697 6699
f 6711 6175 6702
f 11661 6703 6702
f 6711 6702 6703
f 6705 6700 6701
f 6705 6707 6700
f 6704 6703 6708
f 6709 6704 6705
f 6708 6705 6704
f 6709 6705 6701
f 6708 6707 6705
f 6706 13966 6715
f 6703 6714 6711
f 6703 6704 6714
f 6714 6704 6709
f 6710 6709 6701
f 6710 6701 6706
f 6193 6711 6713
f 6712 6710 6706
f 6712 6706 6715
f 6717 6711 6714
f 6714 6709 6710
f 6716 6713 6711
f 6716 6711 6717
f 6717 6714 6712
f 6712 6714 6710
f 6712 6716 6717
f 6719 278 9044
f 6722 6718 6719
f 6721 6720 6718
f 6721 6630 6720
f 6630 6622 6720
f 6721 6718 6722
f 6722 6719 9044
f 6723 6721 6722
f 6722 9044 6724
f 6723 6722 6724
f 6725 6723 6727
f 6724 6727 6723
f 6724 6726 6727
f 6725 6727 5539
f 5541 6725 5539
f 5539 6727 5540
f 5540 6727 5537
f 6727 6726 5537
f 6728 6685 6693
f 6693 6699 6728
f 6697 6728 6699
f 6697 6694 6728
f 6731 8313 6729
f 6737 8314 14744
f 8315 6734 6729
f 6731 6730 7682
f 6730 6731 6734
f 6734 6731 6729
f 8315 6764 6734
f 6735 6733 6732
f 6736 8311 14745
f 6730 6734 6764
f 6736 14744 8311
f 6735 6732 6733
f 6736 6737 14744
f 6738 6737 6740
f 6737 6736 6740
f 6742 6736 14746
f 6742 6741 6736
f 6743 6741 6742
f 6743 6736 6741
f 6743 6740 6736
f 9329 14746 6739
f 9329 6742 14746
f 5738 6742 9329
f 5738 6743 6742
f 5738 5739 6743
f 7667 7678 6752
f 6752 6758 7676
f 7679 7683 7678
f 6745 6744 6757
f 6746 7682 6756
f 6746 6756 6748
f 6756 7671 6748
f 8315 6748 6760
f 6748 8315 7685
f 6748 7671 6760
f 6749 7672 6765
f 7686 6665 6597
f 6744 6768 6769
f 6769 6757 6744
f 7678 7683 6755
f 6730 6756 7682
f 6755 7683 6756
f 6758 6754 6759
f 6754 6747 6759
f 6760 7671 6776
f 6776 7671 6749
f 6750 6758 6759
f 6759 6765 6750
f 6770 7686 7684
f 6770 6665 7686
f 6767 6753 6761
f 7549 6768 7532
f 6761 6753 6778
f 6762 6752 7678
f 6753 6754 6778
f 6762 7678 6755
f 6758 6752 6778
f 6754 6758 6778
f 6769 6763 6757
f 6730 6764 6756
f 6764 6755 6756
f 6764 6760 6755
f 6755 6760 6776
f 6763 6770 6757
f 6770 7684 6757
f 6760 6764 8315
f 6765 6776 6749
f 6765 6759 6771
f 6771 6759 6766
f 6759 6747 6766
f 6766 6747 6751
f 6687 6766 6751
f 6762 6778 6752
f 6780 6769 6782
f 6780 6763 6769
f 6765 6772 6776
f 6765 6771 6773
f 6771 6766 6773
f 6777 6665 6770
f 6774 6767 6761
f 6768 6782 6769
f 6786 6762 6755
f 4224 4223 6763
f 6775 6755 6776
f 6770 6763 4223
f 6772 6765 6773
f 6773 6766 6781
f 6766 6687 6781
f 6671 6665 6777
f 6774 6782 6768
f 6778 6787 6761
f 6761 6782 6774
f 6761 6779 6782
f 6763 6780 4224
f 6775 6786 6755
f 6775 6776 6783
f 6770 6792 6777
f 6770 4223 6792
f 6772 6783 6776
f 6772 6773 6783
f 6784 6783 6773
f 6784 6773 6785
f 6781 6785 6773
f 6777 6687 6671
f 6687 6679 6671
f 6786 6787 6762
f 6762 6787 6778
f 6787 6779 6761
f 6790 6780 6782
f 6790 4224 6780
f 6779 6790 6782
f 6786 6788 6787
f 6787 6788 6779
f 6786 6775 6784
f 6786 6784 6788
f 6792 4224 6791
f 6775 6783 6784
f 6784 6781 6789
f 6781 6784 6785
f 6789 6781 6687
f 6777 6789 6687
f 6777 6792 6789
f 6790 6779 6788
f 6791 4224 6790
f 6788 6784 6791
f 6791 6784 6789
f 6791 6790 6788
f 6791 6789 6792
f 6793 6795 6804
f 6794 6803 12284
f 6796 6798 6794
f 6794 6798 6799
f 6796 6797 6798
f 6796 6800 6797
f 6801 6799 6798
f 6805 6801 6802
f 4373 6797 6800
f 6801 4374 4375
f 6801 4375 6802
f 4373 4376 4374
f 4373 4374 6801
f 4377 6802 4375
f 12284 6803 12283
f 6809 6803 6794
f 6793 6809 6794
f 6808 6807 6793
f 6804 6808 6793
f 6794 12284 6796
f 6799 6793 6794
f 6795 6793 6799
f 6795 6805 6804
f 6799 6805 6795
f 6805 6802 6804
f 4373 6798 6797
f 6805 6799 6801
f 6801 6798 4373
f 5199 12296 12227
f 12283 6803 12296
f 6803 6806 12296
f 6806 6803 6809
f 6809 6793 6807
f 6810 6812 6804
f 6802 6810 6804
f 4377 4389 6802
f 6809 12227 6806
f 6809 12229 12227
f 12227 12296 6806
f 12229 6809 6807
f 12229 6807 12233
f 6811 12233 6807
f 6808 6811 6807
f 6811 6812 9334
f 6808 6812 6811
f 6804 6812 6808
f 4389 6810 6802
f 6810 4389 9338
f 6817 6815 6813
f 6817 6813 6631
f 6631 6813 7762
f 6814 3447 6815
f 6816 6814 6815
f 6816 3455 6814
f 6817 6631 6633
f 6817 6633 6638
f 6817 3461 6815
f 3461 6816 6815
f 6818 6817 6638
f 3954 6638 6643
f 3954 6818 6638
f 6819 3461 6817
f 3954 6643 3953
f 6818 6819 6817
f 5900 6821 6825
f 6826 6825 6821
f 14731 5897 5901
f 6824 6820 5899
f 6825 6820 6824
f 5900 6825 6824
f 6824 6821 5900
f 6826 6821 14747
f 6822 6826 14747
f 6822 14747 6823
f 6832 2763 6823
f 5899 6827 6824
f 6824 6829 6821
f 6821 6829 14748
f 6662 6655 6669
f 6832 6823 14747
f 2763 6832 6837
f 6833 6828 6827
f 6828 6824 6827
f 6828 6829 6824
f 14749 6834 14747
f 6834 6832 14747
f 6740 5899 6738
f 6740 6833 5899
f 6833 6827 5899
f 6828 6835 6829
f 6828 6830 6835
f 6835 14748 6829
f 14750 14751 6831
f 6840 6828 6833
f 14748 6835 6830
f 6831 14751 14750
f 6836 6832 6830
f 6832 6836 6837
f 6838 6828 6840
f 6838 6830 6828
f 6840 6833 6740
f 6838 6836 6830
f 6836 2056 6837
f 6838 6840 6839
f 6839 6836 6838
f 6743 6840 6740
f 2059 6836 6839
f 411 6839 6840
f 411 2059 6839
f 5739 6840 6743
f 5739 411 6840
f 6842 9332 636
f 6841 5738 6842
f 6845 6842 636
f 6842 3704 6841
f 6845 3704 6842
f 5740 6841 3704
f 6844 6845 6843
f 3704 6845 6844
f 3704 3770 5740
f 6843 6847 6844
f 6848 6844 6847
f 653 6845 8156
f 6843 14752 6847
f 649 653 8156
f 653 6843 6845
f 653 648 6843
f 6843 648 14752
f 14752 648 6847
f 5702 6848 6847
f 14591 4833 6851
f 6855 6849 6850
f 6852 13184 14591
f 6855 6850 6858
f 6858 6850 13184
f 14591 6851 9796
f 6856 6849 6855
f 6858 13184 6852
f 9796 6852 14591
f 6851 6854 9796
f 6856 6855 6853
f 6855 6857 6853
f 6858 6852 6854
f 9796 6854 6852
f 84 81 6856
f 6854 6859 6858
f 6863 84 6856
f 6853 6857 6856
f 6856 6857 6864
f 6857 6855 6858
f 6860 6859 6854
f 6858 6859 6862
f 6859 6861 9808
f 6859 6860 6861
f 6863 6856 6864
f 6869 6857 6858
f 6869 6858 6862
f 6862 6859 9808
f 6865 6864 6857
f 9809 6862 9808
f 6865 6857 6869
f 6869 6862 9809
f 6866 6863 6864
f 6868 6863 6866
f 6866 6864 6865
f 9814 6869 9809
f 6867 6869 9814
f 6867 9465 6869
f 6871 6870 6872
f 5590 14753 5585
f 5585 14753 5590
f 3304 5272 6874
f 6874 5272 5273
f 6873 5273 6887
f 6874 6875 3304
f 4115 6874 6873
f 4115 6875 6874
f 4115 6873 6890
f 4117 6875 4120
f 4120 6875 4115
f 6881 6876 6878
f 6879 6877 6876
f 6877 5195 6876
f 6878 6876 5195
f 6879 6876 6880
f 6883 6879 6880
f 6880 6876 6881
f 6880 6881 11354
f 6883 6880 6882
f 6882 6880 11354
f 6884 9128 6883
f 6884 6883 6882
f 9128 6884 6885
f 6884 6882 6885
f 6882 7024 6885
f 4797 6886 4164
f 6888 6887 6886
f 4798 6888 6886
f 6888 6873 6887
f 4798 6886 4797
f 6889 6873 6888
f 6890 6873 6889
f 6889 6888 4798
f 6890 6889 6891
f 6893 4115 6890
f 4815 6889 4798
f 6894 6893 6890
f 6894 6890 6891
f 6891 6889 4815
f 4119 4115 6893
f 6949 6891 4815
f 6892 4119 6893
f 6894 6891 6949
f 2924 6893 6894
f 2925 6892 6893
f 6950 6894 6949
f 2925 6893 2924
f 2924 6894 6950
f 4817 9212 6897
f 6897 9212 6899
f 6898 6899 6896
f 4823 4817 6897
f 6902 6897 6899
f 6900 6898 6896
f 6903 6902 6899
f 6903 6899 6898
f 6901 6897 6902
f 4832 4823 6897
f 4832 6897 6901
f 13924 6903 6898
f 13924 6898 6900
f 8887 13924 6900
f 6902 13927 6901
f 6904 6907 7010
f 6932 6904 6906
f 6908 6907 6904
f 6908 6904 6932
f 6909 7013 6907
f 6936 6908 6932
f 6909 6907 6908
f 6936 6909 6908
f 5520 6910 6911
f 4505 6911 6910
f 6910 10646 4505
f 10646 10647 4505
f 6912 6911 5524
f 6911 6913 5524
f 4505 6913 6911
f 6913 4505 4508
f 6915 6913 4508
f 6912 2077 6911
f 6914 6913 6915
f 5524 6913 5525
f 5525 6913 6914
f 4512 6915 4508
f 6916 6914 6915
f 6915 8258 6916
f 6914 6916 5525
f 6916 5528 5525
f 8258 6915 6917
f 6915 4512 6917
f 8260 6916 8258
f 5528 6916 8260
f 8259 5528 8260
f 6919 6909 6936
f 6919 6936 6918
f 6921 6919 6920
f 6920 6919 6918
f 6922 6921 6920
f 6923 6922 6920
f 8367 6921 6922
f 6924 6922 6923
f 1856 6925 1855
f 6929 6926 6927
f 6927 6925 1856
f 6929 6927 1859
f 1859 6927 1856
f 5270 6928 6929
f 5270 6929 5271
f 5271 6929 1859
f 6931 6905 1240
f 6931 1240 1239
f 6931 1239 6930
f 6905 6931 6906
f 6934 6930 5640
f 6933 6931 6930
f 6934 5640 5643
f 5644 6934 5643
f 6932 6906 6931
f 6932 6931 6933
f 6933 6930 6934
f 5645 6934 5644
f 6935 6932 6933
f 6935 6936 6932
f 6940 6933 6934
f 6935 6933 6940
f 6940 6934 5645
f 6918 6936 6937
f 6937 6936 6935
f 6937 6935 6939
f 6939 6935 6940
f 6941 6918 6937
f 6937 6939 6938
f 6946 6939 6940
f 6946 6940 5658
f 6941 6943 6918
f 6942 6918 6943
f 6945 6938 6942
f 6939 6942 6938
f 6942 6939 6947
f 6947 6939 6946
f 8002 6944 6943
f 6942 6943 6944
f 6942 6944 6945
f 5657 6946 5658
f 6947 6918 6942
f 6947 6920 6918
f 6947 6946 5660
f 6946 5657 5660
f 5660 5657 5659
f 9975 6920 6947
f 9975 6947 6948
f 9974 6947 5660
f 9974 5660 7435
f 6923 6920 9975
f 9974 6948 6947
f 6949 4816 8765
f 6951 6950 6949
f 6951 6949 6952
f 6952 6949 8765
f 6951 2927 6950
f 2928 2927 6951
f 6953 2928 6951
f 8339 6951 6952
f 5384 6955 6954
f 5384 5396 6955
f 6956 6955 5396
f 5398 6956 5396
f 5398 5400 6956
f 8351 6956 5400
f 6961 6960 6958
f 6962 6958 6959
f 6961 4674 6960
f 6962 6961 6958
f 5493 6963 6959
f 6959 6963 6962
f 6964 6961 6962
f 4677 4674 6961
f 6962 6963 6964
f 6966 4677 6961
f 6966 6961 6964
f 6963 5497 6967
f 6964 6963 6967
f 6965 6966 6968
f 6969 4678 6968
f 6964 6968 6966
f 6968 6964 6969
f 6967 5497 6969
f 6964 6967 6969
f 6971 2459 6970
f 5929 6971 6970
f 6972 6971 5929
f 6972 6973 6971
f 6974 6973 6972
f 6974 6972 5933
f 6975 6973 6974
f 6975 6974 11008
f 3987 6976 5468
f 5468 6976 4679
f 6978 2221 6981
f 6981 2221 6976
f 3987 6980 6976
f 6981 6976 6980
f 2220 2221 6978
f 6985 6978 6981
f 6977 2220 6979
f 6978 6979 2220
f 6983 6978 6985
f 6985 6981 6987
f 6977 6979 3997
f 3997 6979 2224
f 2224 6979 2225
f 2225 6979 6983
f 6978 6983 6979
f 6982 6986 6980
f 6980 6986 6981
f 6986 6984 6981
f 6989 6981 6984
f 6987 6981 6989
f 6986 6982 4004
f 6986 6989 6984
f 2228 6983 6991
f 6988 6985 6987
f 6988 6987 6989
f 6991 6983 6985
f 6986 4004 6990
f 6988 6991 6985
f 6990 6989 6986
f 8604 2228 6991
f 6990 8603 6989
f 4004 4006 6990
f 8603 6988 6989
f 6996 6993 9426
f 6994 9426 6993
f 6993 6995 6994
f 6997 6996 9436
f 11774 6994 6995
f 6996 6995 6993
f 9436 6996 6992
f 10118 6998 7000
f 6992 6999 9437
f 6998 10118 7001
f 6999 6998 7001
f 7002 9436 6992
f 9437 6999 7001
f 7002 6992 9437
f 9437 7001 9453
f 9439 7002 9437
f 9440 9437 9453
f 9441 9436 7002
f 9443 9439 9437
f 7003 6088 7005
f 7005 6057 7003
f 7005 6088 5952
f 7004 6057 7005
f 5966 7005 5952
f 7008 7004 7005
f 7007 2473 7006
f 7006 7004 7008
f 7008 7005 5966
f 7008 7007 7006
f 7008 4047 7007
f 7009 7008 5967
f 7009 7017 7008
f 1486 7009 5970
f 7017 4047 7008
f 6428 4047 7017
f 7014 7011 7015
f 7015 7011 7012
f 7013 7010 6907
f 8590 8868 7012
f 7016 8590 7013
f 7016 7013 6909
f 8868 7015 7012
f 8868 8590 7016
f 1486 7018 7009
f 7018 7017 7009
f 7019 6428 7017
f 5016 6426 7017
f 6426 7019 7017
f 6425 6428 7019
f 7018 1486 1485
f 7020 5016 7017
f 7019 6426 7020
f 7018 7020 7017
f 7020 4971 5016
f 7020 4972 4971
f 6426 4972 7020
f 6431 4972 6426
f 7021 6425 7019
f 6431 6426 6425
f 7020 7021 7019
f 1497 7018 1485
f 7022 7018 1497
f 7023 7020 7018
f 7023 7021 7020
f 7022 7023 7018
f 6432 6425 7021
f 8151 7980 6431
f 6431 7980 4972
f 1499 7022 1497
f 7023 6432 7021
f 7022 1499 4918
f 8153 7023 7022
f 4976 7022 4918
f 6434 6432 7023
f 8152 7022 4976
f 4976 7975 8152
f 8153 7022 8152
f 4071 3964 4077
f 7024 7025 7030
f 2356 7028 2353
f 7031 7024 7029
f 7030 7029 7024
f 7026 7027 7032
f 7027 7028 2356
f 7032 7027 2356
f 7029 7030 7034
f 7034 7030 7025
f 7034 7025 7026
f 7034 7026 7040
f 7033 7039 7031
f 7033 7031 7029
f 7033 7029 7034
f 7034 7040 7035
f 7026 7032 7040
f 7036 7033 7034
f 7036 7034 7037
f 7037 7034 7035
f 7038 7032 2358
f 7032 2356 2358
f 7040 7032 7038
f 7039 7042 9133
f 7039 7033 7041
f 7036 7041 7033
f 7037 7041 7036
f 7045 7037 7043
f 7037 7035 7043
f 7044 7039 7041
f 7041 7037 7045
f 7035 7040 7043
f 7044 7042 7039
f 7045 7043 7058
f 7043 7040 2364
f 7040 7038 2364
f 7038 2358 2364
f 7056 7042 7044
f 7044 7041 7047
f 7045 7047 7041
f 7058 7047 7045
f 7046 7058 7043
f 7046 7043 2364
f 7050 14754 7049
f 7049 7055 7050
f 7051 7055 7049
f 7052 7053 7054
f 7054 7053 7057
f 7051 7058 7055
f 7054 7057 14564
f 14564 7057 7047
f 7055 7046 2366
f 7053 7056 7057
f 14564 7047 7058
f 7055 7058 7046
f 2366 7046 2368
f 7044 7057 7056
f 7057 7044 7047
f 7046 2364 2368
f 7048 6287 6286
f 7050 7055 6280
f 14754 7051 7049
f 14564 7058 7051
f 6953 6951 8339
f 7059 6953 8339
f 7059 7061 6953
f 8387 7061 7059
f 7059 8339 8342
f 8342 8339 7060
f 8387 6058 7061
f 8388 8387 7059
f 5641 6058 8387
f 8388 7059 8342
f 11266 7062 7064
f 7062 11461 11462
f 7063 11266 7064
f 7064 7062 11462
f 11363 7063 7064
f 11362 1844 7063
f 5431 7065 7066
f 2283 7065 5433
f 2283 7067 7065
f 7065 7067 7066
f 7067 2283 2304
f 7066 7067 7070
f 7070 7067 7069
f 7070 7069 7068
f 2310 10503 2304
f 7067 2304 10502
f 7067 10502 7069
f 5973 7066 7070
f 5973 7070 11184
f 11184 7070 7068
f 7072 3553 3963
f 7075 3554 3556
f 7072 7071 7073
f 7072 3963 7071
f 7073 3555 7072
f 3555 7073 7074
f 3555 7074 3556
f 7074 7075 3556
f 7075 7076 3554
f 7074 7078 7075
f 7079 7114 7076
f 7085 7073 7071
f 10143 7085 7071
f 7077 7078 7074
f 7075 7078 7081
f 7081 7083 7075
f 7083 7076 7075
f 7084 7076 7083
f 7079 7084 7080
f 7079 7076 7084
f 7074 7073 7077
f 7077 7081 7078
f 7082 7081 7077
f 7083 7080 7084
f 7086 7085 10143
f 7085 7077 7073
f 7077 7085 7082
f 7142 7081 7082
f 7081 7080 7083
f 7081 7142 7150
f 10144 7086 10143
f 7087 7088 7085
f 7089 7081 7090
f 7081 7150 7090
f 7089 7080 7081
f 10144 7087 7086
f 7085 7086 7087
f 7094 7091 7087
f 7093 7087 10144
f 7089 7090 7098
f 7098 7090 7092
f 7089 7100 7080
f 7093 7094 7087
f 7096 7098 7092
f 7098 7100 7089
f 7093 7181 7095
f 7095 7094 7093
f 7097 7094 7095
f 7096 7092 7097
f 7097 7092 7094
f 7096 7099 7098
f 7099 7100 7098
f 10331 7096 7097
f 7206 7100 7099
f 7115 3658 7103
f 7123 7111 3649
f 7102 3650 7841
f 7101 3659 7102
f 3659 7124 7104
f 7102 3659 7104
f 7102 7104 3650
f 7105 3650 7104
f 7105 3645 3650
f 7105 7103 3645
f 7117 7118 3654
f 3661 3657 3008
f 7076 3660 3554
f 7113 3625 7109
f 7104 7110 7105
f 7110 7103 7105
f 3659 7119 7124
f 7107 7119 3659
f 7111 7117 7106
f 7112 3656 7118
f 7126 7119 7107
f 7108 7126 7107
f 7126 7108 3660
f 3660 7076 7120
f 3662 7109 3638
f 7103 7116 7115
f 7103 7110 7116
f 7131 7110 7104
f 3662 7121 7109
f 3661 3008 3662
f 3008 3009 3662
f 7109 7121 7122
f 7076 7114 7120
f 7120 7114 7113
f 7122 7120 7113
f 7109 7122 7113
f 3649 7128 7123
f 7136 7115 7116
f 7135 7116 7110
f 7139 7111 7123
f 7139 7117 7111
f 7125 7132 7119
f 7125 7119 7126
f 3660 7120 7126
f 3662 7133 7121
f 7120 7122 7127
f 7122 7121 7127
f 7129 7135 7130
f 7135 7136 7116
f 7135 7146 7130
f 7137 7135 7110
f 7137 7146 7135
f 7110 7131 7137
f 7132 7124 7119
f 7140 7124 7132
f 7139 7149 7117
f 7118 7117 7149
f 7143 7126 7127
f 7127 7126 7120
f 3009 7133 3662
f 7135 7129 7136
f 7123 7128 7134
f 7118 7149 7112
f 7132 7125 7143
f 7143 7125 7126
f 7121 7144 7127
f 7133 3009 7210
f 7153 7128 3012
f 7129 7145 7136
f 7134 7156 7123
f 7141 7085 7088
f 7138 7141 7088
f 7138 7088 7168
f 7140 7138 7168
f 7141 7082 7085
f 7132 7138 7140
f 7138 7143 7141
f 7132 7143 7138
f 7162 7112 7149
f 7143 7127 7163
f 7121 7133 7144
f 7137 7165 7146
f 7167 7139 7123
f 7147 7137 7131
f 7148 7168 7088
f 7082 7141 7150
f 7141 7143 7150
f 7150 7142 7082
f 7127 7155 7163
f 7127 7164 7155
f 7127 7144 7164
f 7144 7133 7151
f 7151 7133 7210
f 7152 9917 7136
f 7129 7152 7145
f 7152 7136 7145
f 7134 7128 7153
f 7167 7123 7156
f 7137 7154 7165
f 7154 7137 7147
f 7091 7088 7087
f 7148 7088 7160
f 7091 7161 7088
f 7161 7160 7088
f 7180 7139 7167
f 7161 7091 7150
f 7143 7161 7150
f 7180 7149 7139
f 7091 7090 7150
f 7161 7143 7163
f 7144 7151 7171
f 7156 7187 7167
f 7165 7154 7157
f 7158 7157 7154
f 7148 7159 7168
f 7158 7154 7147
f 7148 7160 7159
f 7090 7091 7092
f 7149 7180 7170
f 7162 7149 7170
f 7161 7163 7169
f 7162 7170 7172
f 7165 7152 7129
f 9923 7187 7156
f 7134 9923 7156
f 7166 7165 7157
f 7166 7157 7158
f 7168 7159 7177
f 7094 7092 7091
f 7159 7160 7161
f 7174 7180 7167
f 7159 7161 7169
f 7169 7163 7155
f 7169 7155 7175
f 7155 7164 7175
f 7151 7170 7171
f 7170 7151 7172
f 7164 7144 7171
f 7172 7151 7210
f 7152 7165 7166
f 7173 7166 7158
f 7152 7166 7173
f 14592 7177 7159
f 7187 7174 7167
f 7191 7159 7169
f 7164 7171 7186
f 7178 7152 7173
f 7178 7176 7152
f 7181 7182 7095
f 7183 7177 14592
f 7173 7177 7183
f 7178 7173 7183
f 7183 7179 7178
f 7190 7191 7169
f 7169 7175 7190
f 9923 6122 7187
f 9924 7152 7176
f 7182 7097 7095
f 7191 14592 7159
f 7179 7183 7184
f 7184 7178 7179
f 7164 7185 7175
f 7185 7164 7186
f 10346 7180 7174
f 10346 7170 7180
f 6124 10172 7181
f 14592 7188 7183
f 10172 7182 7181
f 7189 14592 7191
f 7183 7188 7184
f 7188 7178 7184
f 7175 7185 7190
f 10177 7174 7187
f 7188 14592 7189
f 7182 10172 7097
f 10172 10331 7097
f 7191 7190 7185
f 7216 7185 7186
f 7194 1622 7197
f 1622 7196 7197
f 7192 7194 7195
f 7195 7193 7192
f 7079 7196 7114
f 7196 7198 7197
f 7200 7201 7197
f 7198 7209 7194
f 7194 7209 7195
f 7205 7193 7195
f 7079 7199 7196
f 7197 7198 7200
f 7198 7199 7200
f 7198 7202 7199
f 7201 7202 7198
f 7205 7195 7209
f 7079 7080 7199
f 7203 7199 7080
f 7203 7204 7200
f 7200 7199 7203
f 7201 7200 7204
f 7204 7202 7201
f 7202 7204 7205
f 7209 7202 7205
f 7080 7204 7203
f 4811 4812 7193
f 4812 8160 7193
f 7100 7208 7080
f 7208 7204 7080
f 7205 4811 7193
f 7208 7205 7204
f 7206 7208 7100
f 7207 7208 7206
f 7208 4812 7205
f 4812 4811 7205
f 1622 7114 7196
f 7198 7196 7209
f 7199 7202 7196
f 7196 7202 7209
f 7171 7212 7186
f 7170 7213 7171
f 7213 7212 7171
f 7211 7186 7212
f 7215 7212 7213
f 10346 7213 7170
f 7211 7212 7215
f 7207 7206 7215
f 7206 7214 7215
f 7214 7211 7215
f 10175 7214 7206
f 7186 7211 7216
f 7216 7214 10175
f 7211 7214 7216
f 7207 7215 10345
f 3982 4070 4077
f 7217 2282 7221
f 7217 7218 2282
f 7221 2282 2844
f 7218 7220 2280
f 2846 7221 2844
f 7219 7218 7217
f 7219 7217 7221
f 7218 7219 7220
f 5287 7220 7219
f 7221 2846 2861
f 7222 7219 7221
f 5287 7219 5290
f 7221 2861 7225
f 7222 7221 7225
f 7222 5290 7219
f 7222 7225 5290
f 7223 2861 2874
f 2861 7223 7225
f 7223 2461 7226
f 2461 7223 2871
f 2871 7223 2874
f 7225 7223 7224
f 7225 7228 5290
f 7224 7223 7226
f 7224 7228 7225
f 7227 5290 7228
f 7227 2997 5290
f 7224 7226 2464
f 7228 7224 2464
f 7229 7227 7228
f 7227 2877 2997
f 7230 7228 2464
f 2884 7227 7232
f 7229 7228 7230
f 7227 7229 7232
f 2466 7230 2464
f 7234 7229 7230
f 7231 2884 7232
f 2466 7234 7230
f 2759 7231 7233
f 7232 7233 7231
f 7233 7232 7234
f 7232 7229 7234
f 7235 7236 7237
f 7242 14755 7238
f 14755 14451 7238
f 7251 14755 7242
f 7242 7238 7243
f 7238 7239 7243
f 8221 13225 7239
f 7240 7242 7243
f 7243 7239 7241
f 7241 7239 13225
f 7240 7243 7241
f 7241 13225 7244
f 7240 7241 7244
f 7251 7242 7246
f 7242 7240 7244
f 7249 7245 7247
f 7246 7242 7244
f 7249 7247 7250
f 7245 7250 7247
f 7244 7248 7246
f 7254 7251 7246
f 7246 7252 7254
f 7244 13232 7253
f 7248 7252 7246
f 7248 7244 7253
f 7248 7253 7252
f 7252 7253 7255
f 7252 13373 7254
f 7254 13373 7258
f 13373 7252 7255
f 7256 7255 7253
f 7257 7258 7259
f 13373 7255 7256
f 7257 7259 7261
f 13244 7256 7253
f 7259 7258 7261
f 7260 7261 7258
f 7258 13373 7260
f 7260 13378 7261
f 13244 13262 7256
f 13373 7256 13262
f 9139 7272 7262
f 2257 7262 2258
f 7272 7263 7262
f 2258 7262 2266
f 7263 7274 7262
f 7262 7274 7267
f 7262 6465 2266
f 7265 7264 7266
f 7265 7267 7264
f 7267 7274 7264
f 7268 7267 7265
f 7262 7267 6465
f 7274 7269 7264
f 7264 7269 7266
f 7270 7267 7268
f 7274 6463 7269
f 7269 6464 6465
f 7269 6465 7270
f 7270 6465 7267
f 7271 7278 9139
f 9139 7278 7272
f 7279 4836 7274
f 7274 7273 7279
f 7273 7274 7263
f 4836 4837 7276
f 4836 7276 7274
f 7265 7266 7275
f 7265 7275 7268
f 7277 7275 7266
f 7269 7277 7266
f 7275 7277 7270
f 7268 7275 7270
f 7274 7276 6463
f 7277 7269 7270
f 7283 7263 7272
f 7276 6478 6463
f 7278 7271 7280
f 7282 7278 7280
f 7282 7272 7278
f 7282 7289 7272
f 7289 7283 7272
f 7279 7273 7284
f 7263 7284 7273
f 7263 7283 7284
f 6480 7276 4837
f 6480 6478 7276
f 7271 7281 7280
f 4838 4839 7280
f 7286 7280 4839
f 7286 7282 7280
f 1077 7279 7284
f 4839 9708 7286
f 7287 7282 7286
f 7282 7287 7289
f 7287 7288 7289
f 7288 7285 7289
f 7289 7285 7290
f 7293 7290 7285
f 7291 7283 7289
f 7292 4840 7291
f 7284 7291 4840
f 7283 7291 7284
f 4840 1077 7284
f 1360 7293 7285
f 7289 1357 7291
f 7290 1357 7289
f 7291 1357 7292
f 7290 7294 1357
f 7293 7294 7290
f 1076 7292 1358
f 1358 7292 1357
f 7308 7297 7295
f 7308 7298 7297
f 7298 7299 7296
f 7296 7299 9044
f 7309 7298 7308
f 7299 7298 7309
f 7300 7299 7309
f 7301 7299 7300
f 7303 9044 7299
f 7304 7299 7301
f 7303 7299 7304
f 7309 7302 7300
f 7302 11226 7300
f 9044 7303 6724
f 7305 7308 7295
f 7310 7302 7309
f 7306 11226 7302
f 11226 7306 7307
f 7303 7306 6724
f 7304 7306 7303
f 7307 7306 7304
f 7309 7308 10356
f 7310 6724 7306
f 7310 7306 7302
f 10356 7310 7309
f 6724 7311 6726
f 7310 7311 6724
f 5536 7308 7305
f 10356 7311 7310
f 5536 10356 7308
f 7311 10359 6726
f 7312 4339 7314
f 7314 7313 7312
f 7313 7314 7315
f 7314 4339 4342
f 7314 4342 7316
f 7315 7314 7317
f 7317 7314 3965
f 3965 7314 7316
f 7316 4347 3965
f 13355 7317 3965
f 9151 9149 4167
f 4167 9149 3985
f 7320 9151 4167
f 7321 7319 9151
f 7321 7318 7319
f 7321 9151 7320
f 7321 7320 8197
f 7322 7318 7321
f 8584 7321 8197
f 7322 7321 8584
f 13406 7323 13408
f 7326 7324 7325
f 7325 7332 7326
f 7327 7328 12157
f 7324 7332 7325
f 9241 7330 7329
f 7329 7330 14756
f 7327 7331 7328
f 14756 9241 7329
f 7336 7334 7335
f 7333 12458 13113
f 13116 7333 13113
f 7337 7335 7333
f 7336 7335 7337
f 7337 7333 13116
f 7340 7337 13116
f 7339 7336 7337
f 7337 7338 7339
f 7340 7338 7337
f 7538 7539 1757
f 1770 5700 7343
f 7343 5700 5699
f 7342 7343 5699
f 7342 7341 7539
f 7344 7342 7539
f 7344 7343 7342
f 7539 7555 7344
f 7350 7346 7345
f 7347 7557 7344
f 7349 7557 7346
f 7347 7344 7555
f 7348 7346 7350
f 7350 7345 7351
f 7348 7352 14757
f 7348 14757 7346
f 7348 7350 7353
f 7346 14757 7349
f 7354 14758 7555
f 7351 7345 14759
f 7356 7350 7351
f 7356 7353 7350
f 7357 14757 7352
f 7357 7349 14757
f 7355 7351 7359
f 7355 7356 7351
f 7359 7351 14759
f 7358 7353 7356
f 7358 7352 7348
f 7353 7358 7348
f 7355 7359 7356
f 7358 7356 7359
f 7357 7352 7360
f 7358 7360 7352
f 7359 7360 7358
f 7366 7362 11693
f 7362 7366 7363
f 7378 7372 7363
f 7374 7363 7366
f 7364 7370 7365
f 7371 7366 11693
f 7373 7372 7378
f 7374 7366 7375
f 7383 7376 14760
f 7376 7375 14760
f 7375 7366 14760
f 7383 7369 7368
f 7383 14760 7369
f 7368 7369 7367
f 7370 7364 7365
f 7367 7369 14761
f 7378 7363 7380
f 7379 12320 7374
f 7380 7374 12320
f 7380 7363 7374
f 7379 7374 7382
f 7379 7382 7381
f 7381 7383 10622
f 7381 7382 7383
f 7374 7375 7382
f 7383 7368 10622
f 7383 7382 7376
f 7382 7375 7376
f 7366 12421 14761
f 7385 3631 7386
f 7386 7389 7385
f 3631 3603 3602
f 3631 7385 7387
f 7389 7388 7385
f 7385 7390 7387
f 7390 7385 7388
f 3655 7386 3631
f 7387 3603 3631
f 7387 3657 3603
f 7386 7391 7389
f 3007 7388 7389
f 7387 3636 3657
f 3655 7391 7386
f 14692 3636 7387
f 7388 3007 7390
f 7389 7391 7392
f 7392 3007 7389
f 14692 7387 3006
f 14692 3006 3657
f 7391 3655 7392
f 3656 3006 3655
f 7392 3655 3006
f 3006 7387 7390
f 3008 3657 3006
f 3006 7390 3007
f 7399 1664 7394
f 7399 1662 1664
f 7398 1843 1837
f 1841 1843 7398
f 7398 7393 1841
f 1837 7395 7397
f 1837 7397 7398
f 7398 7396 7393
f 7393 7396 7394
f 7399 7394 7396
f 7399 1665 1662
f 7397 7406 7398
f 7395 7400 7397
f 7406 7409 7398
f 7409 7396 7398
f 7404 7402 7403
f 7402 7405 7403
f 7400 7406 7397
f 7407 7396 7409
f 7403 7407 7404
f 7403 7401 7407
f 7401 7396 7407
f 7405 7401 7403
f 7405 7408 7401
f 7408 7396 7401
f 7408 1670 7396
f 7402 7404 7410
f 7402 7410 7405
f 7404 7411 7410
f 7404 7407 7411
f 7407 7409 7411
f 7410 7408 7405
f 7410 7411 7408
f 7411 1670 7408
f 7409 7413 7412
f 7406 7400 7413
f 7413 7409 7406
f 7409 14573 7411
f 7411 14573 1670
f 14573 1671 1670
f 7409 7412 7415
f 7415 14573 7409
f 7400 7414 7413
f 7400 7416 7414
f 7420 7412 7417
f 7414 7417 7412
f 7412 7420 7415
f 28 14573 7419
f 7418 7423 7417
f 7417 7416 7418
f 7414 7416 7417
f 7420 7419 7415
f 27 7426 7420
f 28 7419 7420
f 14762 7422 7416
f 7418 7416 7423
f 7416 7422 7423
f 27 7420 7417
f 7420 7426 28
f 7417 14763 27
f 7424 25 7428
f 7423 7422 14762
f 27 14763 7426
f 28 7426 7427
f 7421 28 38
f 7421 38 1676
f 571 7429 569
f 571 570 7429
f 2146 2178 7430
f 2146 7430 2159
f 7430 2801 2159
f 7430 2178 7431
f 2801 7430 7431
f 2801 7431 2188
f 7432 2556 2558
f 7435 5660 5659
f 7434 7435 5659
f 7436 7435 7434
f 6024 7434 7433
f 7436 7434 7438
f 7435 7436 7438
f 7438 7437 7435
f 6024 7438 7434
f 8438 7438 6024
f 7439 7437 7438
f 7441 301 5974
f 7441 7440 3714
f 7442 301 7441
f 7442 7441 7443
f 7443 7441 3714
f 3713 7443 3714
f 5274 300 301
f 5274 301 7442
f 3713 7442 7443
f 7444 11953 7445
f 7445 7453 7444
f 7450 7446 7451
f 72 7448 7447
f 72 7447 7463
f 7447 7450 7449
f 7451 7449 7450
f 7452 7451 7446
f 7452 7446 9973
f 7463 7447 7449
f 7449 7451 7454
f 7454 7451 9973
f 7451 7452 9973
f 73 72 7463
f 7463 7449 10126
f 7449 7454 10126
f 7459 7457 7456
f 7458 7457 7460
f 7459 7460 7457
f 7455 7460 7459
f 7461 7465 7462
f 7457 7458 7464
f 7465 7461 7464
f 7464 7458 7465
f 7458 7466 7465
f 7466 7462 7465
f 73 7463 76
f 7467 7463 10126
f 75 73 76
f 76 7463 7467
f 79 7471 7468
f 7468 7471 7469
f 7469 7471 7473
f 7474 7478 76
f 7467 7474 76
f 7469 7473 7470
f 7472 7470 7473
f 7473 7476 7472
f 79 8329 7471
f 9673 7476 7473
f 7475 7471 8329
f 7473 9674 9673
f 9675 7476 9673
f 7471 7475 7477
f 7471 7477 7473
f 9674 7473 7477
f 7476 7474 7472
f 9675 7474 7476
f 7475 8332 7477
f 9676 7474 9675
f 7477 8332 76
f 7478 7477 76
f 9676 7478 7474
f 1677 7480 1678
f 14569 1676 38
f 1676 14569 7479
f 7479 7481 1677
f 7481 7482 1677
f 7482 7480 1677
f 7485 7479 14569
f 7479 7485 7481
f 7482 7486 7480
f 14569 44 7485
f 7485 44 7484
f 7483 7487 7485
f 7485 7487 7481
f 7481 7487 7482
f 7482 7490 7486
f 7484 7489 7485
f 7485 7489 7483
f 7487 7490 7482
f 7489 11864 7483
f 11864 7487 7483
f 7488 7492 7489
f 7490 10139 7486
f 7489 7492 11864
f 11864 11867 7487
f 7487 11866 7490
f 11867 11866 7487
f 7494 1857 7493
f 7494 7516 12063
f 7495 1857 7494
f 7496 7494 12063
f 7496 7495 7494
f 10407 7495 7496
f 7500 7499 7498
f 7498 7499 7501
f 7500 7502 7499
f 7499 7502 7501
f 7509 7497 9968
f 7497 9961 9968
f 71 7505 72
f 7503 7504 71
f 71 7504 7505
f 7504 7506 7505
f 7504 7712 7507
f 7500 7498 7506
f 7500 7506 7507
f 7507 7506 7504
f 7498 7501 7508
f 7498 7508 7506
f 7506 7508 7505
f 7502 7500 7507
f 7502 7507 7510
f 7510 7507 7712
f 7501 7502 7510
f 7501 7510 7508
f 7508 7510 7505
f 7505 7511 7512
f 7510 7712 7509
f 7510 7509 7505
f 7505 7509 7511
f 7511 9968 7512
f 7511 7509 9968
f 7513 7515 11942
f 7514 2552 11940
f 7517 7514 7515
f 7516 2552 7517
f 12061 7515 7513
f 12061 7513 10902
f 12061 7517 7515
f 12062 7517 12061
f 7534 7518 1765
f 7559 1729 3294
f 7534 1765 7519
f 7520 1765 7518
f 7559 7554 1729
f 7530 1756 1769
f 7538 1757 7521
f 7529 7528 1766
f 7522 7528 7519
f 1766 7528 7522
f 7519 1762 7522
f 1767 1761 7520
f 1762 1768 7522
f 7523 7522 1768
f 1768 1767 7523
f 1767 1769 7524
f 7525 1770 7343
f 7533 3295 1760
f 7533 1760 7536
f 7551 1760 1756
f 7520 7518 7552
f 7551 1756 7530
f 7528 7527 7519
f 7541 1767 7520
f 7535 7529 1766
f 7530 1769 1767
f 1767 7524 7531
f 7531 7524 6767
f 6767 7524 6753
f 3687 7559 3294
f 7546 7518 7534
f 7536 1760 7551
f 7542 7530 1767
f 7535 1766 7522
f 7542 1767 7541
f 7523 1767 7543
f 1767 7531 7543
f 1770 7525 7532
f 7518 7546 7564
f 7564 7552 7518
f 7546 7534 7519
f 7551 7530 7537
f 7547 7527 7528
f 7553 7520 7552
f 7547 7528 7529
f 7554 7538 7521
f 7541 7520 7553
f 7522 7556 7535
f 7542 7540 7530
f 7522 7523 7562
f 7532 7525 7549
f 7525 7343 7557
f 7543 7531 7545
f 7531 6767 7545
f 7527 7565 7519
f 7565 7546 7519
f 7539 7538 7554
f 7547 7529 9313
f 9313 7529 7535
f 7540 7541 7553
f 7540 7553 7537
f 7537 7530 7540
f 9313 7535 7548
f 7556 7548 7535
f 7542 7541 7540
f 7556 7522 7562
f 7549 7525 7557
f 7557 7343 7344
f 7562 7523 7544
f 7545 7523 7543
f 7545 7544 7523
f 6774 7550 6767
f 6774 6768 7549
f 7558 7533 7536
f 3688 7559 3687
f 7564 7536 7551
f 7552 7564 7551
f 7527 7547 7565
f 9313 7560 7547
f 7554 7555 7539
f 7559 7555 7554
f 6767 7563 7545
f 7550 7563 6767
f 7562 7544 7545
f 7568 7546 7565
f 7573 7536 7564
f 7552 7551 7566
f 7566 7551 7537
f 7575 7553 7552
f 7560 7548 7561
f 7561 7548 7556
f 7569 7556 7562
f 7549 7571 6774
f 7549 7557 7571
f 7571 7557 7349
f 7558 7536 7573
f 7568 7564 7546
f 3688 7558 7559
f 7553 7575 7537
f 7558 7567 7559
f 7547 7560 7561
f 7565 7547 7561
f 7565 7561 7556
f 7572 7559 7567
f 7555 7559 7572
f 7562 7570 7569
f 7562 7545 7563
f 7571 7563 7550
f 6774 7571 7550
f 7568 7577 7564
f 7577 7573 7564
f 7574 7568 7565
f 7575 7552 7566
f 7575 7566 7537
f 7581 7567 7558
f 7565 7556 7569
f 7570 7562 7580
f 7563 7580 7562
f 7573 7581 7558
f 7555 7572 7354
f 7570 7580 7569
f 7563 7571 7583
f 7583 7571 7584
f 7584 7571 7357
f 7349 7357 7571
f 14764 7577 7568
f 7576 14764 7568
f 7573 7577 7581
f 7565 7578 7574
f 7574 7578 7568
f 7579 14764 7576
f 7579 7577 14764
f 7577 7579 7581
f 7581 7582 7567
f 7567 7582 7572
f 7582 7354 7572
f 7578 7565 7569
f 7578 7576 7568
f 7582 7581 7583
f 7576 7578 7579
f 7579 7583 7581
f 7579 7578 7583
f 7582 7583 7584
f 7580 7578 7569
f 7580 7583 7578
f 7563 7583 7580
f 7360 7582 7584
f 7360 7584 7357
f 7582 7360 7354
f 7588 7586 7585
f 7589 7586 7587
f 7587 7586 7588
f 7587 7590 7589
f 7591 7590 7587
f 7592 7587 7588
f 11383 7590 7591
f 7592 7591 7587
f 7592 7588 8753
f 11383 7591 9161
f 9161 7591 9163
f 9163 7591 7592
f 7594 7595 7598
f 7594 7593 7595
f 7593 7596 7595
f 7596 5470 7595
f 7597 7595 5473
f 7595 5470 5473
f 7598 7595 7597
f 2349 7597 5473
f 2350 10087 7598
f 2350 7598 7597
f 2350 7597 2349
f 7605 4260 3762
f 1697 7604 3754
f 1687 1686 3764
f 1686 4256 3764
f 3762 3763 7605
f 3756 3763 3755
f 7616 3764 7600
f 7601 3756 3757
f 7602 7608 3766
f 3766 7603 3765
f 7613 3767 6523
f 1683 4260 7605
f 7611 7599 7621
f 7600 7599 7611
f 3752 7607 7602
f 3765 7607 3752
f 7607 3765 7603
f 7613 7606 3767
f 1697 7624 7604
f 7619 1687 3764
f 7619 3764 7616
f 7624 7599 7604
f 3756 7615 3763
f 7616 7600 7611
f 3756 7601 7615
f 7602 7622 7608
f 7602 7607 7622
f 7607 7603 7612
f 9116 3758 7609
f 1696 1683 7605
f 1697 1687 7619
f 7615 7605 3763
f 7624 7621 7599
f 7617 7614 2482
f 7616 7611 7621
f 2482 2480 7617
f 7601 7606 7633
f 7633 7606 7613
f 7648 9116 7609
f 7618 7617 2484
f 7630 7608 7622
f 7630 6543 7608
f 7613 6523 6544
f 7639 1696 7605
f 7619 7624 1697
f 7605 7615 7639
f 7620 2482 7614
f 7641 7619 7616
f 7617 7620 7614
f 7629 7615 7601
f 7618 7634 7617
f 7622 7607 7631
f 7607 7612 7631
f 7634 7618 2484
f 7631 7612 7650
f 7650 7612 6558
f 7625 2488 7620
f 7623 1696 7639
f 7635 7624 7619
f 7609 7655 7637
f 7626 7625 7620
f 7626 7620 7617
f 7639 7615 7629
f 7634 7626 7617
f 7621 7628 7616
f 7628 7641 7616
f 7637 7648 7609
f 7633 7629 7601
f 7630 7622 7629
f 7622 7631 7621
f 7628 7621 7631
f 7627 7643 7632
f 2485 7634 2484
f 6561 7632 7643
f 7633 7613 6544
f 6564 6543 7630
f 7645 7636 14574
f 7609 1716 7655
f 1706 7625 7655
f 1719 7625 1706
f 2488 7625 1719
f 7623 7639 7635
f 7635 7639 7640
f 7635 7640 7624
f 7626 7655 7625
f 7624 7640 7621
f 7638 7636 7653
f 7636 7645 7653
f 7627 7642 7653
f 7639 7629 7640
f 7629 7622 7640
f 7640 7622 7621
f 7642 7627 7632
f 7631 7673 7628
f 7626 7634 7644
f 7653 7643 7627
f 7633 7630 7629
f 2493 7644 7634
f 2485 2493 7634
f 6574 7632 6561
f 6544 6563 7633
f 6575 9116 7648
f 1739 1720 7636
f 7646 7619 7656
f 7649 7655 7626
f 7652 7647 2491
f 7653 7642 7638
f 7644 7649 7626
f 7647 7649 2493
f 7657 7643 7653
f 7673 7631 7650
f 7633 6563 7630
f 2493 7649 7644
f 6563 6550 7630
f 7630 6550 6564
f 7656 1693 7646
f 7660 1739 7636
f 7660 7636 7638
f 7655 7652 7651
f 7660 7653 7645
f 7649 7652 7655
f 7652 7649 7647
f 7658 7641 7628
f 7659 7638 7642
f 7668 7648 7637
f 7668 6575 7648
f 7657 7654 7643
f 7664 7650 6558
f 7660 7645 1738
f 7660 7657 7653
f 7656 7619 7641
f 1750 7668 7655
f 7660 7638 7659
f 7656 7641 7658
f 7668 7637 7655
f 7658 7628 7673
f 7659 7642 7632
f 7673 7650 7664
f 7659 7654 7657
f 7659 7632 6574
f 6574 7654 7659
f 7660 1738 1739
f 7660 7659 7657
f 7656 7658 7662
f 7662 7658 7673
f 6580 7664 6558
f 1750 7655 1727
f 7656 7681 7661
f 7681 7656 7662
f 7665 7666 7667
f 7666 7679 7667
f 7664 6580 7674
f 7681 7669 7661
f 6744 7668 1750
f 7671 7679 7663
f 6750 7663 7679
f 7670 7662 7673
f 6750 7672 7663
f 7671 7663 6749
f 7663 7672 6749
f 6751 7673 7664
f 7664 7674 6751
f 7680 6575 7675
f 6575 7668 7675
f 7524 7669 7681
f 7665 7676 7666
f 7677 7681 7662
f 7667 7679 7678
f 7676 7679 7666
f 7677 7662 7670
f 6745 7668 6744
f 7683 7679 7671
f 6758 6750 7679
f 6745 7675 7668
f 7675 7686 7680
f 7681 6753 7524
f 7532 6768 1750
f 6752 7676 7665
f 6753 7681 6754
f 6768 6744 1750
f 6752 7665 7667
f 7677 6754 7681
f 6758 7679 7676
f 7670 6747 6754
f 7677 7670 6754
f 7684 6745 6757
f 7671 6756 7683
f 7673 6747 7670
f 6745 7684 7675
f 6747 7673 6751
f 6750 6765 7672
f 7686 7675 7684
f 7674 6687 6751
f 5443 7687 5442
f 7688 7687 7694
f 7688 5442 7687
f 7694 7689 7688
f 7690 7691 7693
f 7691 7692 7693
f 7693 5460 5461
f 7778 7779 7692
f 728 7778 7692
f 7779 5460 7692
f 5460 7693 7692
f 7695 69 74
f 7694 7687 7696
f 7695 7709 69
f 7687 5443 7696
f 7696 5444 7695
f 69 7709 7503
f 5444 7710 7695
f 7694 7696 7695
f 7697 7695 7698
f 7695 74 7698
f 7694 7695 7697
f 7689 7721 7688
f 7689 7694 7699
f 7689 7700 7721
f 7699 7694 7697
f 7698 74 77
f 7699 7701 7689
f 7703 7700 7701
f 7701 7700 7689
f 7697 7698 7705
f 7702 7701 7699
f 7702 7699 7705
f 7699 7697 7705
f 7702 7704 7701
f 7701 7704 7703
f 7703 7704 7731
f 7702 7690 7704
f 7706 7731 7704
f 7690 7702 7691
f 7691 7702 7705
f 7705 7698 77
f 7690 7693 7704
f 7706 7704 7693
f 7693 7734 7706
f 7707 7691 7705
f 77 7707 7705
f 7734 7693 5461
f 7691 728 7692
f 729 728 7691
f 7707 729 7691
f 730 729 7707
f 7708 5490 7497
f 7708 7497 7509
f 7696 5443 5444
f 7695 7710 7709
f 7709 7711 7503
f 7709 7710 7711
f 7503 7711 7504
f 7711 7712 7504
f 7711 7713 7712
f 5444 7714 7710
f 7711 7710 7713
f 7714 5444 5445
f 7714 7715 7710
f 7710 7715 7713
f 7714 5445 7715
f 7713 7708 7712
f 7712 7708 7509
f 5445 7716 7715
f 7713 7715 7708
f 7716 3001 7715
f 3001 7717 7715
f 7715 7717 7708
f 7717 7718 7708
f 7719 7720 5444
f 7720 5445 5444
f 5446 5445 7720
f 5449 7720 7719
f 5450 7720 5449
f 5450 5446 7720
f 5448 7719 7723
f 7719 5448 5449
f 7700 7726 7721
f 7719 7688 7723
f 7688 7721 7723
f 7726 7723 7721
f 5448 7723 7727
f 5448 7727 5452
f 7728 5446 5450
f 7722 5446 7728
f 7724 7725 7722
f 7703 7726 7700
f 7726 7727 7723
f 7722 7728 7724
f 5453 7725 7724
f 7725 5453 5451
f 7703 7731 7726
f 7731 7729 7726
f 7730 7727 7729
f 7727 7726 7729
f 5452 7727 7730
f 7724 5454 5453
f 7730 7729 7732
f 7728 5456 5454
f 5454 7724 7728
f 7731 7733 7729
f 7731 7706 7733
f 7732 7729 7733
f 7730 5457 5455
f 7732 5457 7730
f 7734 7733 7706
f 5461 5457 7734
f 5457 7732 7734
f 7734 7732 7733
f 7736 7735 7737
f 7738 7739 7735
f 7735 7739 7737
f 7741 7738 8451
f 7738 7740 7739
f 7738 7741 7740
f 7802 737 738
f 256 739 8338
f 738 7742 7802
f 739 7742 738
f 257 739 256
f 7742 739 257
f 7744 257 258
f 7744 7743 7742
f 257 7744 7742
f 7752 7746 7745
f 7748 7743 7744
f 7751 7744 7747
f 7744 258 7747
f 7743 7750 7753
f 7743 7748 7750
f 7744 7751 7748
f 7752 7753 7749
f 7753 7750 7749
f 7749 7750 7748
f 7748 7746 7749
f 7745 3326 7752
f 7746 7752 7749
f 7751 7747 263
f 7753 7755 7743
f 7752 7755 7753
f 262 7748 7751
f 7746 7748 262
f 7755 7752 3326
f 7746 262 3325
f 263 262 7751
f 263 259 262
f 7756 7758 7755
f 7756 7755 7757
f 7755 3326 7757
f 7760 7757 3328
f 3327 7757 3326
f 7757 3327 3328
f 7760 3328 3336
f 7760 7759 7757
f 7759 7756 7757
f 3336 7761 7760
f 7759 7760 7763
f 7763 7760 7766
f 7762 7758 7756
f 6625 7756 7759
f 7766 7760 7761
f 7766 7761 3336
f 3340 269 7764
f 269 7765 7764
f 270 269 3340
f 7766 3336 3347
f 3340 7764 3339
f 7764 7765 7767
f 7767 7765 269
f 3340 274 270
f 7768 3339 7764
f 7768 7764 7767
f 275 7768 7767
f 6627 7756 6625
f 7759 7763 1241
f 1241 7763 7766
f 3352 7766 3347
f 6627 7762 7756
f 6720 275 6718
f 6618 7768 275
f 6618 275 6720
f 6625 7759 1241
f 1241 7766 6617
f 7768 6618 6624
f 6617 7766 3352
f 6624 3350 7768
f 7771 7769 7776
f 7770 7771 7776
f 7771 7772 7769
f 7770 7773 7771
f 7772 7771 7777
f 7774 7777 7771
f 7771 7773 7774
f 7776 7769 7772
f 7774 7773 7777
f 7780 5460 7779
f 7778 728 733
f 7779 7782 7780
f 7778 7781 7779
f 7781 7778 733
f 7781 7782 7779
f 7781 733 737
f 7783 7782 7781
f 7781 7802 7783
f 7802 7781 737
f 2839 7782 7783
f 7802 7803 7783
f 7803 2839 7783
f 7803 1095 2839
f 7788 7784 7785
f 7788 7787 7784
f 7789 7788 7785
f 7789 7785 7791
f 7791 7785 13077
f 7788 7789 7790
f 7788 7790 7792
f 7794 7790 7789
f 7794 7789 7791
f 7796 7794 7791
f 7793 7795 7790
f 7795 7792 7790
f 7794 7793 7790
f 12887 7792 7795
f 11135 7795 7793
f 11135 7793 7794
f 7798 5428 5438
f 7798 5438 7797
f 7798 7799 5428
f 7800 7798 7797
f 7798 7801 7799
f 7801 7798 7800
f 7800 5435 7801
f 7800 10123 10122
f 10123 7800 7797
f 5435 7800 9563
f 7802 7742 7803
f 7743 7804 7803
f 7742 7743 7803
f 7805 1095 7803
f 7804 7805 7803
f 7804 7743 7805
f 14765 7758 7754
f 14765 7755 7758
f 7806 7805 14766
f 14767 14768 7806
f 14768 7807 7806
f 7806 7808 7805
f 14768 6813 7807
f 6813 7758 7762
f 7807 7808 7806
f 6815 7807 6813
f 6815 7808 7807
f 7809 3953 6643
f 3559 1310 7821
f 7813 7811 7810
f 3568 7810 3557
f 7823 7812 5541
f 3953 7809 3954
f 3954 7809 3523
f 3523 7809 3566
f 7809 6644 3566
f 6644 3567 3566
f 7813 7810 3575
f 3568 3575 7810
f 7817 7812 7823
f 7812 7817 7821
f 3956 3523 3566
f 7814 3956 7815
f 7815 3572 7818
f 7818 3572 7813
f 7818 7813 7816
f 3582 3559 7821
f 3956 3566 7815
f 7815 3566 3572
f 3575 7816 7813
f 7815 7818 3581
f 7816 3583 7818
f 7818 3583 3581
f 7816 3575 3583
f 3959 3955 7814
f 7824 7814 7815
f 7817 7819 7821
f 7817 7823 7819
f 7820 3583 7828
f 3606 3581 3584
f 7820 7822 3597
f 7820 3597 3583
f 7828 3583 3591
f 7823 5541 5543
f 7823 7825 7819
f 7822 7820 7827
f 7827 7820 7828
f 7821 7819 7832
f 7825 7832 7819
f 7815 3581 7824
f 7824 3581 3606
f 7827 3597 7822
f 7831 3582 7821
f 3959 7814 3958
f 7814 7824 3958
f 14769 14770 7826
f 7826 14770 5544
f 7827 7828 7829
f 7826 5544 14769
f 7831 7821 7832
f 3591 7833 7828
f 14769 5544 14770
f 3958 7824 7834
f 7825 7830 7832
f 7838 7827 7829
f 7834 7824 3606
f 3639 3597 7827
f 7825 5545 7830
f 7829 7828 7836
f 7836 7828 3626
f 3626 7828 7833
f 7830 7831 7832
f 3633 7834 3606
f 5551 7830 5545
f 7835 7831 7830
f 3639 7827 7838
f 7834 7840 3958
f 5551 7835 7830
f 5551 7839 7835
f 7841 7838 7829
f 7836 3626 3658
f 7111 7831 7835
f 7837 7840 7834
f 9907 7837 7834
f 7834 3648 9907
f 3649 7111 7835
f 3958 9906 3962
f 7841 7829 9911
f 7829 7836 9911
f 9909 7835 7839
f 9909 3649 7835
f 7101 9907 3648
f 7842 7843 4931
f 7845 7842 4931
f 7844 4931 4884
f 4931 7843 4934
f 7843 4933 4934
f 7843 4932 4933
f 7843 7842 4932
f 7845 7846 7842
f 7846 7867 7842
f 7844 7845 4931
f 7846 7851 7867
f 7851 7850 7867
f 7846 7847 7851
f 7851 7848 7850
f 7848 7849 7850
f 7849 4936 4937
f 7847 7853 7851
f 7848 7851 7853
f 7847 7852 7853
f 7853 7854 7848
f 7852 8141 7854
f 7848 7854 4943
f 7848 4943 4936
f 7849 7848 4936
f 7853 7852 7854
f 7858 7857 7856
f 7855 7859 7857
f 7857 7859 7856
f 7857 7858 8144
f 8144 7858 7860
f 7860 7858 4912
f 7858 7861 4912
f 7862 8461 7859
f 7863 7864 7865
f 7863 7866 7864
f 7864 7866 7865
f 7933 4981 4932
f 7867 7933 7842
f 7850 7849 7867
f 7849 7933 7867
f 7849 4937 7933
f 7868 7871 7869
f 7869 7871 7872
f 7856 7868 7858
f 7868 7869 7858
f 7859 7873 7856
f 7856 7873 7868
f 7871 7868 7873
f 7870 7869 7872
f 7859 8559 7873
f 7873 8560 7871
f 7871 1596 7872
f 8461 8559 7859
f 8562 7871 8560
f 8562 1596 7871
f 12451 7874 7875
f 7876 10517 12450
f 7877 10517 7874
f 7877 7874 12451
f 7877 12450 10517
f 7879 12451 7875
f 12455 7877 12451
f 7879 7875 7878
f 4286 7880 8978
f 4286 7881 7880
f 4286 2068 7881
f 7881 2068 7882
f 7883 7884 7885
f 7883 7886 7884
f 7888 7889 7887
f 7888 7887 7881
f 7881 7882 7890
f 7888 7881 7890
f 7892 7890 7882
f 7892 7882 7891
f 7882 2068 7891
f 7885 7884 7893
f 7884 7886 7893
f 7880 7881 7899
f 7881 7887 7899
f 7887 7912 7899
f 7889 7894 7895
f 7889 7895 7887
f 7887 7895 7912
f 7894 7896 7891
f 7895 7894 7891
f 7896 7892 7891
f 7895 7891 7912
f 7880 7906 8978
f 7885 7906 7883
f 7885 7907 7906
f 8978 7906 7907
f 7883 7908 7886
f 7883 7906 7908
f 7906 7880 7908
f 7888 7909 7889
f 7890 7909 7888
f 7910 7909 7890
f 7890 7892 7910
f 8978 7907 8984
f 7893 7907 7885
f 7893 7911 7907
f 7911 8984 7907
f 7886 7911 7893
f 7886 7908 7911
f 7908 7880 7911
f 7909 7894 7889
f 7910 7894 7909
f 7896 7894 7910
f 7910 7892 7896
f 8984 7911 7898
f 7911 7880 7898
f 7880 7899 7898
f 7912 7891 2068
f 7897 7898 7899
f 7912 7900 7899
f 7898 7897 8988
f 7899 7900 7902
f 7912 7901 7900
f 7902 7897 7899
f 7900 7903 7902
f 7901 7903 7900
f 7897 7904 8988
f 7903 7905 7902
f 7904 7897 9488
f 7897 7902 9488
f 7901 7905 7903
f 7902 7905 9488
f 7901 9487 7905
f 10788 7913 10789
f 7914 9707 7918
f 7915 7914 7918
f 7919 7915 7916
f 7916 7915 7920
f 7920 7915 7918
f 7917 1079 7918
f 1079 7917 7920
f 7920 7917 7919
f 1079 7920 7918
f 7921 7919 7916
f 7921 7916 9070
f 7921 1082 7919
f 1082 7920 7919
f 7920 1362 7916
f 9074 7922 7921
f 7924 7925 7923
f 7922 7925 7924
f 7924 7921 7922
f 7924 1082 7921
f 7926 1082 7924
f 7923 7931 7924
f 7931 7926 7924
f 7928 7929 7923
f 5871 7929 7928
f 7930 7923 7929
f 7931 7923 7930
f 14729 7926 7931
f 7927 11095 5874
f 7927 5874 7928
f 5874 5871 7928
f 7929 5871 5879
f 7930 7929 5879
f 5881 7931 7930
f 5875 7932 5882
f 5875 5876 7932
f 5881 14730 7931
f 5882 7932 5878
f 7932 5873 5878
f 5873 7932 5872
f 14729 1089 7926
f 7842 7933 4932
f 4982 4981 7933
f 7933 4937 4982
f 4937 4939 4982
f 7869 7870 7934
f 7869 7934 7858
f 7858 7934 7861
f 7870 7935 7934
f 7934 7935 4948
f 4948 7935 4947
f 7935 7942 4947
f 7870 7872 7936
f 7936 7935 7870
f 1596 7936 7872
f 7946 7936 1599
f 7938 4988 7940
f 1595 7937 1598
f 7937 4957 1598
f 1599 7936 1596
f 4957 4956 1598
f 4956 4952 1598
f 1598 4952 1602
f 1601 7946 1599
f 7938 1602 4952
f 7940 7939 1602
f 7938 7940 1602
f 7939 7946 1601
f 7935 7936 7941
f 7935 7941 7942
f 7946 7941 7936
f 4988 7942 7944
f 7946 7945 7941
f 7944 7942 7945
f 7942 7941 7945
f 7944 7943 4988
f 7939 7944 7945
f 4988 7943 7940
f 7939 7940 7943
f 7939 7943 7944
f 7945 7947 7939
f 7946 7947 7945
f 7939 7947 7946
f 7950 4954 7949
f 7957 7958 7950
f 7958 7951 7950
f 4956 4955 7951
f 7951 4958 4956
f 4958 7951 7958
f 7952 7953 4961
f 4961 7953 7955
f 7953 7954 7955
f 7955 7954 7961
f 5503 7955 5504
f 5504 7955 7961
f 7950 7948 8481
f 8481 7957 7950
f 7957 7963 7958
f 7958 7963 7952
f 4958 7958 7952
f 7953 7952 7960
f 7953 7960 7961
f 7952 7963 7959
f 7952 7959 7960
f 7960 5503 7961
f 7961 5503 5504
f 5502 5503 7959
f 7959 5503 7960
f 7962 8485 1605
f 8481 8485 7957
f 14771 14772 7956
f 1605 1610 7962
f 7962 1610 7964
f 8485 7962 7963
f 7962 7964 7963
f 7963 7964 7965
f 7968 7965 7964
f 7963 7965 7959
f 1611 7994 7968
f 7968 7959 7965
f 5507 5502 7959
f 7959 7968 5507
f 7968 7993 5507
f 7968 7994 7993
f 1609 7971 1610
f 7967 1610 7971
f 7967 7964 1610
f 7964 7967 7968
f 7970 1612 1615
f 7970 7971 1609
f 7972 7968 7967
f 7969 7968 7972
f 7972 1614 7969
f 1614 1611 7969
f 1614 7972 7973
f 4977 7984 7976
f 7984 4977 7978
f 7985 4974 7977
f 4978 7978 4977
f 7985 7978 4978
f 7979 7980 8150
f 7979 8026 7980
f 7976 760 7974
f 7976 7984 760
f 7977 5501 7981
f 7982 7975 7974
f 7975 7976 7974
f 7985 7977 7981
f 7985 7981 5505
f 7983 7984 7986
f 7984 7978 7986
f 7978 7985 7986
f 760 7982 7974
f 7982 760 7983
f 7984 7983 760
f 7982 7983 8154
f 7986 8154 7983
f 5505 7986 7985
f 5508 7986 5505
f 8154 7986 7988
f 7986 7987 7988
f 7986 5508 7987
f 7987 5508 7990
f 7988 7991 8155
f 7988 7987 7991
f 7987 7990 7989
f 7990 7992 7989
f 7979 7991 8026
f 7987 7989 7991
f 5513 3387 7990
f 7989 7992 7991
f 7990 3387 7992
f 7994 7995 7993
f 7996 6941 7999
f 6937 7999 6941
f 7997 7993 7995
f 6938 7999 6937
f 6945 7999 6938
f 5511 5515 5512
f 8002 6943 6941
f 8001 7995 7994
f 7998 14773 8000
f 7996 8002 6941
f 7997 7995 8001
f 8000 14773 7998
f 14774 7999 6945
f 5511 5512 7997
f 5511 7997 8005
f 2439 5515 5511
f 8001 8003 7997
f 8002 14774 8004
f 6944 8002 8004
f 6945 8004 14774
f 6944 8004 6945
f 8005 2439 5511
f 8003 8001 1616
f 8005 7997 8003
f 8007 2439 8005
f 1616 7973 8003
f 8003 7973 8006
f 8005 8003 8006
f 8007 8005 8006
f 8007 8006 2439
f 8006 2451 2439
f 5518 2451 8006
f 8026 8016 5089
f 5089 8016 5084
f 5096 8017 3366
f 8018 5098 8019
f 5098 8008 8019
f 8018 5092 5098
f 8009 5091 8010
f 8020 5101 8009
f 5100 8010 5091
f 8010 5100 3375
f 3375 5100 3377
f 3377 5100 8011
f 8021 14712 5078
f 8011 5100 8023
f 5078 8012 8021
f 5094 8013 14711
f 8013 8023 14711
f 5153 3381 8024
f 8014 5087 8015
f 8017 5096 8016
f 3393 8010 8017
f 8017 8010 3366
f 3366 8010 3375
f 8020 8009 8031
f 8009 8010 8031
f 8019 8008 5099
f 8019 5099 14712
f 5092 8021 8012
f 8022 5101 8020
f 8020 8031 8022
f 8031 8013 8022
f 8011 8023 8013
f 8014 8015 9302
f 8032 935 8024
f 7991 7992 8026
f 8028 7992 8025
f 7992 3387 8025
f 3387 8027 8025
f 7992 8028 8026
f 8016 8028 8025
f 8016 8026 8028
f 8025 8027 8016
f 3387 3384 8027
f 8017 8016 8027
f 8017 8027 3393
f 8027 3384 3393
f 8018 8019 8029
f 8019 8030 8029
f 3393 8031 8010
f 5092 8018 8029
f 3393 8011 8031
f 8021 5092 8029
f 8030 8021 8029
f 14712 8021 8030
f 8030 8019 14712
f 8031 8011 8013
f 3381 3389 8024
f 8024 3389 8032
f 8034 8050 8033
f 8037 8036 8035
f 8036 8044 8035
f 8045 8038 8039
f 8038 8040 8039
f 8041 8042 8043
f 8042 8041 8037
f 8042 8037 8043
f 8043 8037 8035
f 8047 8046 8045
f 8047 8045 8039
f 8039 8040 8047
f 8035 8049 8043
f 8045 8046 8048
f 8046 8047 8048
f 8044 12971 8035
f 8044 8051 12971
f 8035 12971 8049
f 8051 8044 12969
f 8056 8052 8057
f 8056 8053 8052
f 8058 8052 8053
f 8060 8054 9411
f 8060 8056 8057
f 8052 8061 8057
f 8061 8052 8058
f 8062 8054 8091
f 8091 8054 8092
f 8054 8060 8092
f 8064 8066 8065
f 8066 8067 8065
f 8069 8099 8068
f 8100 8063 8096
f 8084 8064 8065
f 8070 8071 8065
f 8067 8070 8065
f 8072 8074 8073
f 8072 8069 8068
f 8072 8068 8074
f 8068 8099 8074
f 8065 8071 8084
f 8075 8076 8077
f 8085 8076 8078
f 8077 8076 8085
f 8076 8079 8078
f 8079 8080 8078
f 8082 8085 8078
f 8055 8082 8080
f 8082 8078 8080
f 8080 8083 8055
f 8085 8082 8086
f 8083 8082 8055
f 8083 8086 8082
f 8102 10471 8084
f 9409 8088 8089
f 8059 8061 8058
f 8061 8059 8090
f 8059 8094 8090
f 9409 8094 8059
f 9409 8089 8094
f 8057 8061 8060
f 8091 8092 8095
f 8060 8090 8092
f 8061 8090 8060
f 8090 8094 8093
f 8089 8097 8094
f 8092 8063 8095
f 8092 8090 8063
f 8090 8093 8096
f 8090 8096 8063
f 8093 8064 8096
f 8093 8094 8064
f 8094 8097 8064
f 8097 8099 8098
f 8096 8064 8100
f 8066 8064 8097
f 8066 8101 8067
f 8066 8097 8101
f 8069 8098 8099
f 8069 8101 8098
f 8101 8097 8098
f 8073 8101 8072
f 8073 8071 8101
f 8067 8101 8070
f 8070 8101 8071
f 8101 8069 8072
f 8074 8071 8073
f 8077 8085 8075
f 8071 8102 8084
f 8087 8102 8071
f 8071 8074 8087
f 8081 8087 8074
f 8105 6420 8104
f 2457 8103 10339
f 2457 8195 8103
f 6420 8105 6034
f 8106 8195 2457
f 6036 6034 8105
f 8108 8105 8106
f 8108 6036 8105
f 8108 8106 2457
f 8107 6036 8108
f 8108 2457 2459
f 8414 8416 2459
f 8416 8108 2459
f 8416 8107 8108
f 8110 8111 8109
f 8109 11780 8110
f 8110 8113 8111
f 8113 8110 8112
f 8115 8113 8112
f 8114 8112 14593
f 8115 8116 8113
f 8114 8115 8112
f 8892 8116 8115
f 11790 8115 8114
f 8892 8897 8116
f 11790 8892 8115
f 8893 8892 11790
f 8118 8120 8015
f 8118 943 947
f 8123 483 8119
f 4786 8015 8120
f 4788 8120 8121
f 8118 8121 8120
f 935 8125 8117
f 8125 937 8117
f 8125 8122 937
f 8124 8118 947
f 8123 8119 8122
f 8122 5561 8123
f 8124 947 949
f 8123 5560 6030
f 8123 5561 5560
f 949 947 6031
f 935 8032 8125
f 8125 5567 8122
f 8124 8121 8118
f 5567 5561 8122
f 8123 6030 483
f 3389 5564 8032
f 8032 5564 8125
f 5564 5567 8125
f 8121 8124 4789
f 949 4789 8124
f 8127 8129 8126
f 8128 8127 8126
f 8127 8128 8129
f 8130 10802 3080
f 8130 8133 10801
f 8130 8134 8133
f 8134 8130 3080
f 8135 8132 8131
f 8136 8134 3080
f 8134 8131 8133
f 13111 8135 8131
f 13111 8131 8134
f 7845 7844 8138
f 4884 8138 7844
f 8138 7846 7845
f 8140 6417 8137
f 6417 8140 1868
f 4890 8138 4884
f 7846 8138 7847
f 7847 8138 8139
f 8139 8138 4890
f 8140 8142 1868
f 1871 8140 8137
f 8141 8139 4890
f 7847 8139 7852
f 8141 7852 8139
f 8142 8140 1871
f 4901 1868 8142
f 8143 8142 1871
f 8143 4901 8142
f 1876 8149 7855
f 8149 7859 7855
f 1876 7855 8145
f 7855 8144 8145
f 7855 7857 8144
f 8145 8144 8146
f 8145 8146 8147
f 8144 7860 8148
f 8144 8148 8146
f 4916 8146 8148
f 8148 4911 4916
f 8148 7860 4911
f 7860 4912 4911
f 1876 1880 8149
f 8149 7862 7859
f 8147 1876 8145
f 8147 1878 1876
f 8146 4916 8147
f 8147 4916 1878
f 7862 8149 8459
f 1071 8149 1880
f 1072 1071 1880
f 8149 1071 8459
f 8153 7979 7023
f 7023 7979 8150
f 8150 7980 8151
f 7975 7982 8152
f 8152 8155 8153
f 8155 7979 8153
f 7023 8150 6434
f 8150 8151 6434
f 7982 8154 8152
f 8155 8152 8154
f 7988 8155 8154
f 8155 7991 7979
f 3491 8158 637
f 8156 8157 649
f 8158 8156 637
f 3665 8158 3491
f 8158 8157 8156
f 3673 8158 3665
f 8158 660 8157
f 8159 8158 3673
f 8159 666 8158
f 666 660 8158
f 8161 666 8159
f 4810 8159 3673
f 7193 8160 3673
f 8160 4810 3673
f 4810 8161 8159
f 8162 8189 8188
f 8163 8166 3791
f 8162 8188 8166
f 3791 8166 8188
f 8165 8162 8170
f 8165 8189 8162
f 8170 8162 8166
f 3793 3816 8163
f 8164 8165 8169
f 8164 8189 8165
f 3793 3798 3816
f 8163 8167 8166
f 8169 8165 8168
f 3816 8167 8163
f 8168 8165 8170
f 8168 8172 8169
f 8172 8164 8169
f 8171 8168 8170
f 8174 8189 8164
f 8167 3835 8166
f 8166 3835 8170
f 8171 8172 8168
f 8174 8164 8173
f 8164 8172 8173
f 8175 8172 8171
f 8175 8171 8170
f 3835 8175 8170
f 3835 3830 8173
f 8173 3830 3817
f 3817 8174 8173
f 8172 8175 8173
f 8175 3835 8173
f 3845 3855 3982
f 3982 3846 3845
f 3982 3855 3980
f 3859 3980 3855
f 8178 12261 8177
f 8179 12261 11946
f 8179 8177 12261
f 8180 8178 8177
f 8181 8177 8179
f 8181 8180 8177
f 8182 8180 8181
f 8184 8181 8179
f 8186 8180 8182
f 8184 8179 11948
f 8187 8186 8182
f 8183 8182 8181
f 8183 8181 8184
f 8182 8183 8187
f 8185 8183 8184
f 11951 8185 8184
f 11486 11490 8186
f 11486 8186 8187
f 8174 8188 8189
f 3817 8188 8174
f 4077 3846 3982
f 8192 8191 8190
f 1541 1771 8192
f 1771 8191 8192
f 1772 8191 1771
f 1435 8191 1772
f 10345 7208 7207
f 4812 7208 8196
f 6418 4812 8196
f 10345 10349 7208
f 10349 8195 7208
f 8195 8194 7208
f 8194 8196 7208
f 10349 10353 8195
f 8104 6420 8196
f 8195 8105 8194
f 8105 8196 8194
f 10353 8103 8195
f 8106 8105 8195
f 8105 8104 8196
f 8199 8197 4171
f 8199 4171 8198
f 8198 4172 4220
f 8200 8197 8199
f 1237 8198 4220
f 8199 8198 1237
f 1237 8201 8199
f 8202 8200 8199
f 8203 8200 6904
f 6904 8200 8202
f 8202 8199 8201
f 8202 8201 1240
f 8202 1240 6905
f 7010 8203 6904
f 6904 8202 6906
f 6906 8202 6905
f 8206 8204 8205
f 8207 5807 8206
f 8206 8205 9296
f 10725 8207 8206
f 10728 10725 8206
f 10728 8206 9299
f 8209 8208 8211
f 8593 8211 4795
f 8210 8209 8211
f 8766 8210 8211
f 8766 8211 8212
f 8765 8210 8766
f 8216 8213 11243
f 8216 8215 8213
f 8217 8214 8215
f 10790 8217 8215
f 10790 8215 8216
f 10791 8216 11244
f 10792 8217 10790
f 8222 13225 8218
f 8218 8219 8223
f 8219 8220 8223
f 8218 13225 8221
f 8222 8218 8223
f 8223 8220 8224
f 8220 13202 8224
f 599 2054 2055
f 601 2054 599
f 601 1961 2054
f 8857 8230 8225
f 8243 8226 8231
f 8243 8232 8226
f 8232 8229 8226
f 8229 6228 8227
f 8230 8234 8225
f 8225 8234 8228
f 8235 8857 8233
f 8857 8235 8230
f 8231 8228 8234
f 8226 8228 8231
f 8242 6228 8229
f 8232 8242 8229
f 8236 8231 8234
f 2042 8235 8233
f 8230 8235 8238
f 8230 8238 8234
f 8234 8239 8236
f 8239 8234 8238
f 8244 8232 8243
f 8242 8232 8244
f 6228 8242 6232
f 8236 8243 8231
f 8241 8236 8239
f 8240 8239 8238
f 8237 8239 8240
f 8241 8237 8245
f 8239 8237 8241
f 8246 8237 8240
f 8245 8237 8246
f 8250 8235 2042
f 8235 8250 8238
f 8243 8236 8241
f 8241 8244 8243
f 8241 8245 8244
f 8248 8245 8246
f 8245 8248 8244
f 8244 8248 8242
f 8249 8238 8250
f 8247 8240 8238
f 8246 8240 8247
f 6232 8242 8248
f 8233 2044 2042
f 8257 8248 8246
f 2044 8250 2042
f 8249 8247 8238
f 6232 8248 8257
f 8251 8249 8250
f 8252 8247 8249
f 8257 8246 8247
f 8249 8251 8254
f 8249 8254 8252
f 8257 6236 6232
f 8256 8250 2044
f 8253 2053 8254
f 2053 8255 8254
f 8255 1894 8254
f 8254 1894 8252
f 8252 1894 8247
f 8247 1894 8257
f 8250 8256 2051
f 2051 1889 8250
f 8250 1889 8251
f 2051 8253 1889
f 8254 1889 8253
f 1889 8254 8251
f 1892 8255 1899
f 1894 8255 1892
f 2053 2054 8255
f 1894 1898 8257
f 1893 318 8257
f 8255 2054 1900
f 1898 1893 8257
f 11706 8258 6917
f 8258 11706 11708
f 8261 8259 8260
f 8260 8258 8262
f 8260 8262 8261
f 8262 11708 11712
f 8258 11708 8262
f 8262 11712 8263
f 8267 8261 8262
f 8262 8263 8265
f 8266 8264 8267
f 8267 8264 8261
f 8265 8267 8262
f 11719 8268 8263
f 8263 8268 8265
f 10024 8266 8267
f 10025 10024 8265
f 10024 8267 8265
f 10025 8265 8268
f 8270 8282 8269
f 8271 8272 3472
f 8274 8273 8275
f 8271 3483 8272
f 3483 8271 8274
f 8273 8274 8271
f 8277 8274 8290
f 8274 8275 8290
f 8099 8291 8074
f 8276 8291 8099
f 8279 8291 8276
f 8279 8278 8284
f 8280 8278 8290
f 8291 8081 8074
f 8278 8280 8284
f 8275 8282 8290
f 8284 8280 8285
f 8290 8282 8280
f 8292 8286 8081
f 8293 8286 8292
f 8293 8292 8281
f 8283 8284 8285
f 8280 8282 8270
f 8081 8286 8087
f 8283 8293 8281
f 11101 8280 8270
f 8088 3487 8089
f 8287 3481 3482
f 8287 3488 3481
f 3482 3483 8287
f 3487 3488 8089
f 3488 8287 8288
f 3488 8288 8089
f 8277 8287 3483
f 3483 8274 8277
f 8287 8289 8288
f 8277 8289 8287
f 8089 8288 8097
f 8277 8290 8289
f 8097 8288 8099
f 8099 8289 8276
f 8099 8288 8289
f 8276 8289 8279
f 8279 8289 8278
f 8290 8278 8289
f 8281 8291 8284
f 8291 8279 8284
f 8291 8292 8081
f 8292 8291 8281
f 8281 8284 8283
f 8298 8300 8299
f 8300 8296 8295
f 8296 8301 11095
f 8301 14728 11095
f 8305 8297 9787
f 8305 8307 8297
f 8297 8307 8294
f 8294 8302 7610
f 8302 8307 8298
f 7610 8302 8299
f 8302 8298 8299
f 8304 8296 8300
f 8304 8303 8296
f 5887 8301 8296
f 5884 8296 8303
f 5887 8296 5884
f 8294 8307 8302
f 8308 8300 8298
f 8304 8300 8308
f 8301 5887 14728
f 8305 8306 8307
f 8307 8308 8298
f 8308 8303 8304
f 5892 5884 8303
f 8306 8308 8307
f 5890 5892 8303
f 9795 8308 8306
f 8308 5890 8303
f 9795 8306 8305
f 9795 8310 8308
f 8314 5890 8308
f 8309 8310 9795
f 8310 8314 8308
f 8311 8309 9795
f 8311 8310 8309
f 8314 5899 5890
f 14744 8314 8310
f 6738 5899 8314
f 9306 14746 9795
f 14745 8311 9795
f 6731 8312 8313
f 7682 8312 6731
f 6746 8312 7682
f 8311 14744 8310
f 6748 8313 6746
f 8313 8312 6746
f 7685 8313 6748
f 6729 8313 8315
f 8313 7685 8315
f 6737 6738 8314
f 8318 8319 9432
f 8318 9432 9433
f 8316 9434 9435
f 8318 9433 9434
f 8318 9434 8317
f 8316 8317 9434
f 8318 8317 8320
f 8316 8320 8317
f 8321 8319 8318
f 8321 5849 8319
f 8318 8320 8321
f 8320 8316 5370
f 8320 5372 8321
f 5374 5849 5371
f 8321 5371 5849
f 5371 8321 8322
f 8322 8321 5372
f 5372 8320 11996
f 11996 8320 5370
f 8326 8324 2764
f 8325 8327 2763
f 6837 8325 2763
f 8326 1930 8324
f 8327 8326 8323
f 2056 8325 6837
f 8327 8325 2056
f 2058 8326 8327
f 2058 1930 8326
f 2059 2056 6836
f 2060 2058 8327
f 2060 8327 2056
f 2057 1930 2058
f 8328 8329 78
f 7707 80 8330
f 8328 9678 8329
f 730 7707 8331
f 8331 7707 8330
f 8330 80 8332
f 731 730 8331
f 8333 8330 8334
f 8335 8331 8330
f 8334 8330 8332
f 736 731 8331
f 8333 8335 8330
f 736 8331 8335
f 8335 8333 8336
f 8334 8332 8337
f 8333 8334 8336
f 736 8335 8338
f 8336 8334 8337
f 8336 8337 257
f 8338 8335 8336
f 8336 257 256
f 8338 8336 256
f 7060 8339 8340
f 7060 8340 8344
f 8345 8340 8341
f 8345 8344 8340
f 8344 8342 7060
f 8345 8341 8353
f 8343 8342 8344
f 8345 8353 6960
f 8388 8342 4675
f 4675 8342 8343
f 4675 8343 8344
f 4675 8344 4674
f 4674 8344 8345
f 4674 8345 6960
f 8348 2349 8346
f 8346 5475 5476
f 8347 8348 8346
f 8347 8346 5476
f 8350 8347 5476
f 8349 2349 8348
f 8350 5476 10782
f 8354 6957 6955
f 8353 8341 6957
f 8351 8354 6956
f 6956 8354 6955
f 8353 6957 8354
f 8351 8352 8354
f 6960 8353 8354
f 8355 8354 8352
f 8354 8355 6960
f 8352 6958 8355
f 8352 5465 6958
f 5465 6959 6958
f 8355 6958 6960
f 5492 6959 5465
f 8977 6975 8356
f 8977 8357 6975
f 8977 8985 8357
f 8985 8358 8357
f 8358 8359 8357
f 8985 8359 8358
f 8361 8883 8364
f 11714 8361 8364
f 8363 8369 8362
f 8366 11714 8364
f 8366 8364 8360
f 8366 8360 8363
f 8366 8363 8365
f 8365 8363 8362
f 8372 8365 8362
f 6924 8367 6922
f 6924 6923 9975
f 8368 8367 6924
f 8368 6924 8371
f 8370 6924 9978
f 8370 8371 6924
f 8372 8369 8368
f 8362 8369 8372
f 8373 8372 8368
f 8373 8368 8371
f 9979 8371 8370
f 8373 8371 9979
f 8365 8372 8374
f 8374 8372 8373
f 8377 8365 8374
f 8376 8365 8377
f 8374 8373 8375
f 8375 8373 9979
f 8377 8374 8375
f 8379 8376 8377
f 8378 8377 8375
f 9245 8377 8378
f 9244 8378 8375
f 9244 8375 9055
f 9247 8379 8377
f 9247 8377 9245
f 4713 8380 8382
f 8380 8381 8382
f 8382 10392 4715
f 4278 10392 8382
f 8381 4278 8382
f 9896 4278 8381
f 9896 4279 4278
f 9896 2063 4279
f 8383 8384 9904
f 9904 8384 2087
f 8385 8384 8383
f 8385 8383 8386
f 13997 8385 8386
f 5641 8387 8390
f 8387 8388 8389
f 4675 8389 8388
f 8392 5642 5641
f 8391 5642 8392
f 8392 5641 8390
f 8390 8387 8389
f 4676 8389 4675
f 2222 8392 8390
f 2222 8390 8389
f 2221 8389 4676
f 2218 8391 8392
f 2218 8392 2222
f 2222 8389 2221
f 8395 3519 8393
f 3517 3520 8394
f 8397 8393 8394
f 3520 3510 8396
f 8395 8393 8397
f 8398 8395 8397
f 8400 8394 3520
f 12645 8395 8398
f 8394 8399 8397
f 8399 8394 8400
f 8402 8400 3520
f 8396 8402 3520
f 8404 12645 8398
f 8401 8397 8399
f 14142 8402 8396
f 8403 12645 8404
f 8398 8397 8404
f 8406 8403 8404
f 8404 8397 8401
f 8409 8405 8402
f 8409 8402 14142
f 8407 8404 8401
f 952 8405 8409
f 8403 950 12645
f 8407 8406 8404
f 8407 950 8403
f 8403 8406 8407
f 8407 955 950
f 956 14650 951
f 952 8409 8408
f 8413 8410 8411
f 6929 8411 6926
f 8413 8412 8410
f 6928 8413 8411
f 6928 8411 6929
f 6209 8412 6210
f 6210 8412 8413
f 6210 8413 6928
f 6971 8414 2459
f 8418 8415 8416
f 8415 8107 8416
f 6973 8414 6971
f 6973 8416 8414
f 6973 8417 8416
f 8417 8418 8416
f 8420 8418 8417
f 8421 8419 8420
f 8417 8423 8420
f 11313 8423 5408
f 6973 8422 8417
f 8421 8420 8423
f 8423 11313 8421
f 8422 6973 6975
f 8357 8422 6975
f 8357 8417 8422
f 8357 8423 8417
f 8426 10965 8425
f 8430 6008 8426
f 8426 8425 8427
f 8427 8425 8428
f 8428 8425 10963
f 8430 8426 8427
f 8432 8428 10963
f 8430 8427 8428
f 8432 10963 8429
f 6014 6009 8433
f 6009 8430 8433
f 8434 8430 8428
f 8432 8429 8424
f 8428 8432 8434
f 8433 8430 8434
f 8431 8434 8432
f 6019 6014 8433
f 8432 8437 8431
f 8437 8432 8435
f 8432 8424 8436
f 6019 8433 12907
f 8433 8434 12906
f 12906 8434 8431
f 9153 8432 8436
f 12907 8433 12906
f 9153 8435 8432
f 8440 7437 7439
f 7439 7438 8438
f 7439 8438 8442
f 8440 7439 8442
f 8442 8438 4459
f 8439 8440 8441
f 8442 4459 4462
f 8440 8443 8441
f 8443 8440 8442
f 8444 8442 4462
f 8445 8441 8443
f 8443 8442 8444
f 8447 8445 8443
f 8447 8443 8444
f 8448 8449 4157
f 8449 4155 4157
f 8448 4159 8449
f 8448 4157 4159
f 7736 9012 8452
f 8452 8451 7736
f 7735 7736 8451
f 8451 7738 7735
f 8454 8453 8450
f 8453 8452 9012
f 8455 8453 8454
f 8455 8452 8453
f 8455 8451 8452
f 4133 8522 8553
f 8450 8457 8454
f 8457 8450 8456
f 8457 8456 8458
f 8458 8456 4232
f 8454 8457 8455
f 8457 8451 8455
f 8457 7741 8451
f 8458 4232 8457
f 7862 8459 8460
f 8461 7862 8460
f 1067 8460 8459
f 8465 8462 8461
f 8464 8460 8463
f 8461 8460 8464
f 8465 8461 8464
f 8463 8467 8464
f 8464 8467 8465
f 8465 8467 8462
f 8463 8466 8467
f 8467 8466 8477
f 8467 8477 8469
f 8469 8468 8471
f 8470 8469 7937
f 7863 7865 8472
f 7863 8472 8471
f 8471 8472 8469
f 4954 8469 8472
f 8468 7948 7950
f 8468 7950 8471
f 7866 7863 8471
f 7866 8471 7949
f 7949 8471 7950
f 7865 7866 7949
f 7865 7949 8472
f 8472 7949 4954
f 8469 4954 7937
f 1069 8483 1067
f 8482 8460 8483
f 8460 1067 8483
f 8482 8473 8460
f 8463 8460 8473
f 8463 8473 8475
f 8476 8474 14775
f 14775 8574 8476
f 14775 8474 8574
f 8463 8475 8466
f 8477 8466 8475
f 8475 8476 8477
f 8476 8478 8477
f 8476 8567 8478
f 8476 8574 8567
f 8469 8477 8478
f 8478 8567 8469
f 8469 8479 8468
f 8469 8567 8480
f 8468 8479 8484
f 8480 8479 8469
f 8567 8570 8480
f 8484 7948 8468
f 7948 8484 8481
f 9492 8483 1069
f 8482 9494 8473
f 9492 9495 8483
f 8483 9495 8482
f 8474 8473 9494
f 8476 8473 8474
f 8473 8476 8475
f 8574 8474 9494
f 8479 8480 8485
f 8481 8484 8479
f 8485 8481 8479
f 8480 8570 8485
f 8570 1605 8485
f 8488 1613 8486
f 8488 8486 8487
f 1615 1613 8488
f 8489 8486 8582
f 8487 8486 8489
f 8490 8581 8583
f 8490 8489 8581
f 8489 8582 8581
f 9500 9499 8490
f 9500 8490 8583
f 724 8493 8494
f 8493 724 8491
f 8493 8491 8492
f 8493 8492 8737
f 8493 8495 8494
f 8737 8495 8493
f 8496 8494 8495
f 8496 8495 8497
f 10117 8495 8737
f 8497 8495 7000
f 7000 8495 10117
f 8498 8496 8497
f 8497 6992 8498
f 6992 8497 6999
f 6999 8497 6998
f 6998 8497 7000
f 750 2780 749
f 2779 8501 815
f 751 2781 820
f 8499 2780 2785
f 8499 8503 751
f 2781 751 8503
f 8507 2786 8500
f 2779 2786 8507
f 8502 2790 2789
f 8503 2785 8502
f 8503 8499 2785
f 2785 2790 8502
f 2781 8503 8505
f 2781 8505 8500
f 8507 2777 2779
f 2777 8501 2779
f 2793 8504 2792
f 2793 8502 8504
f 2801 8504 2789
f 2789 8504 8502
f 2794 8502 2793
f 8503 8502 2794
f 8503 2794 2799
f 2800 8507 8506
f 2801 2803 8504
f 2803 2792 8504
f 2803 2804 2792
f 8503 2799 8505
f 2799 8506 8505
f 2799 2800 8506
f 2811 8507 2800
f 2811 2777 8507
f 8508 2777 2811
f 8508 2795 2777
f 2818 8508 2811
f 7432 8509 2823
f 8509 7432 6159
f 2823 8509 8511
f 2824 2823 8511
f 8512 8510 8511
f 2558 6159 7432
f 6161 8511 6159
f 6159 8511 8509
f 2830 2824 8511
f 6161 8512 8511
f 2830 8510 8512
f 8511 8510 2830
f 8517 4133 8513
f 8513 8514 8517
f 8518 8514 8516
f 8514 8518 8517
f 4133 8517 8522
f 8520 8516 8515
f 8520 8518 8516
f 8521 8520 8515
f 8519 8517 8518
f 8519 8522 8517
f 3087 8518 8520
f 8520 3085 3087
f 8520 8521 3085
f 3087 8519 8518
f 10804 8522 8519
f 10804 3086 8522
f 8524 8523 8525
f 2456 8524 8525
f 8524 2456 5534
f 8525 8526 8528
f 8526 8525 8523
f 8526 8527 8528
f 5931 8525 8528
f 5929 6970 8525
f 5930 8527 10373
f 5931 8528 8527
f 5930 5931 8527
f 5931 5929 8525
f 8530 8529 8531
f 4123 8529 8530
f 4123 4122 8529
f 8531 8529 8532
f 8532 8529 4122
f 8532 4122 4125
f 4122 4124 4125
f 8533 8530 8531
f 8534 8530 8533
f 8534 8536 8530
f 8533 8531 8537
f 8533 8537 8534
f 8534 8537 4125
f 8535 8534 4125
f 8530 8536 4129
f 8530 4129 4123
f 8532 8537 8531
f 8537 8532 4125
f 8513 8538 8514
f 8538 8534 8547
f 8534 8535 8547
f 8535 4995 5001
f 8538 8513 8539
f 8536 8538 8539
f 8534 8538 8536
f 8514 8538 8547
f 8547 8535 5001
f 4133 8540 8513
f 8513 8540 8539
f 8541 8536 8539
f 6316 8542 8543
f 6316 8543 6317
f 6317 8543 8545
f 8543 8542 8545
f 8542 8546 8545
f 8515 8516 8549
f 8546 8542 8550
f 8545 4999 8544
f 8516 8514 8549
f 8551 8549 8546
f 8551 8546 8550
f 8549 8514 8546
f 8546 8547 8545
f 8545 8547 4999
f 8514 8547 8546
f 4999 8547 5001
f 8539 8540 8541
f 8541 8557 8536
f 4129 8536 4134
f 6322 8542 6316
f 8548 8550 8542
f 8540 8552 8541
f 6322 8548 8542
f 8553 8552 8540
f 4133 8553 8540
f 8548 6322 8554
f 8521 8515 8555
f 8515 8549 8555
f 8548 8554 8550
f 8555 8549 8551
f 8555 8551 8550
f 8552 8557 8541
f 8553 8557 8552
f 8555 8550 8558
f 8558 8550 8554
f 8557 3093 8536
f 8536 3093 4134
f 8556 6322 6319
f 8556 8558 6322
f 8558 8554 6322
f 8522 3092 8553
f 8553 3092 8557
f 8558 8556 3090
f 3085 8521 3091
f 8521 8555 3091
f 8558 3091 8555
f 3086 3092 8522
f 3092 3093 8557
f 7873 8559 8561
f 8560 7873 8561
f 8461 8462 8561
f 8461 8561 8559
f 8561 8562 8560
f 8564 8462 8467
f 8564 8467 8561
f 8561 8467 8562
f 8562 8467 8565
f 8467 8470 8565
f 8467 8469 8470
f 8565 8566 8562
f 8562 8566 1596
f 7937 8563 8470
f 7937 1595 8563
f 1597 8563 1595
f 8563 1597 1596
f 8462 8564 8561
f 8470 8573 8565
f 8470 8570 8567
f 8563 8570 8470
f 1596 8566 8569
f 8570 8563 8569
f 8563 1596 8569
f 8574 8575 8567
f 8571 8572 14776
f 8575 8573 8567
f 8573 8470 8567
f 8573 8578 8565
f 8565 8578 8566
f 8566 8578 8872
f 8566 8568 8569
f 8570 1606 1605
f 8570 1603 1606
f 8570 8569 1603
f 8568 1603 8569
f 8575 8574 8580
f 8572 8571 14776
f 8577 8573 8575
f 8576 8573 8577
f 8573 8576 8579
f 8573 8579 8578
f 8577 8579 8576
f 8579 8568 8878
f 8878 8568 8875
f 1608 1603 8568
f 8579 1608 8568
f 8580 8577 8575
f 8578 8579 8878
f 8878 8877 8578
f 8577 8486 1613
f 8577 1613 8579
f 8579 1613 1607
f 8579 1607 1608
f 8580 8582 8577
f 8582 8486 8577
f 8581 8580 11405
f 8580 8581 8582
f 11405 8583 8581
f 8200 8584 8197
f 8587 8585 7322
f 8587 7322 8584
f 8587 8584 8586
f 8586 8584 8200
f 8588 8585 7011
f 7011 8585 8587
f 8589 7011 8587
f 8203 8586 8200
f 8590 8589 8587
f 8590 8587 8586
f 7010 8586 8203
f 7011 8589 7012
f 7014 8588 7011
f 7012 8589 8590
f 7013 8590 7010
f 7010 8590 8586
f 8593 4795 4794
f 8593 4794 8592
f 5381 8592 5299
f 8592 8591 5299
f 8594 8592 5381
f 6957 8211 8593
f 6957 8593 6955
f 5384 6954 5382
f 5382 6954 8594
f 6954 6955 8594
f 8594 6955 8592
f 6955 8593 8592
f 8602 8601 8595
f 11127 10507 8596
f 8596 8599 8595
f 8599 8602 8595
f 8599 8596 5394
f 10507 5394 8596
f 5394 11134 8598
f 8602 8599 8600
f 8599 5394 8600
f 8600 5394 8598
f 8597 8600 8598
f 11458 8600 8597
f 4672 8601 8602
f 8600 11458 10086
f 4672 8602 4671
f 4671 8602 8600
f 4671 8600 10086
f 4006 8603 6990
f 8604 6991 6988
f 8603 4006 8607
f 6021 2228 8604
f 8610 8604 6988
f 8605 6988 8603
f 8610 6988 8605
f 8605 8603 8607
f 4006 8606 8607
f 6021 8604 8608
f 8606 8609 8607
f 8609 8605 8607
f 8610 8617 8604
f 8605 8609 8610
f 6023 6021 8608
f 8609 8612 8610
f 8617 8608 8604
f 8627 8617 8610
f 8627 8610 8612
f 8606 8611 8609
f 8611 8612 8609
f 8611 8616 8612
f 8616 8627 8612
f 8615 9553 8613
f 8613 9553 8614
f 8613 8614 8616
f 8611 8615 8616
f 8613 8616 8615
f 8618 8616 8614
f 4458 6023 8608
f 8618 8627 8616
f 8618 8614 8619
f 8631 8618 8619
f 8631 8622 8621
f 8621 8622 8620
f 8626 8773 221
f 221 8773 8623
f 8773 8846 8623
f 8623 8625 8624
f 8846 8625 8623
f 8628 8608 8617
f 4458 8608 8628
f 8617 8627 8634
f 8634 8627 8618
f 8629 4460 4458
f 8629 4458 8628
f 8727 8629 8628
f 8634 8628 8617
f 4460 8629 8727
f 8728 4460 8727
f 8727 8628 8634
f 8630 8621 8620
f 8631 8619 8622
f 620 8621 8630
f 8621 8632 8631
f 8632 8618 8631
f 620 625 8633
f 8633 8621 620
f 8633 8632 8621
f 8636 8633 625
f 8635 8634 8618
f 8635 8618 8632
f 8633 8638 8632
f 8636 8637 8633
f 8637 8638 8633
f 8635 8632 8638
f 638 8636 628
f 2371 8634 8635
f 638 639 8636
f 8636 639 8637
f 8637 640 8638
f 640 8635 8638
f 640 2371 8635
f 639 640 8637
f 8640 4673 8639
f 8640 3712 4673
f 8641 3712 8640
f 11288 3712 8641
f 8642 8640 8639
f 11288 11284 3712
f 11290 8641 8640
f 8642 8639 8412
f 8412 8639 11212
f 11292 11284 11288
f 8642 11290 8640
f 11379 1847 1849
f 11378 1850 1847
f 8646 8643 1848
f 8644 1850 11378
f 11378 1847 11379
f 8644 1848 1850
f 8645 8646 1848
f 11298 11378 11381
f 8645 1848 8644
f 8648 13128 8651
f 13128 8650 8651
f 217 8652 13121
f 13121 8652 8647
f 8654 8647 8652
f 8656 8647 8654
f 8656 8649 8647
f 8658 8650 13128
f 8653 8650 8657
f 8653 8651 8650
f 8654 8652 217
f 8654 8655 8656
f 8658 8657 8650
f 8657 8661 8653
f 8656 8655 8663
f 8654 217 8659
f 8654 8659 8660
f 8664 8657 8658
f 8663 8655 8660
f 8655 8654 8660
f 8657 8667 8661
f 8662 8660 8659
f 8660 8662 8663
f 8664 8666 8657
f 8666 8667 8657
f 8666 8664 8665
f 8665 13136 3928
f 8665 3928 8666
f 8666 3930 8667
f 5842 5845 8670
f 8675 8668 8671
f 8671 8670 8673
f 8673 8670 5845
f 5845 5848 8673
f 8676 8675 8671
f 8673 8676 8671
f 8673 5848 8676
f 8677 8669 8668
f 8674 8668 8675
f 8669 8677 8672
f 8674 8677 8668
f 8674 8675 8678
f 8678 8675 8676
f 5848 8678 8676
f 8672 8677 11847
f 8679 8677 8674
f 8680 8678 5848
f 11848 8678 8680
f 8682 8684 8687
f 8684 590 8687
f 8682 8685 8683
f 8682 8687 8685
f 8687 8686 8685
f 590 591 8687
f 8687 591 8686
f 8685 8686 8689
f 8686 591 8688
f 8686 8688 8689
f 8688 591 8690
f 8693 8683 8694
f 8694 8683 8691
f 8691 8683 8685
f 8692 8685 8689
f 8691 8685 8692
f 8695 8691 8692
f 8696 8693 8694
f 8696 8694 8691
f 10778 8695 8692
f 8696 8691 8695
f 8696 10765 8693
f 8697 8696 8695
f 8697 8695 10778
f 8698 10769 8696
f 8696 10769 10765
f 8698 8696 8699
f 8699 8696 8697
f 8704 8703 8701
f 8704 8701 9257
f 10699 8703 8704
f 8704 9257 9259
f 5807 10699 8704
f 5807 8704 8206
f 8206 8704 8204
f 8204 8704 8205
f 9259 8205 8704
f 13824 8706 8705
f 8708 13282 8710
f 13403 6495 8708
f 8710 13282 8711
f 8711 13282 8707
f 8709 8713 8708
f 8708 8713 13403
f 7315 8711 8707
f 8709 8708 8710
f 8707 7313 7315
f 8713 8709 6501
f 8711 8712 8714
f 8712 8716 8714
f 8712 8717 8716
f 8711 8717 8712
f 8709 8710 8715
f 8714 8715 8711
f 8711 8715 8710
f 8718 8717 8711
f 6500 6501 8709
f 8714 8719 8715
f 8716 8719 8714
f 8720 8719 8716
f 8716 8717 8720
f 8709 8715 8721
f 8715 8719 8721
f 8719 8720 8721
f 8720 8717 8718
f 8720 8718 8721
f 8721 8718 8723
f 8718 8711 8723
f 8723 8711 7315
f 8709 8721 8722
f 6500 8709 6502
f 8724 8722 8721
f 8722 8725 8709
f 8725 6502 8709
f 8725 8722 8724
f 7317 8723 7315
f 6502 8725 6503
f 8723 8726 8721
f 8726 8724 8721
f 13355 8723 7317
f 6503 8725 8724
f 8726 8723 13355
f 8727 8634 2371
f 8729 8728 8727
f 8729 8727 8730
f 8730 8727 2371
f 8731 8729 8730
f 8733 8729 8731
f 8736 8731 8730
f 8736 8732 8731
f 8732 8733 8731
f 8736 8730 2371
f 8734 8733 8732
f 8733 8734 8735
f 8734 8732 8736
f 8736 2371 2373
f 8734 8736 8739
f 8737 8735 8734
f 8739 8736 2373
f 8738 8737 8734
f 8738 8734 8739
f 8737 8738 10115
f 10117 8737 10115
f 10116 8738 8739
f 10116 8739 10134
f 1355 1356 8740
f 5521 8740 1356
f 8741 8740 5521
f 8744 8740 8743
f 8741 8743 8740
f 8742 8741 5527
f 8742 8743 8741
f 8744 8743 8745
f 10108 8742 5527
f 8745 8743 10096
f 8743 8742 10096
f 10096 8742 10108
f 8747 8746 11696
f 8749 8751 8746
f 8749 8746 8747
f 8750 7585 8748
f 11703 8749 8747
f 8750 7588 7585
f 8750 8748 8751
f 8752 8750 8751
f 8752 8751 8749
f 8753 7588 8750
f 8754 8757 8752
f 8758 8754 8755
f 8754 8752 8756
f 8755 8754 8756
f 8756 8752 8749
f 10687 8749 11703
f 8753 8750 10685
f 10685 8750 8752
f 8755 8756 10686
f 8759 8752 8757
f 8752 8759 10685
f 10686 8756 10691
f 8762 8763 8761
f 8764 8760 8828
f 8762 8761 8764
f 8763 8764 8761
f 8760 8764 8763
f 6957 8212 8211
f 8765 8766 8767
f 8767 8766 8212
f 8767 8212 6957
f 8768 8765 8767
f 8768 6952 8765
f 8768 8767 6957
f 8339 6952 8340
f 8340 6952 8768
f 8340 8768 8341
f 8341 8768 6957
f 2266 6465 8769
f 8626 8770 8773
f 8770 8769 8772
f 8771 8769 6465
f 8770 8772 8773
f 8772 8769 6473
f 8772 8844 8773
f 2264 2266 8774
f 2265 8774 8626
f 8774 2266 8769
f 8770 8774 8769
f 8626 8774 8770
f 8771 6465 6468
f 6468 6469 8771
f 6469 6470 8771
f 8769 8771 6473
f 6470 6473 8771
f 8776 8782 8781
f 13817 8776 8781
f 8784 8781 8782
f 13817 8777 8776
f 8777 8789 8776
f 8789 8782 8776
f 8777 8775 8796
f 8788 8783 8779
f 8790 8784 8782
f 8789 8790 8782
f 8779 8780 8795
f 8789 8792 8793
f 8789 8777 8792
f 8787 8794 8775
f 8778 8800 8787
f 8800 8794 8787
f 8778 8783 8800
f 8783 8788 8800
f 8795 8780 8785
f 8793 8790 8789
f 8797 8795 8785
f 8786 14311 8785
f 8788 8779 8795
f 8798 8792 8777
f 8777 8796 8798
f 8795 8800 8788
f 8796 8775 8794
f 8796 8794 8799
f 8795 8797 8800
f 8794 8800 8803
f 8801 8799 8802
f 8799 8794 8802
f 8794 8803 8802
f 8800 8797 8803
f 8785 14311 8797
f 8804 8798 8796
f 8796 8799 8804
f 8799 8801 8804
f 8805 9577 11831
f 8806 8807 9577
f 8806 13539 8807
f 8809 13539 13542
f 8809 13542 13543
f 8815 9577 8807
f 13543 8811 8809
f 8810 8808 8809
f 8818 8810 8809
f 8818 8809 8811
f 9583 9577 8815
f 8813 8809 8808
f 8818 8811 8817
f 9583 8815 8814
f 8816 8808 8810
f 8819 8812 8813
f 8816 8813 8808
f 8820 8816 8818
f 8819 14594 8812
f 8816 8820 8813
f 8820 8819 8813
f 8821 14594 8823
f 8823 14594 8819
f 8818 8822 8820
f 8818 8817 8822
f 8823 8819 10928
f 8822 8819 8820
f 8825 8822 8817
f 10928 8819 8822
f 8825 8817 8826
f 8826 10929 8825
f 3299 8828 3298
f 5732 8833 8829
f 8829 8831 8830
f 8833 8834 8829
f 8829 8834 8831
f 8831 8834 8832
f 8833 5732 5735
f 8834 8835 8832
f 8832 8835 11471
f 8840 8834 8833
f 8836 8834 8840
f 8834 8836 8835
f 8840 8833 5735
f 8837 2257 8839
f 8839 2257 2262
f 8838 8839 2262
f 8838 2262 11478
f 8843 8837 8841
f 8841 8838 8836
f 8839 8841 8837
f 8838 8841 8839
f 8840 8841 8836
f 8843 8841 8842
f 9125 8841 8840
f 8842 8841 9125
f 9127 9125 8840
f 9045 8840 5735
f 8773 8844 8845
f 8773 8845 8846
f 6470 6490 6473
f 8772 6473 8844
f 6473 8848 8852
f 6473 8852 8844
f 8846 8845 8850
f 8844 8852 8849
f 8844 8849 8850
f 8845 8844 8850
f 8846 8850 8847
f 8850 8851 8847
f 8847 8851 9736
f 8848 6493 8859
f 8852 8859 8853
f 8853 8860 8849
f 8852 8848 8859
f 8849 8852 8853
f 8860 8850 8849
f 8851 8850 8854
f 6493 8857 8859
f 8859 8858 8853
f 8858 8860 8853
f 8851 8854 8855
f 8856 8851 8855
f 8854 8850 8860
f 8855 8227 8856
f 8858 8228 8860
f 8226 8854 8860
f 8226 8855 8854
f 8855 8229 8227
f 8857 8858 8859
f 8858 8857 8225
f 8228 8858 8225
f 8860 8228 8226
f 8226 8229 8855
f 317 2231 6237
f 6237 2231 12557
f 2231 2236 12557
f 8863 11717 8861
f 8864 8862 8863
f 8863 8862 11717
f 2548 8861 2545
f 8863 8861 2548
f 8865 8864 8863
f 2548 8865 8863
f 8865 2548 8866
f 2548 2547 8866
f 10093 8864 8865
f 10095 10091 8864
f 10095 8864 10093
f 10093 8865 8866
f 10092 8866 9226
f 8871 10647 7015
f 8871 8868 8869
f 8869 8868 7016
f 10647 8871 4504
f 8871 7015 8868
f 8566 8872 8869
f 8568 8566 8873
f 8566 8869 8873
f 8869 7016 8870
f 8870 7016 6919
f 6919 7016 6909
f 8871 8876 4504
f 8869 8872 8871
f 8870 8873 8869
f 8578 8877 8872
f 8872 8874 8871
f 8877 8874 8872
f 8568 8873 8875
f 8873 8870 8874
f 8874 8870 8880
f 8881 8876 8871
f 8874 8880 8871
f 8875 8873 8874
f 8880 8870 6921
f 6921 8870 6919
f 8881 8871 8879
f 8879 8871 8880
f 8874 8877 8878
f 8874 8878 8875
f 8881 8882 8876
f 8883 8882 8881
f 8879 8880 8367
f 8367 8880 6921
f 8363 8881 8879
f 8364 8883 8881
f 8364 8881 8360
f 8363 8360 8881
f 8369 8363 8879
f 8369 8879 8368
f 8368 8879 8367
f 8886 8884 12644
f 8886 12646 958
f 8884 8887 12644
f 957 8886 958
f 8885 8884 8886
f 8888 13924 8887
f 978 8886 957
f 8888 8887 8884
f 8885 8886 8889
f 8890 8888 8884
f 8889 8886 978
f 8884 8885 8889
f 8890 8884 8891
f 8891 8884 8889
f 8890 6437 8888
f 6437 13930 8888
f 6439 13930 6437
f 6438 6437 8890
f 6438 8890 8891
f 8891 8889 704
f 704 8889 978
f 8893 11790 11793
f 8893 8897 8892
f 11794 8893 11793
f 8895 8896 8894
f 8895 8904 8896
f 8898 8897 8893
f 8898 8893 8899
f 8894 8898 8895
f 8897 8898 8894
f 8899 8893 11794
f 8899 11794 11798
f 8900 8904 8895
f 8900 8895 8898
f 8902 8899 11798
f 8903 8898 8899
f 8903 8899 8902
f 14595 8904 8900
f 8901 8900 8898
f 8900 8905 14595
f 8905 8900 8901
f 8901 8898 8903
f 8907 8904 14595
f 8907 14595 8905
f 8912 8901 8903
f 8906 8903 8902
f 8906 8902 8913
f 8913 8902 11798
f 8906 8912 8903
f 14596 8910 8907
f 14596 8907 8905
f 8913 8912 8906
f 8909 8908 14777
f 14596 8905 8910
f 8910 8905 8911
f 8905 8901 8911
f 8911 8901 8912
f 2478 2477 8914
f 8914 8916 8915
f 11967 8917 11970
f 11970 8917 8919
f 8917 8918 8919
f 8919 8918 79
f 8925 8920 8924
f 8923 8922 8921
f 8924 8922 8923
f 8926 8925 8924
f 8927 8925 8926
f 8921 8928 8923
f 8923 8926 8924
f 8930 8925 8927
f 8929 8928 8921
f 8928 8926 8923
f 8930 8927 3058
f 3058 8927 8926
f 3058 3060 8930
f 3059 8928 8929
f 8928 3057 8926
f 3058 8926 3057
f 5311 8932 4535
f 8932 8935 4535
f 8935 8933 4532
f 4536 8933 8934
f 8937 4537 8931
f 8934 8931 4534
f 8934 4534 4536
f 8938 8937 8931
f 5311 8941 8932
f 8941 8949 8932
f 8932 8949 8935
f 8935 8948 8933
f 8934 8933 8948
f 8938 8931 8934
f 5311 8940 8941
f 8939 8948 8935
f 8938 8934 8948
f 8937 8945 8936
f 8936 706 8937
f 8938 8945 8937
f 8947 8940 5331
f 8949 8941 8940
f 8949 8939 8935
f 720 8943 719
f 720 8942 8943
f 720 8936 8942
f 8942 8936 8945
f 8943 8942 8944
f 5326 719 5331
f 719 8947 5331
f 719 8943 8947
f 8943 8944 8947
f 8942 8945 8944
f 8945 8946 8944
f 8944 8946 8947
f 8945 8939 8946
f 8945 8948 8939
f 8938 8948 8945
f 8949 8946 8939
f 8947 8946 8940
f 8946 8949 8940
f 8955 8958 8960
f 8950 8958 8952
f 8958 8955 8952
f 8952 8955 8951
f 8952 8954 11309
f 8952 8951 8954
f 8951 8953 8954
f 11314 8956 8950
f 8956 8957 8950
f 8950 8957 8958
f 8960 8958 8959
f 8951 8955 8960
f 8959 8953 8951
f 8959 8974 8953
f 11309 8954 8968
f 8966 8954 8967
f 8954 8953 8967
f 8965 8957 8956
f 8972 8958 8957
f 8969 8959 8958
f 8959 8951 8960
f 5408 8962 5409
f 5409 8962 8961
f 8962 8964 8961
f 8964 8956 8963
f 8956 11314 8963
f 8956 8964 8965
f 8958 8972 9000
f 9000 8969 8958
f 8967 8953 8970
f 8970 8953 8974
f 8968 8954 8966
f 8961 8964 8963
f 8965 8964 8962
f 8965 8972 8957
f 8974 8959 8969
f 8966 8967 8994
f 8989 8962 5408
f 1527 8968 8966
f 8989 8965 8962
f 8971 8972 8965
f 8969 9000 8974
f 1527 8966 8996
f 8996 8966 8975
f 8975 8966 8995
f 8966 8994 8995
f 8994 8967 8970
f 5410 8423 8357
f 8979 5410 8357
f 8979 8987 5410
f 8987 8989 5408
f 8356 8976 8977
f 8977 8976 8982
f 8982 8976 8978
f 8976 4286 8978
f 8979 8357 8359
f 8978 8984 8982
f 8977 8981 8985
f 8977 8982 8981
f 8982 8983 8981
f 8982 8986 8983
f 8984 8986 8982
f 8984 7898 8986
f 8981 8359 8985
f 8981 8983 8359
f 8983 8986 8979
f 7898 8988 8986
f 8983 8979 8359
f 8979 8986 8987
f 8986 8988 8987
f 8987 8988 8997
f 8997 8988 8980
f 8971 8965 8989
f 8971 8998 8972
f 8972 8998 9000
f 11320 8990 1526
f 11320 14597 8990
f 8991 8990 8973
f 8993 8991 8973
f 14597 11320 1529
f 8991 8993 8992
f 8994 8974 9000
f 8994 8970 8974
f 8989 8987 8997
f 8998 8989 8997
f 8989 8998 8971
f 8998 8999 9000
f 9002 8990 8991
f 8991 9003 9002
f 9005 9004 9003
f 9005 9003 8992
f 8992 9003 8991
f 1529 1536 14597
f 14597 1536 8993
f 1536 9006 8993
f 8992 9007 9005
f 8992 8993 9007
f 8993 9006 9007
f 9010 9000 9001
f 1536 1529 9008
f 9010 8994 9000
f 9011 1527 8996
f 8975 8995 1070
f 8995 1073 1070
f 1068 8995 8994
f 9010 1069 1068
f 8994 9010 1068
f 8997 8980 8998
f 8998 8980 8999
f 8990 9002 9009
f 9004 9005 9007
f 9001 9489 9010
f 8975 1070 8996
f 9010 9492 1069
f 9012 7736 7737
f 4132 7737 9014
f 4132 9014 9013
f 9013 9014 4128
f 4128 9018 5727
f 4128 9014 9018
f 4132 9012 7737
f 7737 9015 9014
f 9015 9016 9014
f 9016 9018 9014
f 5727 9018 5734
f 9015 7737 7739
f 9016 9019 9018
f 5734 9018 9017
f 9015 9025 9016
f 9018 9019 9020
f 9022 9021 9017
f 9022 9017 9020
f 9020 9017 9018
f 9021 9023 5736
f 9021 5736 9017
f 9017 5736 5734
f 7739 9025 9015
f 9022 9024 9021
f 9021 9024 9023
f 9023 9022 9020
f 9023 9020 9027
f 9027 9020 9019
f 9023 9027 5736
f 9023 9024 9022
f 9026 7739 7740
f 9016 3716 9019
f 7739 9026 9025
f 9025 3716 9016
f 3716 3717 9027
f 9026 3721 9025
f 3721 3716 9025
f 3716 9027 9019
f 9038 9688 11252
f 9687 9040 9036
f 9687 9036 9030
f 9036 9035 9030
f 9032 11254 9031
f 9034 9037 8337
f 9033 9686 9037
f 9034 9033 9037
f 9037 9686 9038
f 9039 9035 9036
f 9035 9039 9029
f 9032 9029 9039
f 11254 9032 9039
f 9036 9037 9039
f 9039 9037 11254
f 9041 9037 9036
f 9037 9038 11254
f 9042 9036 9040
f 9036 9042 9043
f 9036 9043 9041
f 277 9042 9040
f 9041 9043 9044
f 9028 266 277
f 7297 277 266
f 9043 7296 9044
f 266 7295 7297
f 7297 7298 277
f 7298 9042 277
f 7298 7296 9042
f 7296 9043 9042
f 9046 9045 9047
f 3717 9047 9045
f 3724 9047 3717
f 9047 3727 3729
f 9047 3729 9046
f 3729 9126 9127
f 9049 9048 3732
f 3750 3746 3732
f 3746 9049 3732
f 9051 7437 8440
f 9051 8440 9980
f 9052 9050 9980
f 9052 9980 8440
f 9053 8375 9979
f 8439 9052 8440
f 9054 9053 9050
f 9052 9054 9050
f 9055 9053 9054
f 9054 9052 8439
f 8441 8445 8439
f 9055 8375 9053
f 8439 8445 8446
f 8446 9054 8439
f 9056 9055 9054
f 9350 9244 9055
f 9350 9055 9056
f 9057 9056 9054
f 9057 9054 8446
f 2316 9058 9060
f 2315 9059 9058
f 9058 9059 9060
f 9060 2325 2316
f 9060 9062 2325
f 2323 2325 9062
f 9062 9060 9061
f 11664 2323 9062
f 11664 9062 9061
f 9064 9063 9066
f 9067 9063 9068
f 9067 9066 9063
f 9068 9063 9069
f 9067 1360 9066
f 1360 9065 9066
f 9068 9073 9067
f 9073 1360 9067
f 7916 1362 9070
f 9070 1362 9071
f 9071 1362 9072
f 9072 1363 9073
f 7921 9070 9074
f 9070 9071 9074
f 9072 9074 9071
f 9073 9079 9072
f 9072 9079 9074
f 9068 9079 9073
f 9080 9079 9068
f 9069 9080 9068
f 11088 7925 3728
f 3728 9075 3729
f 3729 9075 9126
f 3728 7925 9075
f 9126 9075 9077
f 9077 9076 9126
f 7925 7922 9075
f 9077 9075 9078
f 7922 9074 9075
f 9075 9074 9078
f 9074 9079 9078
f 9076 9080 9069
f 9079 9080 9081
f 9084 9083 9077
f 9077 9083 9076
f 9084 9077 9078
f 9083 9080 9076
f 9080 9083 9081
f 9083 9084 9082
f 9084 9078 9089
f 9089 9078 9079
f 9089 9079 9091
f 9091 9079 9085
f 9079 9081 9085
f 9085 9081 9083
f 9094 3730 3731
f 9086 3730 9095
f 3730 9094 9095
f 9099 9083 9082
f 9082 9084 9087
f 9087 9084 9088
f 9088 9084 9090
f 9083 9099 9085
f 9084 9089 9090
f 9099 9092 9085
f 9091 9090 9089
f 9091 9085 9092
f 9093 3740 9086
f 3738 9102 3731
f 9094 3731 9102
f 9093 9086 9103
f 9103 9086 9095
f 9095 9096 9087
f 9097 9095 9087
f 9096 9098 9087
f 9087 9098 9082
f 9099 9082 9098
f 9104 9097 9088
f 9087 9088 9097
f 9092 9099 9098
f 9088 9090 9100
f 9106 9091 9111
f 9091 9092 9111
f 9100 9090 9106
f 9090 9091 9106
f 3747 9114 3738
f 3741 9093 9101
f 3740 9093 3741
f 9114 9102 3738
f 9101 9093 9103
f 9095 9094 9096
f 9094 9102 9096
f 9097 9109 9103
f 9095 9097 9103
f 9097 9104 9109
f 9105 9104 9088
f 9105 9088 9112
f 9098 9111 9092
f 9112 9088 9107
f 9100 9107 9088
f 9106 9111 9110
f 9107 9100 9106
f 3761 3741 9101
f 9114 3747 3760
f 9103 9117 9101
f 9113 9102 9114
f 9096 9102 9113
f 9120 9103 9109
f 9118 9109 9108
f 9108 9109 9104
f 9098 9096 9113
f 9105 9108 9104
f 9105 9119 9108
f 9109 9118 9110
f 9109 9110 9120
f 9113 9111 9098
f 9105 9112 9119
f 9118 9121 9110
f 9120 9110 9111
f 9110 9121 9106
f 9107 9106 1512
f 3761 9101 9115
f 9113 3760 3758
f 3760 9113 9114
f 9115 9101 6526
f 9108 6528 9117
f 9108 9117 9118
f 9116 6532 9113
f 6530 9119 9112
f 9120 9111 6531
f 9112 5872 6530
f 9113 6532 9111
f 5872 9112 9122
f 9112 9107 9122
f 6542 9106 9121
f 9111 6532 9123
f 6542 1512 9106
f 9123 1386 1388
f 6532 1386 9123
f 9124 7608 6543
f 6523 9115 6524
f 9124 6543 3768
f 3758 9116 9113
f 9115 6526 6524
f 9103 3768 6543
f 9103 6525 3768
f 9101 9117 6526
f 6543 9117 9103
f 6525 9103 9120
f 9117 6528 6526
f 9120 6529 6525
f 6535 9118 9117
f 9119 6530 6528
f 9108 9119 6528
f 6531 6529 9120
f 7932 5876 5872
f 5876 6530 5872
f 6535 6548 9118
f 6548 9121 9118
f 6533 6537 6531
f 9111 6533 6531
f 9121 6548 6542
f 9111 9123 6533
f 9107 6538 9122
f 1512 6538 9107
f 6533 9123 1388
f 9063 8843 8842
f 9069 9063 8842
f 9046 9127 8840
f 9069 8842 9125
f 9045 9046 8840
f 9069 9125 9127
f 3729 9127 9046
f 9126 9076 9127
f 9127 9076 9069
f 9128 6885 9130
f 7031 6885 7024
f 6885 7031 9130
f 7031 9129 9130
f 9134 9130 9131
f 9130 9129 9131
f 9131 9129 7039
f 9129 7031 7039
f 9133 9132 9131
f 9133 9131 7039
f 9132 9134 9131
f 9135 9132 9133
f 9135 9134 9132
f 9136 9134 9135
f 9135 9133 7042
f 9135 7056 9136
f 9135 7042 7056
f 9137 7053 7052
f 7056 7053 9137
f 7056 9137 9136
f 9138 9139 8837
f 9138 9142 9139
f 8837 9139 7262
f 8837 7262 2257
f 9138 8837 9145
f 9145 8837 8843
f 9142 9138 9140
f 7271 9139 9142
f 9705 14778 9141
f 9140 9146 9142
f 9140 9143 9146
f 9143 14779 9144
f 14779 9138 9144
f 9144 9138 9064
f 9138 9145 9064
f 9144 9146 9143
f 4838 7280 7281
f 9064 9145 9063
f 9065 7285 7288
f 9145 8843 9063
f 9064 9066 7288
f 7288 9066 9065
f 3984 9148 3983
f 3985 9148 3984
f 9151 9147 9148
f 3985 9149 9148
f 9151 9148 9149
f 7319 9150 9197
f 7319 9197 9147
f 7318 9150 7319
f 7319 9147 9151
f 9154 9155 9152
f 9156 9153 9155
f 9156 9155 9154
f 9158 9154 9152
f 9152 9157 9158
f 9158 9156 9154
f 9158 9157 9160
f 9158 9159 9156
f 9159 9158 9160
f 9162 7592 8753
f 9164 9161 9163
f 9162 9163 7592
f 9165 9164 9163
f 9165 9163 9162
f 9166 9164 9165
f 9165 9162 9172
f 9164 9166 9167
f 9172 9162 10693
f 9169 9166 9165
f 9174 9167 9168
f 9168 9167 9166
f 9170 9166 9169
f 9173 9174 9168
f 9168 9166 9170
f 9171 9169 9165
f 9175 9165 9172
f 9171 9170 9169
f 9175 9171 9165
f 9173 9168 9170
f 8109 9174 9173
f 11778 9173 9176
f 9171 9176 9173
f 9171 9173 9170
f 9177 9178 14780
f 9180 9181 9177
f 9177 9181 9178
f 9181 9179 14780
f 9181 14780 9178
f 9179 9181 9180
f 9182 3931 3928
f 9183 9184 9185
f 9184 9187 9185
f 9183 9186 9187
f 9184 9183 9187
f 9189 9188 11294
f 9192 9189 6209
f 9189 9190 9188
f 9190 9189 9192
f 9193 9190 9192
f 9193 9192 3306
f 9195 9191 9190
f 9195 9190 9193
f 9195 9196 9191
f 9195 9193 9194
f 9194 9193 3306
f 9196 9195 9194
f 3983 9194 3306
f 9198 9196 9194
f 9196 9198 9197
f 9148 9198 9194
f 9148 9194 3983
f 9198 9147 9197
f 9147 9198 9148
f 8349 8348 8347
f 9199 8347 8350
f 2551 8350 10782
f 9199 8349 8347
f 9200 9199 8350
f 9199 9201 8349
f 9203 9201 9199
f 9200 8350 2551
f 7493 9200 2551
f 9202 9201 9203
f 9203 9199 9200
f 1857 9200 7493
f 9203 9200 1857
f 1855 9202 9203
f 1855 9203 1857
f 5487 5480 4747
f 5487 4747 2295
f 5487 2295 9204
f 5490 5487 9204
f 5490 9204 7497
f 9204 9958 7497
f 7497 9958 9961
f 9208 2937 5870
f 9206 9205 11030
f 9208 5870 5869
f 9207 9208 5869
f 9209 5869 9205
f 9209 9205 9206
f 11032 9206 11030
f 9207 5869 9209
f 9210 9208 9211
f 9211 9208 9207
f 9212 9209 9206
f 2943 9208 9210
f 9207 9209 9212
f 9210 4818 2943
f 9211 9207 4817
f 4817 9207 9212
f 4819 4818 9210
f 4819 9210 9211
f 9218 9226 8866
f 9214 9218 2550
f 9223 9213 8376
f 9223 8376 9246
f 9225 2549 9213
f 9217 9215 9214
f 9215 9217 9216
f 9217 9214 2550
f 9224 9218 9214
f 9224 9214 9215
f 9219 9224 9215
f 9215 9220 9219
f 9216 9220 9215
f 2550 9222 9221
f 9217 2550 9221
f 9221 9216 9217
f 9220 9216 9221
f 9225 2550 2549
f 9213 9223 9225
f 9219 9221 9222
f 9219 9222 9224
f 9224 9222 9225
f 9219 9220 9221
f 9222 2550 9225
f 9218 9227 9226
f 9227 9218 9224
f 9229 9227 9224
f 8700 9226 9227
f 9228 9225 9223
f 9253 9229 9224
f 9224 9225 9253
f 9253 9225 9228
f 9231 9232 9234
f 10721 9230 9233
f 9231 9234 9230
f 9232 9235 9234
f 9233 9230 9237
f 9243 9237 9230
f 9230 9234 9243
f 9234 9235 9238
f 9234 9236 9243
f 9234 9238 9236
f 9237 9243 14781
f 9243 9236 14781
f 9238 9240 9236
f 9238 10731 9240
f 9236 9240 9242
f 10731 9239 12179
f 10731 12179 9240
f 8376 8379 9246
f 9246 8379 9249
f 9245 8378 9244
f 9249 8379 9247
f 9248 9244 9350
f 9248 9245 9244
f 9245 9248 9247
f 9251 9249 9247
f 9352 9247 9248
f 9252 9223 9246
f 9249 9252 9246
f 9251 9247 9352
f 9228 9223 9252
f 9252 9249 9251
f 9250 9251 9352
f 9284 9228 9252
f 9255 9253 9228
f 9257 8701 8700
f 9229 8700 9227
f 9284 9255 9228
f 9257 8700 9229
f 9256 9229 9253
f 9284 9285 9255
f 9260 9257 9229
f 9254 9229 9256
f 9260 9229 9254
f 9256 9253 9255
f 9259 9257 9260
f 9260 9254 9256
f 9287 9256 9255
f 9255 9258 9287
f 9256 9287 9260
f 11216 11224 9261
f 9264 2329 9263
f 9263 9261 11224
f 9264 9262 2329
f 9263 11224 9266
f 9265 9264 9263
f 9267 9263 9266
f 11224 11231 9266
f 9265 9263 9267
f 9265 9262 9264
f 9268 9267 9266
f 9269 9266 9270
f 9270 9266 11231
f 9262 9265 9279
f 9279 9265 9267
f 9267 9271 9279
f 9274 9272 9273
f 9272 9268 9273
f 9272 9271 9268
f 9271 9267 9268
f 9273 9266 9269
f 9273 9269 9274
f 9274 9269 9275
f 9273 9268 9266
f 9277 9276 9275
f 9277 9275 9270
f 9270 9275 9269
f 9276 9277 9282
f 9277 9270 9282
f 9270 11231 9282
f 9272 9274 9278
f 9278 9271 9272
f 9278 9279 9271
f 9280 9278 9274
f 9275 9280 9274
f 9279 9280 9281
f 9278 9280 9279
f 9280 9275 9276
f 9276 9281 9280
f 9276 9282 9281
f 1881 9262 9279
f 1884 9279 9282
f 9282 9279 9281
f 9283 9252 9251
f 9284 9252 9283
f 9286 9251 9250
f 9286 9283 9251
f 9429 9250 9354
f 9286 9250 9429
f 9283 9285 9284
f 3689 9286 9429
f 9255 9285 9258
f 3690 9285 9286
f 9286 9285 9283
f 9258 9285 9287
f 9287 9285 3690
f 3690 9286 3689
f 3691 3689 9429
f 9293 9259 9260
f 9293 9260 9287
f 9292 8205 9259
f 9288 9259 9289
f 9289 9259 9293
f 9292 9259 9290
f 9291 9292 9290
f 9290 9288 9291
f 9259 9288 9290
f 9293 9292 9291
f 9291 9289 9293
f 9288 9289 9291
f 9294 9293 9287
f 9296 8205 9292
f 9296 9292 9293
f 9293 9294 9295
f 9296 9293 9295
f 9295 9294 9296
f 9299 8206 9296
f 9296 9300 9299
f 9294 9287 9297
f 9297 9287 3692
f 9294 9298 9296
f 8669 9300 9296
f 9298 9294 8670
f 8670 9294 9297
f 8672 9299 9300
f 8668 8669 9296
f 8672 9300 8669
f 8668 9296 9298
f 8668 9298 8671
f 8671 9298 8670
f 8670 9297 5842
f 9302 6436 8014
f 4786 6436 9301
f 6433 6436 4786
f 9302 9301 6436
f 4786 9301 9302
f 9302 8015 4786
f 14782 7526 1754
f 9314 9794 9305
f 9311 9794 9314
f 9306 9794 9311
f 3685 9307 9303
f 9309 9304 9308
f 9304 9309 9308
f 9320 9305 14783
f 14784 9305 9320
f 9315 9305 14784
f 9305 9315 9310
f 9305 9310 9314
f 9314 9306 9311
f 7548 14785 9315
f 9319 9314 9310
f 9316 9310 14785
f 14785 9310 9315
f 9316 14785 7548
f 9314 14746 9306
f 9312 14783 9307
f 9312 9320 14783
f 14784 9320 9317
f 14784 9317 9315
f 7548 9315 9313
f 9310 9316 9319
f 3685 9312 9307
f 6739 14746 9314
f 9320 9321 9317
f 9313 9315 9317
f 7560 9316 7548
f 9319 9316 9318
f 9321 9313 9317
f 7560 9328 9316
f 9328 9318 9316
f 9326 9333 9319
f 9333 9323 9319
f 9323 9314 9319
f 9325 9320 9312
f 9321 9322 9313
f 9320 9322 9321
f 9330 9326 9320
f 9322 9320 9326
f 9322 7560 9313
f 9319 9328 9326
f 9318 9328 9319
f 9324 14786 14787
f 9325 9312 3685
f 9327 9322 9326
f 9327 9326 9328
f 14786 9324 14787
f 9332 9320 9325
f 9327 9328 7560
f 9332 9325 3685
f 9332 9330 9320
f 7560 9322 9327
f 9330 9333 9326
f 9329 9323 9333
f 9333 5738 9329
f 9331 9330 9332
f 6842 9333 9330
f 9331 6842 9330
f 9332 6842 9331
f 6842 5738 9333
f 9340 9335 9336
f 9334 6812 9335
f 9335 6812 9336
f 6812 6810 9338
f 6812 9338 9336
f 9338 9339 9336
f 9336 9339 9337
f 9338 4389 9339
f 9336 11526 9340
f 11526 9336 9337
f 11526 9337 9341
f 9339 12356 9337
f 9340 11526 11945
f 11944 9343 9342
f 9342 9340 11945
f 11945 11944 9342
f 9344 11583 9345
f 9346 9344 9345
f 9348 9344 9346
f 9346 9345 10644
f 10646 9348 9346
f 10646 9346 10644
f 6910 9347 9348
f 6910 9348 10646
f 9349 9056 9057
f 9349 9350 9056
f 9350 9349 9057
f 9383 9057 8446
f 9352 9248 9350
f 9351 9353 9057
f 9353 9350 9057
f 9419 9057 9383
f 9352 9350 9353
f 9419 9351 9057
f 6326 9353 9351
f 6326 9351 9419
f 9250 9352 9353
f 9250 9353 9354
f 6327 9353 6326
f 9354 9353 6327
f 9356 10496 9355
f 9359 9622 9363
f 9360 9362 9361
f 9358 14598 9367
f 14598 9359 9367
f 9359 9363 9367
f 9360 9361 9380
f 9361 9364 9380
f 9365 9366 9364
f 9365 9364 9362
f 9362 9364 9361
f 9373 9380 9364
f 9366 9368 9369
f 9366 9369 9364
f 9364 9369 9373
f 9368 9371 9369
f 9369 9371 9370
f 9367 9363 9374
f 9372 9373 9369
f 9369 9370 9372
f 9370 9371 9372
f 9363 9357 9374
f 9363 9626 9357
f 9374 9357 9632
f 9357 9375 9632
f 9357 9626 9375
f 9377 8034 8033
f 9367 9378 9358
f 9365 9379 9366
f 9379 9368 9366
f 9379 9371 9368
f 9373 9372 9380
f 9376 9635 9377
f 8050 9377 9635
f 8034 9377 8050
f 9635 12952 8050
f 8447 8446 8445
f 9381 8447 8444
f 9381 8444 721
f 9383 8446 8447
f 9382 8447 9381
f 9382 9383 8447
f 9382 9381 725
f 725 9381 721
f 9384 9383 9382
f 9382 725 9384
f 727 9384 725
f 9390 9384 9385
f 9385 9384 9421
f 9419 9383 9384
f 9385 9387 9390
f 9386 9387 9388
f 9390 9387 9386
f 9391 9387 9385
f 9391 9385 9421
f 9387 9391 9388
f 9384 727 9421
f 9384 9420 9419
f 9384 9390 9420
f 9390 9386 9389
f 9420 9390 9389
f 9391 9420 9389
f 9389 9388 9391
f 9386 9388 9389
f 9391 9421 9420
f 9393 9392 9396
f 9396 9398 9394
f 11880 9398 3059
f 9397 9398 9396
f 9395 9399 9392
f 9392 9399 9396
f 9400 9396 9399
f 9400 9397 9396
f 9400 9399 9401
f 9397 9404 9398
f 9404 3061 9398
f 9395 9405 9399
f 9400 9401 9397
f 12594 9402 9405
f 9401 9403 9397
f 9397 9403 9404
f 9405 9401 9399
f 9405 9402 9401
f 9402 14110 9401
f 9401 14110 9403
f 9403 3061 9404
f 9406 14110 9402
f 14109 14110 9406
f 14112 14109 9406
f 9403 13547 3061
f 3478 3476 9407
f 9407 3476 8088
f 8088 9408 9407
f 8058 9409 8059
f 9408 9409 8058
f 9409 9408 8088
f 8062 9410 8054
f 9410 9411 8054
f 12056 12060 9412
f 1989 9414 9413
f 9414 1997 9413
f 744 9414 1989
f 1992 9414 744
f 9417 9415 9416
f 9417 9416 9418
f 9523 9417 9524
f 11510 9417 9418
f 9524 9417 11510
f 9422 6326 9419
f 9423 9419 9420
f 9422 9419 9423
f 9422 6327 6326
f 9423 9420 9421
f 9421 8498 9423
f 9421 727 8494
f 8496 9421 8494
f 9425 9422 9423
f 9425 9423 8498
f 8498 9421 8496
f 9425 8498 9424
f 9426 9422 9425
f 6992 9424 8498
f 9426 6330 9422
f 6996 9426 9425
f 6996 9425 9424
f 6996 9424 6992
f 9429 6329 9427
f 9427 6330 9426
f 9428 3691 9429
f 9431 9429 9427
f 9431 9428 9429
f 9431 9427 9430
f 9427 9426 6994
f 9430 9427 6994
f 9432 3691 9428
f 9434 9431 9430
f 9428 9431 9433
f 9428 9433 9432
f 9434 9430 9435
f 9431 9434 9433
f 9435 9430 8316
f 8316 9430 6994
f 9441 7002 9438
f 9438 7002 9439
f 9443 9437 9440
f 9447 9436 9441
f 9441 9438 9444
f 9444 9438 9439
f 9445 9447 9441
f 9442 9444 9439
f 9443 9442 9439
f 9446 9443 9440
f 9444 14599 9441
f 9441 14599 9445
f 9442 14599 9444
f 14599 9442 9450
f 9450 9442 9443
f 9450 9443 9446
f 9446 9440 9456
f 9445 9448 9447
f 9450 9446 9456
f 14599 9449 9445
f 9448 3116 9447
f 9449 9448 9445
f 9449 14599 3114
f 9451 9450 9456
f 3111 3116 9448
f 3111 9448 9449
f 3112 3114 14599
f 3112 14599 9450
f 3112 9450 9451
f 9453 10121 9452
f 8925 9454 9452
f 9453 9452 9454
f 9457 9440 9453
f 9455 9440 9457
f 9457 9453 9454
f 9458 9457 9454
f 8930 9454 8925
f 9456 9440 9455
f 9456 9455 9457
f 9458 9454 8930
f 9459 9457 9458
f 9459 9456 9457
f 9458 8930 3060
f 9460 9459 9458
f 9451 9456 9459
f 9460 9458 3060
f 9462 9459 9460
f 3062 9460 3060
f 9461 9451 9462
f 9462 9451 9459
f 13544 9462 9460
f 13544 9460 3062
f 9463 9461 9462
f 3497 9463 9462
f 9462 13544 3498
f 3499 9463 3503
f 3503 9463 3497
f 3497 9462 3501
f 3501 9462 3498
f 9464 6868 6866
f 9467 6866 6865
f 6867 9470 9465
f 1805 6868 9464
f 6866 9467 9464
f 1810 9466 1809
f 1813 9464 1810
f 9464 1813 1806
f 1810 9471 9466
f 9472 1810 9464
f 9472 9471 1810
f 9472 9464 9473
f 9477 9473 9464
f 9481 9468 9471
f 9464 9467 9477
f 9481 9469 9468
f 9478 9477 9467
f 9480 9842 9474
f 9476 9475 9465
f 9470 9476 9465
f 9484 9481 9471
f 9472 9484 9471
f 9477 9478 9482
f 9484 9472 9479
f 9479 9474 9483
f 9482 9478 9479
f 9478 9476 9479
f 9475 9476 9478
f 9474 9479 9480
f 9480 9479 9476
f 9480 4581 9865
f 9480 4574 4573
f 9480 9476 4574
f 9476 9470 4574
f 9473 9479 9472
f 9473 9482 9479
f 9481 9483 9469
f 9481 9484 9483
f 9477 9482 9473
f 9479 9483 9484
f 9480 4573 4581
f 8999 8980 9488
f 9000 8999 9485
f 8999 9488 9485
f 9488 9486 9485
f 9486 11392 9485
f 9486 9487 11392
f 9000 9485 9489
f 9485 9490 9489
f 9485 11392 9490
f 11392 11394 9490
f 11394 9491 9490
f 8988 7904 8980
f 7904 9488 8980
f 7905 9486 9488
f 9486 7905 9487
f 9489 9001 9000
f 9489 9490 9493
f 9489 9493 9010
f 9491 9495 9490
f 9493 9492 9010
f 9490 9495 9493
f 11394 9494 9491
f 9491 9494 9495
f 9493 9495 9492
f 9495 9494 8482
f 7913 9496 11410
f 9496 9497 9498
f 9496 9498 9500
f 9499 9498 9497
f 9498 9499 9500
f 9503 9501 9502
f 9501 9503 9504
f 9502 9504 9503
f 9505 9506 9508
f 9508 9509 9511
f 9508 9511 9505
f 1182 9507 1176
f 9517 9510 9508
f 9517 9508 9506
f 9511 9509 9510
f 9508 9510 9509
f 9513 9512 9519
f 9516 9520 9515
f 9517 9511 9510
f 9518 1175 9512
f 1175 9519 9512
f 9513 9514 9512
f 9521 9515 9520
f 9521 9516 9515
f 9522 14660 9518
f 9514 9522 9512
f 9512 9522 9518
f 9522 9514 9513
f 9525 9524 11510
f 9524 4767 9523
f 9526 4767 9524
f 2417 9524 9525
f 2418 9524 2417
f 2417 9525 11510
f 9526 9524 2418
f 2419 9526 2418
f 2421 2418 2417
f 2421 2417 11445
f 4007 9527 9531
f 9527 4007 4005
f 9528 4006 9531
f 4005 9530 9527
f 9530 9533 9527
f 9527 9533 9531
f 9528 9531 8606
f 9529 9530 4005
f 9528 8606 4006
f 9532 9533 9530
f 9533 8606 9531
f 9534 9536 9529
f 9529 9536 9530
f 9532 9530 9536
f 9532 9540 9533
f 9535 9537 12032
f 9539 9537 9535
f 12032 9537 3102
f 9534 3103 9537
f 9540 8606 9533
f 9541 9536 9534
f 9542 9532 9536
f 9538 9539 9535
f 9537 9539 9534
f 9534 9539 9541
f 9542 9536 9541
f 9549 9532 9542
f 9549 9540 9532
f 9540 8611 8606
f 9535 12056 9538
f 9538 9544 9545
f 9545 9546 9538
f 9546 9547 9538
f 9547 9539 9538
f 9547 9556 9539
f 9548 9541 9539
f 9561 9540 9549
f 9561 9562 9540
f 9562 8611 9540
f 9541 9548 9550
f 9542 9541 9550
f 9542 9550 9549
f 9552 9551 9557
f 9543 9549 9550
f 9549 9543 9552
f 9552 9543 9551
f 9557 9551 9553
f 9554 9544 9538
f 9544 9554 9555
f 9545 9544 9555
f 9559 9556 9546
f 9559 9546 9555
f 9555 9546 9545
f 9546 9556 9547
f 9556 9548 9539
f 9557 9561 9549
f 9561 9557 9562
f 9562 9557 8611
f 9557 9549 9552
f 9557 9558 8611
f 8611 9558 8615
f 9557 9553 9558
f 9553 8615 9558
f 9412 9538 12056
f 9554 9560 9559
f 9554 9538 9560
f 9538 9412 9560
f 9554 9559 9555
f 5440 5437 9566
f 9571 9564 5434
f 9563 10124 9567
f 9567 5441 9563
f 9565 5440 9566
f 9566 5437 5441
f 9573 9564 9571
f 9567 9566 5441
f 9567 9568 9566
f 9570 9566 9568
f 10124 9569 9567
f 9971 9570 9568
f 5974 9571 5973
f 9573 9572 9564
f 9572 9573 300
f 301 9571 5974
f 299 9572 300
f 300 9573 301
f 301 9573 9571
f 9584 9578 9574
f 9575 9579 9576
f 9585 9581 9578
f 9585 9578 9584
f 9574 9582 9584
f 9575 9583 9579
f 9580 9577 9583
f 9589 9584 9582
f 9589 9582 9579
f 9583 8814 9579
f 9579 8814 9589
f 9585 9584 9587
f 9587 9584 9589
f 9586 9585 9590
f 9589 9588 9587
f 9592 9589 8814
f 14594 8814 8815
f 9587 9590 9585
f 9588 9589 9592
f 8814 8821 9592
f 9593 9590 9591
f 9591 9590 9587
f 9591 9587 9594
f 9594 9587 9588
f 9594 9588 9592
f 9595 9593 9591
f 3204 9594 9592
f 8821 9596 9592
f 3206 11165 9593
f 3206 9593 9595
f 9595 9591 9594
f 9596 3204 9592
f 9597 9596 8821
f 8821 8824 9597
f 3205 9595 9594
f 3205 9594 3204
f 3205 3204 9596
f 9600 9598 9599
f 9600 5402 9598
f 9601 5402 9600
f 9599 10697 9600
f 5406 5402 9601
f 9601 9600 10697
f 10696 10697 9599
f 10696 9599 9602
f 9602 8702 10696
f 9605 9606 9609
f 9629 9623 9609
f 9628 9631 9610
f 9611 9629 9606
f 9629 9609 9606
f 9604 9631 9603
f 9610 9631 9604
f 9603 9631 9612
f 9606 9614 9611
f 9607 9615 9616
f 9616 9604 9618
f 9603 9612 9604
f 9604 9612 9618
f 9613 9611 9633
f 9614 9633 9611
f 9614 9606 9605
f 9617 9616 9618
f 9622 9359 11120
f 9622 11120 9624
f 11120 9639 9624
f 11122 9608 9625
f 9608 9621 9625
f 9621 9623 9625
f 9622 9624 9363
f 9639 11122 9624
f 11122 9625 9624
f 9363 9624 9626
f 9625 9627 9624
f 9623 9629 9625
f 9624 9627 9626
f 9625 9629 9627
f 9626 9627 9628
f 9626 9630 9375
f 9611 9627 9629
f 9604 9630 9626
f 9610 9604 9628
f 9604 9626 9628
f 9628 9627 9631
f 9631 9627 9611
f 9375 9630 9632
f 9630 9615 9632
f 9630 9604 9615
f 9604 9616 9615
f 9631 9613 9612
f 9611 9613 9631
f 9615 9607 9376
f 9616 9617 9607
f 9633 9614 9605
f 9617 9637 9607
f 9618 9612 9640
f 9640 9612 9636
f 9612 9613 9636
f 9605 9634 9633
f 9635 9376 9607
f 9607 9637 9635
f 9638 9613 9620
f 9613 9633 9620
f 9633 9634 9620
f 9640 9619 9637
f 9619 9640 9636
f 9613 9638 9636
f 10329 9642 9641
f 9642 9643 9641
f 9644 9645 10333
f 9644 10336 9645
f 9650 9646 9648
f 8217 9647 8214
f 9649 9648 9647
f 9649 9647 8217
f 9667 9650 9648
f 9667 9648 9649
f 9667 9665 9650
f 10792 9649 8217
f 9666 9667 9649
f 9657 12603 9654
f 10074 9655 9651
f 9651 9655 9653
f 9654 12607 12597
f 9657 9654 12597
f 9657 12597 9658
f 12610 9661 12597
f 9661 12610 9662
f 9668 9665 9667
f 9666 9649 10792
f 9669 9668 9667
f 9671 9667 9666
f 9671 9666 10792
f 9669 9667 9671
f 9672 9668 9669
f 9670 9668 9672
f 9671 9672 9669
f 2328 2327 9670
f 2328 9670 2326
f 2326 9670 9672
f 2326 9672 2329
f 2329 9672 9671
f 2329 9671 10796
f 9677 7475 8329
f 9679 9675 9673
f 7478 9674 7477
f 7475 9684 8332
f 9679 9676 9675
f 9678 9677 8329
f 9686 9676 9679
f 9680 9674 7478
f 9680 7478 9676
f 9684 7475 9677
f 9686 9680 9676
f 9682 9677 9678
f 9681 9674 9680
f 8328 9040 9678
f 9681 9673 9674
f 9686 9679 9685
f 9681 9683 9673
f 9673 9683 9679
f 9682 9684 9677
f 9683 9685 9679
f 8337 8332 9684
f 9040 9682 9678
f 9687 9682 9040
f 9684 9682 9034
f 9030 9681 9680
f 9028 277 8328
f 8328 277 9040
f 9035 9029 9681
f 9681 9029 9683
f 9683 9029 9032
f 9034 9682 9687
f 9687 9030 9034
f 9035 9681 9030
f 9688 9683 9032
f 9685 9683 9688
f 9032 9031 9688
f 9688 9031 11249
f 9034 9030 9033
f 9030 9680 9033
f 9685 9688 9686
f 9688 11249 11252
f 9684 9034 8337
f 9680 9686 9033
f 9686 9688 9038
f 338 885 9692
f 9689 338 9691
f 9691 338 9692
f 9691 9690 9689
f 6032 9691 9692
f 6031 9692 885
f 9694 9702 9695
f 9695 9702 9696
f 9695 9693 9694
f 9702 9704 8867
f 8867 9697 9696
f 9696 9702 8867
f 8867 9700 9697
f 9695 9698 9693
f 9704 9699 8867
f 9699 9700 8867
f 9693 9702 9694
f 9701 9702 9693
f 9698 9701 9693
f 9703 9701 9698
f 9701 9704 9702
f 9703 9704 9701
f 9706 4838 9707
f 9707 4838 7281
f 9706 7918 4838
f 7914 9706 9707
f 7918 9708 4838
f 9707 9708 7918
f 7917 7918 9706
f 9714 14565 9709
f 9714 9722 14565
f 9187 9186 9713
f 9712 9713 9186
f 3936 9710 9716
f 9712 9186 9711
f 9713 9712 9710
f 9712 9716 9710
f 9717 3937 9716
f 9186 9183 9711
f 9712 9715 9716
f 9717 9718 3937
f 9715 9712 9711
f 9711 9719 9715
f 9716 9715 9717
f 9721 9719 9720
f 9721 9715 9719
f 9721 9717 9715
f 9717 9729 9718
f 9714 9709 9722
f 9723 9724 14788
f 9711 9725 9719
f 9725 9720 9719
f 14788 9726 9723
f 9726 9724 9723
f 9728 9717 9721
f 9728 9729 9717
f 9727 9728 9721
f 9728 9727 9729
f 9731 9733 9730
f 9730 9732 9731
f 9731 9732 9733
f 8624 8625 9734
f 8625 8846 8847
f 8847 9736 8625
f 9734 8625 9735
f 9735 8625 9736
f 8851 8856 9736
f 8856 9737 9736
f 9736 9737 9735
f 9735 9737 9738
f 9735 9738 11927
f 9737 9739 9738
f 8227 6225 8856
f 8856 6226 9737
f 6226 9739 9737
f 6227 9739 6226
f 6225 6226 8856
f 9742 9740 9741
f 9744 9747 9745
f 9742 9743 9746
f 9743 9744 9746
f 9744 9745 11564
f 9744 11564 9746
f 10372 9756 9741
f 9748 9742 9741
f 9743 9742 9748
f 9744 9743 9752
f 9744 9752 9747
f 9749 9746 11568
f 9746 11564 11568
f 9741 9756 9748
f 9743 9748 9752
f 9747 9752 11570
f 11568 9750 9749
f 9756 10372 9751
f 9752 9748 9753
f 9753 9750 9752
f 9752 9750 11569
f 9749 9753 9755
f 9750 9753 9749
f 10980 9748 9756
f 10980 9753 9748
f 10980 9755 9753
f 9754 9756 9751
f 10295 9755 10980
f 9754 10981 9756
f 9759 9760 9761
f 9759 9761 9766
f 9766 9761 9763
f 9761 9762 9763
f 9762 9761 9760
f 9762 9757 9763
f 9765 9758 9764
f 9758 9765 9825
f 9758 9825 9826
f 9758 9827 9760
f 14601 9762 9760
f 14601 9781 9762
f 9763 9757 9781
f 9771 9769 9781
f 9771 9772 9782
f 9860 10448 9772
f 10448 9860 9773
f 9773 9775 9774
f 9775 9776 9774
f 9773 9860 9775
f 9773 9774 9779
f 9775 9767 9776
f 9776 9767 9777
f 9767 9775 9860
f 9778 9780 9779
f 9778 9767 9780
f 9778 9777 9767
f 9780 9767 9860
f 9779 9768 10450
f 9763 9781 9769
f 9781 9770 9771
f 9772 9771 9770
f 9772 10448 9782
f 9774 9776 9783
f 9784 9774 9783
f 9779 9774 9784
f 9783 9777 9784
f 9776 9777 9783
f 9784 9778 9779
f 9784 9777 9778
f 9768 9779 9780
f 9768 9780 9857
f 1024 9768 9857
f 8297 10811 9787
f 9789 3146 3153
f 9789 14679 9786
f 3153 14679 9789
f 9786 14679 3154
f 9786 1698 9789
f 9789 9790 9785
f 3159 9789 1698
f 3154 14677 3159
f 3154 3159 1698
f 9788 9790 9789
f 9791 8305 9787
f 3159 9788 9789
f 3164 9788 3159
f 9788 9306 9790
f 9306 9791 9790
f 9792 9788 3164
f 9792 9306 9788
f 9306 9795 9791
f 9795 8305 9791
f 14789 9792 3164
f 1764 1754 1744
f 9793 14789 3164
f 9792 9794 9306
f 14790 1754 1764
f 14790 1764 7526
f 14789 14791 9792
f 14791 9305 9792
f 9305 9794 9792
f 14790 14782 1754
f 14782 14790 7526
f 9801 4834 4835
f 4835 4831 9797
f 9797 4831 9800
f 13925 9800 4832
f 9798 9801 4835
f 9797 9799 4835
f 9799 9798 4835
f 9798 9799 9801
f 9799 9797 9805
f 9805 9797 9800
f 9799 9804 9801
f 9802 9800 13925
f 9801 9804 9806
f 9799 9805 9804
f 9803 9807 9806
f 9803 9806 9810
f 9807 9808 6861
f 9807 9803 9808
f 9808 9803 9810
f 9806 9804 9810
f 9813 9805 9800
f 9813 9800 9802
f 9810 9804 9805
f 9811 9809 9808
f 9810 9811 9808
f 9817 9810 9805
f 9817 9811 9810
f 9816 9812 9811
f 9816 9811 9817
f 9813 9817 9805
f 4571 9813 9802
f 9811 9814 9809
f 9815 9811 9812
f 9814 9811 9815
f 9816 9817 4569
f 4569 9817 9813
f 9818 3965 3975
f 3965 4347 3975
f 9818 13355 3965
f 9819 9818 3977
f 9818 3975 3977
f 9819 12518 12494
f 9819 3977 6062
f 9819 6062 12518
f 9765 9820 9845
f 9825 9765 9845
f 9827 9758 9826
f 9827 14601 9760
f 9823 9829 9821
f 9821 9830 9823
f 9820 9824 9822
f 9843 9822 9829
f 9843 9820 9822
f 9764 9824 9765
f 9765 9824 9820
f 9845 9820 9843
f 9829 9822 10548
f 9821 9829 9836
f 10560 9830 9836
f 10560 9837 9830
f 9824 9828 10548
f 9824 10548 9822
f 9836 9830 9821
f 9837 9466 9830
f 1809 9466 9837
f 9823 9843 9829
f 9823 9830 9838
f 9833 9830 9831
f 9831 9830 9832
f 9830 9466 9832
f 9838 9830 9833
f 9835 9832 9468
f 9834 9832 9835
f 9834 9831 9832
f 9845 9826 9825
f 9845 9839 9826
f 9839 9827 9826
f 14602 14601 9827
f 9836 9829 10548
f 9471 9832 9466
f 9843 9823 9838
f 9832 9471 9468
f 9840 9833 9831
f 9831 9834 9846
f 9468 9469 9835
f 9854 9846 9834
f 9854 9834 9847
f 9834 9835 9847
f 14602 9827 9839
f 14602 9862 14601
f 9862 9858 14601
f 9845 9843 9844
f 9838 9840 9844
f 9838 9833 9840
f 9831 9846 9840
f 9847 9835 9469
f 14602 9839 9848
f 9850 9847 9842
f 9474 9842 9847
f 9483 9474 9847
f 9849 14602 9848
f 9849 9850 9841
f 14602 9849 9851
f 9849 9841 9851
f 9842 9852 9850
f 9842 9480 9852
f 9850 9851 9841
f 9865 9852 9480
f 9851 9862 14602
f 9843 9838 9844
f 9844 9853 9845
f 9844 9840 9855
f 9853 9855 9839
f 9846 9855 9840
f 9846 9854 9855
f 9856 9854 9847
f 9469 9483 9847
f 9848 9839 9855
f 9849 9848 9855
f 9854 9849 9855
f 9854 9856 9849
f 9856 9850 9849
f 9850 9856 9847
f 9850 9852 9851
f 9852 9863 9851
f 9853 9844 9855
f 9858 9770 9781
f 9859 9860 9772
f 9861 9780 9860
f 9857 9780 9861
f 9869 9861 9860
f 9864 9859 9858
f 9868 9860 9859
f 9868 9869 9860
f 9869 1031 9861
f 1031 9857 9861
f 9864 9858 9862
f 9865 4581 9874
f 9874 4581 4575
f 9868 9859 9864
f 9866 9874 4575
f 9873 9867 9868
f 9874 9870 9867
f 9868 9867 9869
f 9867 9870 9869
f 9869 9870 9872
f 9870 9871 9872
f 9870 9866 9871
f 9866 4582 9871
f 9871 4582 1034
f 9872 9871 1034
f 4582 1036 1034
f 9869 9875 1031
f 9872 1034 9875
f 1031 9875 1037
f 1035 1037 9875
f 9875 1034 1035
f 9863 9862 9851
f 9864 9862 9863
f 9852 9865 9863
f 9863 9873 9864
f 9863 9874 9873
f 9863 9865 9874
f 9868 9864 9873
f 9874 9867 9873
f 9874 9866 9870
f 9872 9875 9869
f 9876 9877 10673
f 9876 10673 10675
f 2515 9876 10675
f 9878 9877 9880
f 9876 2515 4695
f 9880 9877 9879
f 9876 9879 9877
f 9881 9878 9880
f 9879 9876 4695
f 2520 9879 4695
f 9880 9879 9882
f 9881 9880 9883
f 9882 9879 9885
f 9885 9879 2520
f 9883 9890 9881
f 9884 9883 9882
f 9883 9880 9882
f 9890 9883 9884
f 9890 9884 9888
f 9884 9882 9885
f 9888 9884 9886
f 9886 9884 9885
f 9887 9890 9888
f 9886 9885 9889
f 9887 9888 9891
f 9888 4174 9891
f 4174 9888 9886
f 9889 9892 9886
f 4174 9886 9892
f 4177 9890 9887
f 9891 4177 9887
f 4175 4174 9892
f 4175 9892 14344
f 9892 204 14344
f 9895 8381 9893
f 9893 1355 9894
f 1355 8740 9894
f 2062 9898 9894
f 9895 9896 8381
f 9895 9893 9898
f 9893 9894 9898
f 9897 9894 8740
f 2062 9894 9897
f 8744 9897 8740
f 2062 2075 9898
f 9895 9898 9900
f 9904 9896 9895
f 9897 9901 9899
f 9900 9904 9895
f 9901 9897 8744
f 9901 2079 9899
f 2075 2079 9898
f 9899 2079 2078
f 9900 9898 2079
f 9900 2079 9901
f 8744 9902 9901
f 9904 2087 9896
f 2087 2070 9896
f 9903 9904 9900
f 9900 9901 9905
f 8383 9904 9903
f 9905 9902 8745
f 9902 8744 8745
f 9905 9901 9902
f 9900 9905 9903
f 8386 8383 9903
f 9903 9905 11585
f 1194 14075 1204
f 1192 1196 1205
f 14075 1195 1204
f 1205 1208 1195
f 1208 1210 1214
f 1223 1214 1210
f 10675 1220 4693
f 9931 7839 5551
f 3958 7837 9906
f 7840 7837 3958
f 9931 9909 7839
f 9911 7836 3658
f 9907 7101 7102
f 9907 7102 7841
f 9911 3658 7115
f 9908 9906 7837
f 9916 9907 7841
f 3962 9906 9908
f 9909 9931 9913
f 9931 9910 9913
f 9916 7841 9911
f 9913 3649 9909
f 3649 9913 7128
f 9931 9933 9910
f 9911 9912 9916
f 9912 9911 9915
f 7115 9915 9911
f 9910 9914 9913
f 9914 9910 3012
f 9915 7115 7136
f 7128 9913 9914
f 9914 3012 7128
f 9916 9912 9915
f 9917 9915 7136
f 9918 9916 9915
f 9917 9919 9915
f 9918 9921 10142
f 9918 9915 9919
f 9922 7153 9940
f 9941 9920 9922
f 9922 9920 9923
f 9925 9921 9918
f 9922 9923 7134
f 9922 7134 7153
f 9928 9923 9920
f 9925 7181 7093
f 9917 7152 9924
f 9925 9918 9927
f 9918 9919 9927
f 9919 9917 9924
f 6122 9923 9928
f 9928 9944 6114
f 9926 6122 9928
f 6124 7181 9925
f 6114 6115 9928
f 6123 9925 9927
f 6123 9927 6116
f 9927 9919 6116
f 6116 9919 9924
f 6118 9926 9928
f 6118 6119 9926
f 6119 6122 9926
f 9928 6115 6118
f 6123 6124 9925
f 6116 9924 7176
f 9929 10362 9932
f 9931 5551 9935
f 9935 9929 9932
f 9932 10362 9930
f 9933 9936 9910
f 9910 9936 3012
f 9936 3010 3012
f 9931 9935 9934
f 9938 3010 9936
f 9933 9931 9934
f 9933 9934 9941
f 9934 9935 9942
f 9935 9932 9939
f 9937 9932 9930
f 9941 9940 9933
f 9940 9936 9933
f 9940 9938 9936
f 9942 9935 9939
f 9932 9937 9939
f 9934 9942 9941
f 9940 9941 9922
f 9920 9941 9942
f 9920 9942 9944
f 9943 9942 9939
f 9939 9937 9943
f 9928 9920 9944
f 9944 9942 9943
f 9943 9937 9945
f 9937 9930 9945
f 9946 6114 9944
f 9948 3144 9951
f 2544 9949 9950
f 9947 9950 6150
f 6150 9950 3143
f 3143 9950 3144
f 9951 9950 9949
f 9951 3144 9950
f 2477 2478 11954
f 5430 9953 9952
f 9204 2295 9954
f 9954 2295 2296
f 9954 2296 2297
f 9954 2297 9955
f 9952 9955 2297
f 9952 2297 5433
f 5440 9953 5430
f 9953 9956 9957
f 9953 9957 9952
f 9204 9954 9958
f 9959 9952 9957
f 9958 9954 9961
f 9963 9955 9952
f 9565 9956 5440
f 9957 9956 9565
f 9565 9959 9957
f 9954 9955 9961
f 9963 9952 9959
f 9960 9959 9565
f 9961 9955 9963
f 9964 9962 7446
f 9960 9967 9959
f 9967 9963 9959
f 9963 9970 9961
f 72 7505 7448
f 9964 7447 7448
f 7447 9964 7450
f 9964 7446 7450
f 7448 9965 9964
f 9964 9965 9962
f 7448 7505 9965
f 9966 9962 9967
f 7505 7512 9965
f 9962 9965 9969
f 9962 9969 9967
f 9966 9967 9960
f 9960 9565 9566
f 7512 9968 9965
f 9965 9968 9969
f 9969 9970 9967
f 9967 9970 9963
f 9961 9969 9968
f 9970 9969 9961
f 9973 7446 9971
f 9971 7446 9962
f 9971 9568 9567
f 9966 9972 9962
f 9972 9971 9962
f 9972 9966 9960
f 9972 9960 9570
f 9960 9566 9570
f 9569 9973 9971
f 9567 9569 9971
f 9971 9972 9570
f 9976 9975 6948
f 9978 6924 9975
f 9976 9978 9975
f 9974 9976 6948
f 9977 9976 9974
f 7437 9974 7435
f 9977 9978 9976
f 9051 9980 9977
f 9977 9974 7437
f 9050 8370 9978
f 9053 9979 8370
f 9053 8370 9050
f 9050 9978 9977
f 9050 9977 9980
f 9051 9977 7437
f 9990 9982 298
f 9983 2386 9984
f 9984 2386 2394
f 9981 2402 2403
f 9986 9985 9987
f 9986 9993 9985
f 9985 9993 9987
f 9993 13158 9987
f 1056 295 297
f 295 1056 9989
f 9990 298 9983
f 298 295 9983
f 295 9989 9983
f 1056 2386 9989
f 2386 9983 9989
f 9983 9991 9990
f 9983 9984 9991
f 9992 9991 9984
f 9981 9984 2402
f 9984 2394 2402
f 9981 9992 9984
f 9981 2403 9993
f 9992 9981 9986
f 9981 9993 9986
f 9988 13158 9993
f 9988 9994 13158
f 9988 9993 9994
f 9993 2403 9994
f 2403 2405 9994
f 1537 9011 1880
f 9995 9996 1075
f 1075 9996 1074
f 9995 9997 9996
f 9996 9997 1074
f 9998 9997 9995
f 5682 1074 9997
f 5681 5680 9999
f 5682 9997 5680
f 9999 5680 9998
f 9998 5680 9997
f 10000 10002 10003
f 10001 10701 10703
f 10701 10001 10003
f 10003 10001 10703
f 10004 10002 10000
f 10005 10703 10701
f 10006 10002 10004
f 10008 10009 10007
f 13221 10008 10007
f 13221 10010 10008
f 10011 10009 10016
f 10008 10016 10009
f 10016 10008 10012
f 10008 10010 10012
f 10015 13224 10013
f 10013 7787 7788
f 13224 7787 10013
f 886 10011 10014
f 7792 10013 7788
f 10012 10017 10016
f 10014 10011 10016
f 889 886 10014
f 10021 10010 13221
f 10021 13221 10015
f 10018 10016 10017
f 890 889 10014
f 10014 10016 10018
f 10014 10018 10019
f 10017 10012 10020
f 10013 10021 10015
f 10018 10017 10020
f 890 10014 10019
f 10020 10012 10010
f 10020 10010 10021
f 11481 10019 10018
f 891 10019 11481
f 11481 10018 12881
f 12883 10021 10013
f 12887 10013 7792
f 10018 12880 12881
f 10018 10020 12880
f 10020 10022 12880
f 12886 10022 10020
f 12886 10020 10021
f 12887 12883 10013
f 10025 8268 8862
f 10023 10024 10027
f 10025 10027 10024
f 8864 10025 8862
f 10026 10025 8864
f 10029 10023 10027
f 10026 10027 10025
f 10028 10029 10027
f 10028 10027 10026
f 9598 10029 10028
f 10091 10026 8864
f 10091 10028 10026
f 9599 9598 10028
f 9599 10028 10091
f 10035 10036 10030
f 10036 10032 10030
f 10036 10048 10032
f 10048 10031 10032
f 12596 10032 10031
f 10031 10033 12596
f 10034 2922 2921
f 10048 9657 10031
f 2920 10034 2921
f 10058 10040 10039
f 10040 10038 10039
f 10030 10059 10035
f 10036 10035 10061
f 10064 10061 10035
f 10037 10061 10045
f 10042 10066 10043
f 10051 10061 10037
f 14792 10036 14793
f 10047 10046 10044
f 10045 10043 10066
f 10045 10066 14792
f 14792 10048 10036
f 10050 10046 10049
f 10047 10049 10046
f 10050 10067 10046
f 10066 10042 10052
f 10053 10052 10071
f 10053 10071 9652
f 10054 10040 10058
f 10075 10054 10058
f 10055 10059 10030
f 10038 10057 10039
f 10057 10060 10039
f 10060 10058 10039
f 10059 10075 10058
f 10056 10041 10057
f 10059 10058 10061
f 10059 10061 10062
f 10057 10041 10060
f 10063 10061 10060
f 10061 10058 10060
f 10061 10064 10062
f 10041 10043 10060
f 10060 10043 10045
f 10063 10045 10061
f 10063 10060 10045
f 10042 10043 10056
f 10056 10043 10041
f 10069 10037 10045
f 10037 10069 10065
f 14792 10070 10048
f 10049 10047 10044
f 10049 10067 10050
f 10042 10068 10052
f 10065 10069 10045
f 10070 14792 10066
f 10052 10068 10071
f 10066 10052 10070
f 10072 10070 10052
f 10072 10048 10070
f 10052 10053 10072
f 10048 10072 9657
f 10071 10068 9651
f 10072 10053 10073
f 10073 9657 10072
f 10074 9651 10068
f 10071 9651 9653
f 10071 9653 9652
f 10053 9652 12603
f 10053 12603 10073
f 10073 12603 9657
f 10055 10075 10059
f 10080 10077 10076
f 10077 6280 2363
f 10077 2363 10076
f 10076 2363 10078
f 12092 10077 10079
f 10077 10080 10079
f 10081 10080 10076
f 10082 10081 10076
f 10082 10076 10083
f 10083 10076 10084
f 10078 10084 10076
f 10084 10078 2367
f 10084 2367 2370
f 10081 10082 10083
f 2370 10085 10084
f 10089 10086 10088
f 10090 10088 10087
f 10089 10088 10090
f 10090 10087 2352
f 11209 10089 10090
f 11210 10086 10089
f 10093 8866 10092
f 9599 10091 10095
f 10094 10092 9226
f 10093 10092 10094
f 10095 10093 10094
f 8700 10094 9226
f 8702 9602 9599
f 8702 9599 10095
f 8701 10094 8700
f 8703 8702 10095
f 8703 10095 8701
f 8701 10095 10094
f 9905 8745 10098
f 8745 10096 10098
f 10097 10096 10110
f 10098 10096 10097
f 10097 10099 10098
f 10099 10104 10098
f 10104 10099 10101
f 10097 10110 11696
f 10100 10101 10103
f 10102 10101 10100
f 10103 10101 10099
f 10107 10100 10103
f 10101 10102 10106
f 10105 11590 10102
f 10102 11590 10106
f 10101 11590 10104
f 10106 11590 10101
f 8746 10099 10097
f 10097 11696 8746
f 7585 10107 10103
f 7585 10103 8748
f 8748 10103 8751
f 8751 10103 10099
f 8751 10099 8746
f 10109 5528 8259
f 10110 10096 10108
f 10112 10109 8259
f 10111 10110 10108
f 10111 10109 10112
f 8261 10112 8259
f 8264 10112 8261
f 10113 10110 10111
f 10113 10111 10114
f 10114 10112 8264
f 10114 10111 10112
f 8264 8266 10114
f 11696 10110 10113
f 11695 10113 10114
f 10114 8266 11695
f 8266 10024 10023
f 10115 8738 10116
f 10119 10115 10116
f 10118 7000 10117
f 10118 10117 10115
f 10118 10115 10119
f 10120 10118 10119
f 10116 10120 10119
f 10121 7001 10118
f 10121 10118 10120
f 10116 8920 10120
f 10121 10120 8920
f 9453 7001 10121
f 10121 8920 9452
f 9452 8920 8925
f 10123 7797 9564
f 10125 7800 10122
f 10125 10124 7800
f 10124 9563 7800
f 7454 9973 10125
f 10125 9973 9569
f 10125 9569 10124
f 7454 10125 10126
f 10126 10125 10122
f 9572 10123 9564
f 10122 10123 10129
f 7459 7456 7455
f 10126 10122 10127
f 10127 10122 10129
f 10129 10123 9572
f 7467 10126 10127
f 7470 7472 10128
f 10127 7474 7467
f 10129 7474 10127
f 8213 11678 10130
f 10128 10131 11678
f 10128 7472 10131
f 11678 10131 10130
f 10131 10132 10130
f 7472 7474 10131
f 7474 10132 10131
f 10129 10132 7474
f 299 10129 9572
f 10133 2376 2374
f 10133 2375 2376
f 7480 10135 10133
f 10135 2375 10133
f 7480 7486 10135
f 8920 10116 10134
f 10137 10134 2375
f 10135 10136 2375
f 10136 10137 2375
f 8920 10134 10137
f 7486 10136 10135
f 7486 10138 10136
f 10139 10138 7486
f 10138 10137 10136
f 10137 10138 8924
f 8924 8920 10137
f 8921 8922 10139
f 10139 8924 10138
f 10139 8922 8924
f 7071 3963 10140
f 10141 3962 9908
f 10141 10140 3962
f 10143 7071 10140
f 10141 9908 10142
f 10143 10140 10141
f 10141 10142 9921
f 10145 10143 10141
f 10144 10143 10145
f 10145 10141 9921
f 10145 9921 7093
f 9921 9925 7093
f 10145 7093 10144
f 10146 10147 10974
f 10147 10148 10974
f 10974 10148 10149
f 10153 10147 10146
f 10150 10148 10147
f 10150 10147 10153
f 10146 10578 10153
f 10151 10149 10148
f 578 10151 10148
f 10150 578 10148
f 10152 578 10150
f 10578 10584 10153
f 10150 10153 580
f 6454 10151 578
f 10152 10150 580
f 10153 579 580
f 10153 10584 579
f 10156 9944 9943
f 10155 9946 9944
f 9944 10156 10155
f 9946 10154 6114
f 10154 9946 10155
f 10156 9943 10157
f 9943 9945 10157
f 10157 9945 9746
f 10157 9746 9749
f 10156 10159 10155
f 10155 6126 10154
f 10157 10159 10156
f 10159 10157 10158
f 10155 10159 6126
f 10159 10234 10160
f 10160 6126 10159
f 9755 10157 9749
f 10161 9751 10372
f 10158 10157 9755
f 10206 10163 10162
f 10166 10235 10158
f 10163 10164 10162
f 10169 10158 10293
f 10293 10158 9755
f 10169 10166 10158
f 10165 10164 10163
f 6128 10164 10165
f 9755 10295 10293
f 10161 9754 9751
f 10167 6134 10294
f 6134 10170 10294
f 10294 10170 10168
f 6134 10171 10170
f 10170 10171 10168
f 10168 10171 10169
f 10166 10169 10171
f 10171 10261 10166
f 6134 6137 10171
f 10171 6137 10262
f 10167 10294 10297
f 10294 10168 10292
f 10292 10168 10169
f 10177 7187 6122
f 6124 7189 10172
f 10179 7176 7178
f 10176 7188 7189
f 10179 7178 7188
f 10172 7189 10173
f 10331 10172 10181
f 7189 7191 10173
f 7191 10174 10173
f 7185 10174 7191
f 7216 10174 7185
f 10173 10174 10175
f 10174 7216 10175
f 6116 7176 10178
f 10178 10176 6124
f 6127 10177 6122
f 10179 10178 7176
f 7189 6124 10176
f 10180 7188 10176
f 10180 10179 7188
f 10173 10181 10172
f 10173 10182 10181
f 10175 10182 10173
f 6125 10178 10183
f 10178 10179 10183
f 6127 10190 10177
f 10180 10176 14588
f 14588 10179 10180
f 10188 10331 10181
f 10177 10346 7174
f 10175 8193 10182
f 10187 10183 10179
f 10187 10179 14588
f 10193 10188 10181
f 10189 10193 10181
f 10190 10184 10191
f 10194 10177 10190
f 10194 10195 10177
f 10181 10182 10189
f 10195 10199 10177
f 10177 10199 10346
f 6127 6126 10184
f 10186 10185 10336
f 6127 10184 10190
f 10184 6126 10192
f 10185 10188 10193
f 10190 10191 10194
f 10191 10236 10194
f 10195 10197 10199
f 10196 10203 10194
f 10236 10196 10194
f 10197 10195 10200
f 10198 10197 10200
f 10197 10198 10199
f 10200 10209 10198
f 10205 10198 10209
f 10205 10199 10198
f 10196 10202 10201
f 10200 10195 10204
f 10222 10195 10194
f 10210 10201 10202
f 10210 10207 10201
f 10207 10208 10201
f 10202 10239 10210
f 10196 10201 10208
f 10196 10208 10203
f 10208 10214 10203
f 10211 10209 10200
f 10246 10210 10239
f 10204 10211 10200
f 10194 10203 10214
f 10204 10195 10222
f 10209 10211 10212
f 10205 10209 10212
f 10246 10207 10210
f 10207 10246 10208
f 10246 10213 10208
f 10214 10208 10213
f 10215 10213 10246
f 10216 10211 10204
f 10211 10216 10212
f 10215 10257 10213
f 10213 10257 10214
f 10194 10259 10222
f 10194 10214 10259
f 10216 10204 10222
f 10217 10212 10216
f 6133 10219 10226
f 10224 10219 10218
f 10227 6135 10220
f 6133 10226 10220
f 10227 10220 10221
f 10228 10220 10226
f 10229 10228 10226
f 10228 10221 10220
f 10222 10259 10230
f 10214 10257 10259
f 10216 10222 10217
f 10222 10223 10217
f 6137 10227 10225
f 5530 10219 10224
f 10226 10219 5530
f 10227 10221 10225
f 10264 10221 10259
f 10228 10230 10221
f 10230 10259 10221
f 10229 10232 10228
f 10230 10231 10222
f 10228 10231 10230
f 10231 10223 10222
f 10228 10232 10231
f 10232 10354 10231
f 5529 10218 6140
f 10218 5529 10224
f 5530 10224 5529
f 5531 10226 5530
f 10226 5531 5532
f 5532 10229 10226
f 10264 10225 10221
f 2456 10229 5535
f 10184 10192 10191
f 10235 10238 10233
f 10160 10192 6126
f 10159 10158 10234
f 10158 10235 10234
f 10234 10233 10160
f 10160 10233 10192
f 10235 10233 10234
f 10192 10233 10191
f 10233 10238 10191
f 10191 10238 10236
f 10242 10238 10235
f 10240 10236 10237
f 10236 10238 10237
f 10239 10196 10236
f 10240 10239 10236
f 10166 10242 10235
f 10241 10237 10242
f 10239 10202 10196
f 10237 10241 10240
f 10237 10238 10242
f 10247 10240 10251
f 10241 10251 10240
f 10253 10239 10248
f 10247 10248 10240
f 10239 10240 10248
f 10244 10243 10245
f 10243 10244 10245
f 10253 10246 10239
f 10242 10252 10241
f 10253 10248 10247
f 10250 10249 14794
f 10165 10206 6128
f 10163 10206 10165
f 10256 10246 10253
f 10251 10241 10252
f 10254 14795 10249
f 10254 10249 10250
f 10255 10242 10166
f 10215 10246 10256
f 10253 10247 10256
f 10251 10252 10247
f 10247 10252 10256
f 10255 10252 10242
f 10258 14795 10250
f 10250 14795 10254
f 10255 10258 10252
f 14795 10258 10255
f 10252 10257 10256
f 10252 10258 10257
f 10215 10256 10257
f 10257 10258 10250
f 10261 10255 10166
f 10263 10255 10261
f 10263 14795 10255
f 10260 10250 10263
f 10257 10250 10259
f 10171 10262 10261
f 6137 10225 10262
f 10262 10225 10264
f 10261 10262 10264
f 10264 10259 10250
f 10260 10264 10250
f 10264 10260 10261
f 10261 10260 10263
f 10265 10266 6136
f 10271 10265 10267
f 10267 6138 10268
f 10266 6139 6136
f 6139 10266 10273
f 10273 10269 6139
f 6140 6139 10269
f 10265 10271 10266
f 10167 10297 10274
f 10271 10267 10277
f 10270 10268 10167
f 10266 10271 10273
f 10273 10271 10272
f 10273 10272 10269
f 10267 10268 10270
f 10167 10274 10270
f 10277 8523 10271
f 10271 8523 8524
f 10275 10272 10271
f 10267 10276 10277
f 10276 10267 10270
f 10271 8524 10275
f 8524 5534 10275
f 10275 5534 5533
f 10275 5533 10272
f 8523 10277 10276
f 8526 8523 10276
f 10276 10270 10278
f 10278 10270 10274
f 8526 10276 10278
f 10279 8527 8526
f 10278 10279 8526
f 10279 10278 10281
f 8527 10279 10373
f 10281 10278 10280
f 10279 10281 10375
f 5944 5941 10282
f 10282 10586 5944
f 10282 5941 10285
f 10286 10282 10285
f 10286 10284 10282
f 10289 10283 10284
f 10285 5950 10286
f 5950 10287 10286
f 10287 10284 10286
f 10289 10284 10288
f 10288 10284 10287
f 10289 583 10283
f 585 583 10289
f 10290 10289 10288
f 10291 585 10289
f 10291 10289 10290
f 10291 8690 585
f 10293 10292 10169
f 10296 10292 10293
f 10161 10982 9754
f 10297 10294 10298
f 10296 10293 10295
f 10294 10292 10299
f 10292 10296 10299
f 10298 10294 10299
f 10984 10296 10295
f 10274 10297 10298
f 10296 10984 10299
f 10274 10298 10301
f 10300 10298 10299
f 10299 10985 10300
f 10278 10274 10301
f 10301 10298 10300
f 10300 10985 10987
f 10301 10280 10278
f 10302 10383 10301
f 10300 10302 10301
f 10302 10300 10987
f 10301 10304 10280
f 10304 10301 10383
f 10302 10987 10385
f 10161 5685 10982
f 10383 10302 10384
f 10303 5685 10161
f 10875 10883 10882
f 10305 10875 10882
f 13338 13337 10306
f 10420 13336 13340
f 10420 13340 10310
f 10307 10311 10316
f 10309 10307 10316
f 10312 10307 13332
f 10312 13332 10308
f 10313 10317 10310
f 10316 10311 10315
f 10315 10311 10318
f 10312 10311 10307
f 10317 10313 10314
f 10313 10315 10314
f 10314 10315 10318
f 10315 10313 10316
f 10314 10319 10317
f 10318 10311 10320
f 10320 10311 10312
f 3202 10312 10308
f 10442 10317 10319
f 10314 10318 10319
f 10318 10320 10319
f 10322 10320 10312
f 10321 10442 10319
f 10320 10322 10325
f 10324 10319 10325
f 10325 10319 10320
f 10326 10322 10312
f 10326 10312 3202
f 10327 10324 10325
f 14307 10323 10321
f 14307 10321 10319
f 14307 10319 10324
f 10327 10325 14306
f 14307 14305 10323
f 10325 10322 10326
f 14305 14307 14308
f 14308 14307 10324
f 10335 7096 10331
f 10335 7099 7096
f 7206 7099 10332
f 9643 10328 9641
f 9641 10328 10329
f 10328 9643 10329
f 9643 10185 10329
f 10186 10329 10185
f 10335 10332 7099
f 7206 10332 8193
f 10330 10331 10188
f 10185 9643 10333
f 10333 10330 10185
f 10185 10330 10188
f 10330 10334 10331
f 10334 10335 10331
f 10335 10189 10332
f 10189 10182 10332
f 10182 8193 10332
f 9645 10336 10333
f 10336 10337 10333
f 10336 10185 10337
f 10330 10333 10337
f 10337 10185 10334
f 10185 10193 10334
f 10337 10334 10330
f 10334 10193 10189
f 10189 10335 10334
f 10229 10338 10339
f 10229 10339 10232
f 10339 8103 10232
f 10338 10229 2456
f 2458 10339 10338
f 10340 10341 10342
f 10341 4166 4213
f 10343 10342 10341
f 10343 10341 10344
f 8193 10175 7206
f 7215 7213 10346
f 10345 7215 10347
f 10347 7215 10346
f 10199 10347 10346
f 10348 10347 10199
f 10345 10347 10349
f 10349 10347 10348
f 10350 10348 10199
f 10351 10199 10205
f 10350 10199 10351
f 10212 10351 10205
f 10217 10350 10351
f 10217 10351 10212
f 10352 10348 10350
f 10223 10350 10217
f 10349 10348 10353
f 10353 10348 10352
f 10223 10352 10350
f 10354 10355 10231
f 10354 10232 8103
f 10231 10355 10223
f 10354 8103 10353
f 10352 10354 10353
f 10354 10352 10355
f 10355 10352 10223
f 5542 5536 7305
f 10359 7311 10356
f 7305 5538 5542
f 5536 5542 5549
f 5549 10357 5536
f 10357 10356 5536
f 6726 10359 5537
f 10357 10359 10356
f 5537 10359 5548
f 5549 5542 5538
f 5538 5547 5549
f 10357 5549 10364
f 10360 10357 10364
f 10360 10359 10357
f 10358 10533 10360
f 10359 10361 5548
f 10359 10360 10361
f 10360 10533 10361
f 10369 10364 5549
f 10364 10358 10360
f 5548 10361 10362
f 10362 10361 10535
f 10370 10364 10369
f 10364 10365 10358
f 10365 10534 10358
f 10363 10365 10364
f 10365 10363 10366
f 10365 10366 10534
f 10362 10363 10368
f 10366 10363 10362
f 10535 10366 10362
f 5547 10367 10369
f 10363 10364 10370
f 10368 9930 10362
f 10370 10368 10363
f 9740 10368 10370
f 9740 10370 10369
f 10371 10369 10367
f 10371 9740 10369
f 10371 10367 9741
f 10367 10372 9741
f 9746 10368 9740
f 10368 9746 9930
f 9746 9945 9930
f 9741 9740 10371
f 9742 9746 9740
f 10373 10279 10375
f 10281 10280 10377
f 5930 10373 10374
f 10373 10375 10374
f 10377 10375 10281
f 10374 10375 10378
f 10378 10375 10377
f 10377 10376 10386
f 10379 10377 10386
f 10378 10377 10379
f 10381 5930 10374
f 10381 10374 10378
f 10378 10379 10380
f 10381 10378 10380
f 5932 5930 10381
f 10380 10379 10382
f 10382 10379 10389
f 10380 10382 10381
f 5932 10381 5933
f 10381 4712 5933
f 10382 4712 10381
f 4712 4714 5933
f 4712 10382 4713
f 10304 10377 10280
f 10376 10304 10383
f 10377 10304 10376
f 10384 10302 10385
f 10376 10383 10386
f 10386 10383 10384
f 10384 10385 10387
f 10386 10384 10387
f 10379 10386 10389
f 10385 10999 5687
f 10387 10385 5687
f 10303 5688 5685
f 10386 10387 10389
f 10387 5687 10388
f 10389 10387 10388
f 5687 5693 10388
f 1477 5688 10390
f 1477 5691 5688
f 10303 10390 5688
f 4713 10382 8380
f 10382 10389 8380
f 10389 10388 8380
f 10388 5693 8381
f 8380 10388 8381
f 5693 5690 8381
f 4718 4716 10393
f 4716 4717 10394
f 4717 10391 10394
f 4717 10392 10391
f 10392 4280 10391
f 4716 10396 10393
f 4716 10394 10396
f 10391 10395 10394
f 4280 4283 10391
f 10391 4283 10395
f 10396 10394 8976
f 10396 8976 11007
f 10394 10395 8976
f 10395 4285 8976
f 10395 4283 4285
f 4281 4285 4283
f 11007 8976 8356
f 4285 4286 8976
f 10397 10403 10399
f 10398 10400 10399
f 10403 9239 10730
f 10730 10401 10403
f 10397 9239 10403
f 10399 10403 10398
f 10398 10402 10400
f 10403 10405 10398
f 10404 10402 10398
f 10401 10405 10403
f 10406 10405 10401
f 10398 10405 10406
f 10406 10404 10398
f 10408 4161 7495
f 10408 7495 10409
f 10409 7495 10415
f 10415 7495 10407
f 10411 10408 10409
f 10411 4164 10408
f 10410 10411 10409
f 10410 10409 10415
f 4164 10411 4797
f 4797 10411 4796
f 4796 10411 10410
f 4796 10410 4791
f 10415 10407 10412
f 10414 10415 10412
f 10414 10412 10413
f 10414 10413 4488
f 4790 10415 10414
f 4791 10410 10415
f 4791 10415 4792
f 4792 10415 4790
f 4790 10414 5308
f 10417 10416 10418
f 10418 4313 4312
f 13336 4312 4314
f 10419 10416 10417
f 10418 4312 13336
f 10420 10418 13336
f 10422 10417 10418
f 10422 10418 10420
f 10417 10421 10424
f 10419 10417 10424
f 10422 10420 10317
f 10310 10317 10420
f 10424 13649 13650
f 10437 10440 10427
f 10437 10421 10440
f 10417 10440 10421
f 10440 10417 10422
f 10431 10423 10432
f 10432 10424 10425
f 10432 13649 10424
f 10434 10428 13664
f 13664 10429 10433
f 13651 10433 10429
f 13664 10433 10434
f 13651 10430 10433
f 10431 10425 10435
f 10434 10433 10436
f 10426 10433 10430
f 10430 10431 10426
f 10431 10435 10426
f 10435 10425 10424
f 10433 10437 10436
f 10426 10435 10437
f 10435 10424 10421
f 10436 10427 13763
f 10437 10427 10436
f 10433 10426 10437
f 10435 10421 10437
f 10438 10427 10439
f 10427 10440 10439
f 10442 10422 10317
f 10432 10425 10431
f 10440 10441 10439
f 10440 10422 10441
f 10445 10422 10442
f 10444 10441 10422
f 10444 10422 10443
f 10422 10445 10443
f 10442 10323 10445
f 10446 10439 10441
f 13817 10439 10446
f 10446 10441 10444
f 13817 10446 8777
f 8778 10446 10444
f 8775 8777 10446
f 8787 8775 10446
f 8787 10446 8778
f 10443 8780 8779
f 8783 8778 10444
f 8783 10444 10443
f 8779 8783 10443
f 8780 10443 8785
f 8785 10443 10445
f 8785 10445 10323
f 8786 8785 10323
f 10453 10448 9773
f 10454 10449 10453
f 9779 10453 9773
f 10451 9763 9769
f 10451 9769 10452
f 9782 9769 9771
f 10452 9769 9782
f 10448 10452 9782
f 10452 10448 10449
f 10449 10448 10453
f 10453 9779 10454
f 10450 10454 9779
f 10450 4354 10454
f 11834 10456 10455
f 10390 1476 1477
f 10459 4352 10450
f 10459 10450 9768
f 10459 9768 1024
f 4352 10459 10457
f 1024 1025 10459
f 10459 1026 10457
f 1025 1026 10459
f 10458 10457 1026
f 1026 10460 10458
f 10457 290 4356
f 10457 10458 1027
f 290 10457 1027
f 10458 10460 1027
f 12083 10461 12084
f 12083 4357 10461
f 12083 4358 4359
f 10467 13110 10466
f 10470 10463 10462
f 13080 10463 10470
f 10464 10466 13110
f 10470 10462 10465
f 10470 10465 10469
f 10469 10465 10467
f 10466 10469 10467
f 10464 10469 10466
f 13080 10470 10468
f 10470 10469 10749
f 10748 10468 10470
f 10749 10469 10464
f 6451 10749 10464
f 8086 10488 8085
f 10471 8102 10472
f 10473 10486 11100
f 10473 11100 10476
f 10476 11100 11102
f 10481 10477 10476
f 8083 10485 8086
f 10472 8083 10471
f 10472 10485 8083
f 10486 10473 8087
f 10472 8102 10487
f 8102 8087 10487
f 8087 10473 10487
f 8086 10489 10488
f 8086 10485 10489
f 10485 10472 10489
f 10474 10472 10487
f 10472 10474 10489
f 10490 10474 10487
f 10477 10475 10473
f 10477 10473 10476
f 10482 10489 10478
f 10480 10478 10489
f 10489 10474 10480
f 10477 10490 10475
f 10477 10481 10490
f 10484 10478 10480
f 10484 10480 10492
f 10490 10481 10491
f 10478 10493 10482
f 10478 10484 10493
f 10481 10483 10491
f 10481 11116 10483
f 10484 10495 10493
f 10484 10492 10495
f 10492 10479 10495
f 10497 10495 10491
f 10491 10495 10479
f 11116 11117 10483
f 10493 10495 14796
f 10494 10497 10491
f 10491 10483 10494
f 10494 10483 11117
f 10495 10497 14796
f 14796 10497 10494
f 9356 9355 10496
f 14796 10494 9378
f 10494 9358 9378
f 9358 10494 14598
f 10494 11117 14598
f 11117 9359 14598
f 5385 5387 10498
f 10498 5387 5386
f 5385 10498 10499
f 10498 10500 5392
f 5392 10500 5388
f 10499 10498 10501
f 10498 5392 10501
f 5002 10499 10501
f 10501 5392 10507
f 2310 10504 10503
f 10503 11124 10502
f 10504 10505 10503
f 10503 10506 11124
f 10503 10505 10506
f 4997 4998 10504
f 4998 5002 10504
f 10506 10501 11124
f 10504 5002 10505
f 10505 10501 10506
f 10505 5002 10501
f 10510 10509 12449
f 10510 12449 10515
f 10508 10509 10510
f 10511 10510 10515
f 10512 10511 10515
f 10513 8424 10508
f 10510 10511 10508
f 10513 8436 8424
f 10513 10508 10511
f 9152 10513 10511
f 9155 8436 10513
f 9153 8436 9155
f 9155 10513 9152
f 9157 9152 10511
f 10516 10514 5939
f 10517 10516 5940
f 12449 10514 10515
f 10515 10514 10516
f 10518 10515 10516
f 10512 10515 10518
f 10518 10516 10517
f 10519 10518 10517
f 10517 7876 10519
f 7876 12450 10519
f 10520 10512 10518
f 10520 10518 10521
f 10521 10518 10519
f 9157 10511 10512
f 10525 10520 10521
f 10524 9157 10512
f 10524 10512 10520
f 10522 10524 10520
f 10522 10520 10525
f 10523 10521 10519
f 10523 10525 10521
f 10519 12456 10523
f 12456 10519 12457
f 12456 10526 10523
f 13095 10522 10525
f 10530 9282 10528
f 10529 10527 11232
f 10527 10529 10528
f 10529 10530 10528
f 10530 1887 9282
f 10531 10529 11232
f 8643 11232 1845
f 10538 1887 10530
f 10531 11232 8643
f 10532 10530 10529
f 10361 10533 10529
f 10532 10538 10530
f 10358 10534 10533
f 10532 10533 10534
f 10532 10529 10533
f 10361 10529 10535
f 10535 10529 10537
f 10529 10531 10537
f 1091 1887 10538
f 10538 10532 10537
f 10536 10532 10534
f 10536 10537 10532
f 10540 1091 10538
f 10536 10534 10366
f 10536 10366 10535
f 10537 10536 10535
f 10539 10537 10531
f 10539 10531 8643
f 10542 10538 10537
f 10542 10537 10539
f 8646 10539 8643
f 10542 10540 10538
f 10542 10541 10540
f 10541 10543 10540
f 11562 10542 10539
f 11562 10539 8646
f 10544 10542 11562
f 10545 10557 10561
f 10547 10548 10546
f 9837 1807 1809
f 10549 10562 10552
f 10550 10553 10554
f 10550 10551 10553
f 10551 1811 1815
f 10554 10562 10549
f 10545 10570 10557
f 10570 10556 10558
f 10556 10555 10546
f 10557 10570 10558
f 10558 10556 10546
f 10555 10571 10546
f 10571 1807 10559
f 10557 10558 10561
f 10546 10571 10560
f 10571 10559 10560
f 10558 10546 10548
f 10560 10547 10546
f 1807 9837 10559
f 10558 10548 10561
f 10547 10560 9836
f 10561 10548 9828
f 9836 10548 10547
f 10560 10559 9837
f 10550 10554 10549
f 10562 10563 10552
f 10553 10551 10573
f 10551 1815 10573
f 10562 10565 10563
f 10562 10566 10565
f 10562 10554 10566
f 10573 10564 10553
f 10564 10573 1820
f 10565 10566 10567
f 10553 10564 10569
f 10566 10568 10567
f 10554 10555 10566
f 10554 10553 10555
f 10553 10569 10555
f 1820 10569 10564
f 10566 10555 10568
f 10567 10570 10545
f 10567 10568 10570
f 10571 10555 10569
f 10569 10572 10571
f 10555 10556 10568
f 10568 10556 10570
f 10571 10572 1807
f 1815 1820 10573
f 10569 1820 10572
f 1820 1822 10572
f 5236 10576 5234
f 10577 10576 5236
f 10581 10574 10576
f 10575 10574 10581
f 10581 10576 10577
f 1344 10577 5236
f 10579 10575 10581
f 10579 11335 10575
f 10581 10577 1344
f 10580 10578 10579
f 1346 10581 1344
f 10582 10580 10579
f 10583 10581 1346
f 10583 10582 10579
f 10583 10579 10581
f 10584 10578 10580
f 10284 10580 10582
f 10584 10580 10284
f 10585 10583 1346
f 10283 10584 10284
f 10582 10282 10284
f 10586 10282 10583
f 10282 10582 10583
f 5944 10586 10587
f 10586 10583 1354
f 10587 1351 1353
f 10587 10586 1351
f 10586 1354 1351
f 10583 10585 1354
f 10589 10588 10593
f 10588 5269 10591
f 10590 10591 5269
f 10589 10593 10592
f 10593 10595 10592
f 10588 10591 10593
f 10596 10591 10597
f 10598 10592 10595
f 10596 10595 10593
f 10593 10591 10596
f 10604 10601 10600
f 10613 10599 5303
f 5303 10599 10602
f 10600 10601 10603
f 10601 10604 10603
f 10613 5302 14797
f 10589 10605 5256
f 10589 5256 10588
f 10606 10591 10590
f 10606 10597 10591
f 12562 10592 10598
f 10595 10609 10598
f 10595 10596 10607
f 10596 10597 10607
f 10595 10607 10609
f 10597 10608 10607
f 10597 10606 10608
f 10607 10610 10609
f 10607 10608 10610
f 10598 10609 10611
f 10606 10599 10608
f 10609 14797 10611
f 10609 10610 14797
f 10599 10606 10612
f 10599 10610 10608
f 10613 14797 10610
f 10612 10602 10599
f 10614 10616 10618
f 10614 10618 10617
f 10614 10622 10616
f 10615 10622 7367
f 10615 10616 10622
f 7368 7367 10622
f 10619 10625 10617
f 10618 10619 10617
f 10615 7367 7384
f 10620 1463 10621
f 7377 10621 1463
f 7379 7381 7377
f 10621 7377 10622
f 7377 7381 10622
f 10621 10622 10623
f 10614 10623 10622
f 10624 10627 12039
f 10624 10625 10619
f 10626 12039 10628
f 12039 10627 10628
f 10627 10624 10619
f 10619 10618 12411
f 10618 10616 12411
f 10615 7384 10616
f 7384 12411 10616
f 10629 10630 12091
f 10630 10629 10632
f 10632 10629 12414
f 10630 10632 10631
f 10632 10638 10631
f 10638 10632 10634
f 10636 10634 10632
f 10635 10636 10632
f 10635 10632 10637
f 4195 10638 10634
f 10636 10635 10637
f 11980 12414 11981
f 10640 10642 10639
f 10643 10639 10641
f 10643 10641 7014
f 10640 9345 10642
f 10640 10639 10643
f 10645 10640 10643
f 10644 9345 10640
f 7015 10643 7014
f 10645 10643 7015
f 10646 10644 10647
f 10647 10644 10640
f 10647 10640 10645
f 10647 10645 7015
f 10655 10648 10653
f 10648 10649 10653
f 10649 14604 10650
f 14604 10651 12689
f 12689 10651 10654
f 10651 10652 10654
f 10650 12689 10659
f 10656 10654 10657
f 10666 10655 10658
f 10655 10653 10658
f 10660 14603 10650
f 10659 12689 10661
f 12689 10654 10661
f 10661 10654 10656
f 10661 10656 10662
f 10662 10656 10657
f 10660 10650 10661
f 10650 10659 10661
f 10665 10660 10661
f 12691 10661 10662
f 10664 10665 10661
f 10669 10661 10670
f 10670 10661 10668
f 10661 12691 10668
f 10666 10658 10672
f 10663 10672 10658
f 10667 10669 10670
f 10663 10665 10671
f 10665 10664 10671
f 10671 10672 10663
f 10676 10669 10667
f 10672 10671 10674
f 10670 10676 10667
f 10675 10676 10670
f 10675 10670 10668
f 10675 10673 10676
f 10671 10664 10674
f 10668 1220 10675
f 9878 10676 9877
f 10673 9877 10676
f 10678 10677 10680
f 10678 9161 9164
f 10679 10680 10677
f 10679 10677 10678
f 10679 10678 9164
f 10679 9164 10681
f 10680 10679 10682
f 10679 10683 10682
f 10683 10679 10681
f 10683 9164 9167
f 10681 9164 10683
f 10684 8759 8757
f 10684 10685 8759
f 11888 8758 10686
f 8758 8755 10686
f 10693 8753 10685
f 10684 10689 10685
f 11888 10686 10688
f 10686 10691 10685
f 8756 10690 10691
f 10690 8756 8749
f 10693 9162 8753
f 10689 10684 11890
f 11890 10688 10689
f 10689 10688 10686
f 10686 10685 10689
f 10690 8749 10687
f 10691 10693 10685
f 10692 10690 10687
f 10692 10687 5401
f 10694 10691 10690
f 10695 10693 10694
f 10694 10693 10691
f 10694 10690 10692
f 207 10694 10692
f 9172 10693 10695
f 4319 9175 9172
f 210 10694 207
f 4319 9172 10695
f 4316 10695 4315
f 4315 10695 10694
f 4315 10694 4322
f 4322 10694 210
f 215 9601 10697
f 10697 10696 8703
f 8703 10696 8702
f 10698 215 10697
f 10699 10697 8703
f 215 10698 10700
f 10699 10700 10698
f 10699 10698 10697
f 5807 10700 10699
f 11761 215 10700
f 11761 10700 5807
f 10003 10002 10701
f 10701 10002 10006
f 8811 10705 10702
f 10704 10005 10701
f 10704 10701 10006
f 10706 8811 10702
f 10703 10005 10707
f 8811 13543 10705
f 10707 10005 10704
f 10708 8811 10706
f 10708 10710 8811
f 8811 10710 8817
f 10708 10709 10710
f 10711 10710 10709
f 10711 10712 10710
f 10712 8817 10710
f 10712 10713 8817
f 10713 10714 8817
f 13849 8817 10714
f 10713 13849 10714
f 13849 8826 8817
f 10715 14798 10716
f 10720 10723 10718
f 10720 10717 10723
f 10717 10719 10723
f 10729 10717 6224
f 10729 10719 10717
f 10718 10722 10720
f 10718 10723 10721
f 10724 10722 10718
f 10718 10721 10724
f 10723 10719 9231
f 10724 10721 9233
f 10721 10723 9230
f 10723 9231 9230
f 10719 9232 9231
f 10719 10729 9232
f 11617 8207 10725
f 10725 10726 11617
f 10728 10726 10725
f 10727 10726 10728
f 11847 10728 9299
f 11847 9299 8672
f 11156 10726 10727
f 11843 10728 11847
f 10727 10728 11843
f 9232 10729 9235
f 10729 10803 9235
f 10803 10730 9235
f 9235 10730 10731
f 9235 10731 9238
f 10731 10730 9239
f 3082 10732 3084
f 10732 3082 10734
f 3083 10734 3082
f 10734 3083 11321
f 10732 10733 3077
f 3077 3084 10732
f 10732 10734 10737
f 10736 10733 10732
f 10736 10732 10737
f 11329 10735 10734
f 10735 10737 10734
f 11331 10736 10737
f 10736 11331 11332
f 10737 10735 11329
f 8908 8909 10738
f 10738 8909 14777
f 10739 10740 8912
f 10739 8912 8913
f 10740 10739 10741
f 10742 10740 10741
f 10741 10739 11598
f 11607 10741 11598
f 10743 10742 10744
f 10744 10742 10741
f 2950 10742 10743
f 10745 10744 10741
f 10746 2950 10743
f 10743 10744 10746
f 10745 11610 2947
f 10746 10744 10745
f 2945 10746 2947
f 2947 10746 10745
f 10748 13092 10468
f 10749 10748 10470
f 10749 6451 10747
f 10750 10748 10749
f 10751 10749 10747
f 10751 10750 10749
f 10753 10751 10747
f 10750 10751 10752
f 10752 13150 10750
f 10753 10747 6453
f 10755 10752 10751
f 10755 10751 10753
f 6456 10753 6453
f 13150 10752 10754
f 2209 10753 6456
f 10754 10752 10756
f 10756 10752 2206
f 2206 10752 10755
f 2209 10755 10753
f 10761 2210 10757
f 2210 2208 10757
f 10759 2208 2209
f 2209 6456 10759
f 10761 10757 10758
f 2208 10759 10757
f 6456 6460 10759
f 6459 10758 10757
f 10757 10759 6459
f 6460 6461 10759
f 6461 6459 10759
f 10758 6459 10761
f 6460 6458 6461
f 10761 6459 10762
f 6459 10760 10762
f 6459 6461 10760
f 6461 8684 10760
f 10762 10760 8682
f 10762 8682 8683
f 10760 8684 8682
f 6457 8681 6462
f 8693 10762 8683
f 10764 10761 10762
f 10762 8693 10765
f 10763 2211 10761
f 10763 10761 10766
f 10766 10761 10764
f 10765 10764 10762
f 10771 10766 10764
f 10769 10764 10765
f 10767 10766 10771
f 10768 10764 10769
f 10771 10764 10768
f 10774 10768 10769
f 10770 10767 10771
f 10771 10773 10772
f 10773 10771 10774
f 10771 10768 10774
f 8698 10774 10769
f 10771 10772 10770
f 8689 8688 10777
f 8690 10291 8688
f 10291 10777 8688
f 10775 8689 10777
f 10776 10777 10291
f 10775 10777 10776
f 10291 10290 10776
f 8692 8689 10778
f 10778 8689 10775
f 7585 7586 10107
f 11940 10779 11936
f 10780 10779 11940
f 10782 5476 10781
f 10782 10781 10780
f 2552 10782 10780
f 2552 10780 11940
f 2061 5522 10784
f 10784 5522 6911
f 2068 10783 7901
f 10784 6911 2077
f 2068 7901 7912
f 7901 10783 9487
f 10783 2068 10784
f 2068 2061 10784
f 9487 10783 10785
f 10783 10784 10786
f 2077 2080 10784
f 10786 10785 10783
f 2086 10786 10784
f 10787 10785 10786
f 10787 11409 10785
f 2086 10789 10786
f 10786 10789 10787
f 2088 10788 10789
f 11410 10789 7913
f 11410 10787 10789
f 10793 10790 8216
f 10793 10792 10790
f 10791 10793 8216
f 10796 9671 10792
f 10795 10793 10791
f 10794 10792 10793
f 10794 10793 10795
f 10796 10792 10794
f 10791 9261 10795
f 2329 10796 9263
f 9263 10796 10794
f 9263 10794 10795
f 9263 10795 9261
f 10799 10798 10968
f 7874 10798 10800
f 10800 10798 10799
f 10799 10968 10969
f 7875 7874 10800
f 10801 10800 10799
f 10801 10799 10802
f 10799 10969 10802
f 7878 7875 10800
f 10800 8132 7878
f 8132 10800 8131
f 8131 10800 10801
f 8131 10801 8133
f 10802 8130 10801
f 6224 10803 10729
f 4232 10807 8457
f 10806 10804 10805
f 10807 10806 10808
f 4232 4233 10807
f 10808 8457 10807
f 8519 10805 10804
f 3094 10804 10806
f 10805 10808 10806
f 10807 3094 10806
f 4236 3094 10807
f 4233 4236 10807
f 10813 10808 10805
f 10813 10805 10810
f 8519 10810 10805
f 3088 10810 8519
f 10809 10810 3088
f 3146 10809 3088
f 10811 10812 10813
f 10809 10813 10810
f 9787 10811 10813
f 9789 10809 3146
f 9789 9785 10809
f 9785 10813 10809
f 9785 9790 10813
f 9790 9791 10813
f 9791 9787 10813
f 11562 8646 10815
f 10815 8646 8645
f 10814 8644 11378
f 10814 11378 11298
f 10814 8645 8644
f 11302 10814 11298
f 10815 8645 10814
f 10816 10815 10814
f 10816 10814 11302
f 10818 10815 10816
f 5233 10817 5998
f 5998 10817 10818
f 5998 10818 6000
f 6000 10818 11577
f 11577 10818 10816
f 6063 6065 10819
f 10819 6065 6070
f 10833 10823 10825
f 10833 10822 10823
f 10822 10827 10823
f 10829 10831 10828
f 10825 10823 10826
f 10827 10822 10828
f 10822 10829 10828
f 10831 4529 10828
f 10827 10849 10823
f 10827 10828 10849
f 10821 13405 10832
f 10820 10821 10832
f 10833 10820 10832
f 10822 10833 10830
f 10829 10822 10830
f 10831 10829 10830
f 10824 10856 10821
f 10834 10833 10832
f 10833 10838 10830
f 10830 4530 10831
f 13405 10834 10832
f 10834 10838 10833
f 10830 4535 4530
f 13405 10835 10834
f 10835 10836 10834
f 10830 10838 4535
f 10834 10836 10838
f 10836 10837 10838
f 5310 10836 10835
f 10837 14587 10838
f 14587 5311 10838
f 10838 5311 4535
f 14171 10839 10840
f 10839 10845 10840
f 10841 10840 10845
f 10843 10845 10839
f 10841 10846 14169
f 14170 14169 10846
f 10846 10842 14170
f 10845 10843 10847
f 10845 10854 10841
f 10841 10854 10846
f 10847 10844 10845
f 10859 14605 10843
f 10843 14605 10847
f 10845 10844 10854
f 10854 10848 10846
f 10844 10855 10854
f 10843 10853 10859
f 14605 10859 10844
f 10860 10844 10859
f 10860 10855 10844
f 10824 10825 10856
f 10825 10826 10858
f 10826 10823 10858
f 10823 10849 10858
f 10828 10851 10849
f 10828 10855 10851
f 10828 4529 10855
f 10850 10858 10849
f 10850 10849 10857
f 10849 10851 10857
f 10825 10858 10856
f 10851 10855 10852
f 10853 10858 10859
f 10858 10850 10859
f 10850 10857 10859
f 10860 10859 10851
f 10859 10857 10851
f 10852 10860 10851
f 10852 10855 10860
f 10855 4529 10854
f 4529 10873 10854
f 10866 10864 11207
f 11207 10862 10866
f 10842 10870 10863
f 10863 10866 10861
f 10866 10862 10861
f 10846 10870 10842
f 10868 10863 10870
f 10868 10872 10863
f 10863 10874 10866
f 10874 10867 10866
f 10848 10870 10846
f 10872 10874 10863
f 10869 10865 10867
f 10874 10869 10867
f 10873 10868 10870
f 4523 10865 10869
f 10872 10868 10871
f 10871 10868 10873
f 10872 10871 4528
f 10874 10872 4528
f 10873 10848 10854
f 10870 10848 10873
f 4526 10871 4529
f 4526 4528 10871
f 4528 4523 10869
f 4529 10871 10873
f 10869 10874 4528
f 6077 6068 10881
f 10881 6068 10875
f 10878 10877 6081
f 6081 10877 10876
f 10880 10878 6081
f 10879 10880 6081
f 10876 10877 10878
f 10888 10879 6075
f 10883 10875 6078
f 10883 6078 6079
f 10880 10879 10887
f 10887 10879 10888
f 14042 10888 6075
f 10305 10881 10875
f 10885 10881 10889
f 10881 10305 10889
f 10886 10883 10884
f 10884 10883 6079
f 10305 10882 10889
f 10882 10883 10889
f 12528 10885 10889
f 10889 10883 10890
f 10883 10886 10890
f 10892 10887 10888
f 10892 10888 10893
f 10886 10891 10890
f 10896 12528 10889
f 10896 10889 10897
f 10897 10889 10890
f 14606 10891 10886
f 14606 10886 10884
f 10892 10893 14059
f 10897 10890 14057
f 10890 10891 14057
f 10894 14606 10884
f 14059 10893 10895
f 7513 11942 10900
f 10898 12557 2232
f 12557 10898 10900
f 10898 2232 10899
f 10899 10900 10898
f 10903 10900 10899
f 10902 7513 10900
f 10904 10903 2232
f 10903 10899 2232
f 10903 10902 10900
f 2238 10901 2232
f 10901 10904 2232
f 10902 10903 10906
f 10908 12061 10902
f 10904 10901 2335
f 10903 10904 10906
f 10908 10902 10906
f 2335 10905 10904
f 10904 10905 10906
f 10907 10908 10906
f 10905 10907 10906
f 2344 10905 2338
f 10910 10907 10905
f 2344 10910 10905
f 10911 10908 10907
f 10909 10908 10911
f 10910 10911 10907
f 10413 10909 10911
f 2344 2347 10910
f 11557 10921 10913
f 10921 10924 10913
f 10924 10912 10926
f 10926 10912 13024
f 10925 10913 10924
f 10925 10924 10926
f 10926 13024 13029
f 10913 10925 10914
f 10914 10926 13029
f 10915 10913 10914
f 10916 10914 13029
f 10915 10914 10918
f 10914 10916 10918
f 10916 13029 13034
f 10915 10918 10917
f 10917 10918 10919
f 10919 10918 10927
f 11561 10920 11560
f 10921 11559 10923
f 11557 10913 10922
f 10914 10925 10926
f 10918 10916 13034
f 10927 10918 13034
f 10931 10928 8822
f 10931 8822 8825
f 10928 8824 8827
f 10928 8827 8823
f 10931 8825 10929
f 10930 9597 8824
f 10930 8824 10928
f 10937 10930 10928
f 10929 10932 10931
f 8826 10935 10929
f 10932 10928 10931
f 3210 10930 10937
f 10932 10937 10928
f 10933 3210 10937
f 13852 13854 10935
f 10936 3214 3210
f 10934 10932 10935
f 13854 10934 10935
f 10939 10936 3210
f 10939 3210 10933
f 10940 10937 10932
f 14607 10940 10934
f 10934 10940 10932
f 10940 10933 10937
f 1938 3225 10939
f 10945 10933 10940
f 10941 14607 10934
f 10942 10941 10934
f 10942 10934 13864
f 13864 10934 10938
f 10939 10944 1938
f 10939 10933 10945
f 10940 10943 10945
f 10943 10940 14607
f 10943 14607 10941
f 10944 10939 10945
f 10947 10945 10943
f 10943 10941 12266
f 10948 12266 10942
f 10942 12266 10941
f 10948 10942 13864
f 10947 10946 10944
f 10945 10947 10944
f 12266 10947 10943
f 10956 12435 10950
f 12435 10949 10950
f 12437 12438 10952
f 10952 12438 10953
f 10950 10949 10952
f 12437 10952 10949
f 10951 10950 10954
f 10954 10950 10952
f 10955 10954 10952
f 10955 10952 10953
f 10950 10951 10956
f 10956 10951 10954
f 10964 10955 10953
f 10964 10953 12442
f 10956 10954 10959
f 10954 10955 10960
f 10957 10955 10964
f 10959 10954 10960
f 10958 10960 10955
f 10957 10958 10955
f 12447 10964 12442
f 10961 10959 10960
f 6008 10959 10961
f 10961 10960 10958
f 10958 10963 10962
f 10963 10958 10957
f 10962 10961 10958
f 6008 10961 8426
f 10965 8426 10961
f 8425 10965 10962
f 10962 10965 10961
f 10963 8425 10962
f 8429 10963 10957
f 8429 10957 8424
f 8424 10957 10964
f 8424 10964 10508
f 10797 2331 10967
f 1882 2333 1881
f 10968 10797 10967
f 10970 10967 10966
f 10972 10966 2333
f 10972 2333 10971
f 10971 2333 1882
f 10970 10968 10967
f 10970 10966 10972
f 10969 10968 10970
f 10973 10969 10970
f 10973 10970 10972
f 3067 10972 10971
f 3067 10971 1888
f 1888 10971 1883
f 3067 10973 10972
f 3080 10802 10969
f 3080 10969 3066
f 3066 10969 10973
f 10973 3068 3066
f 3068 10973 3069
f 3069 10973 3067
f 10976 13142 13141
f 10975 10974 10149
f 10976 13141 10975
f 10977 13142 10976
f 10978 10976 10975
f 10978 10975 10149
f 10977 10464 13142
f 10978 10149 10151
f 10978 10977 10976
f 10979 10977 10978
f 6450 10977 10979
f 6452 10978 6454
f 6454 10978 10151
f 6452 10979 10978
f 6451 10464 10977
f 6451 10977 6450
f 10981 10980 9756
f 10989 10981 9754
f 10982 10989 9754
f 10981 10295 10980
f 10984 10295 10981
f 10981 10989 10983
f 10988 5239 10983
f 10981 10983 10984
f 10984 10983 10985
f 10983 10986 10985
f 10983 5239 10986
f 10984 10985 10299
f 10985 10991 10987
f 10985 10986 10991
f 5239 5240 10986
f 10991 10986 5240
f 10988 10983 10989
f 10994 5239 10988
f 10994 5241 5239
f 10991 5240 5243
f 10989 10990 10988
f 10990 10997 10988
f 10988 10997 10994
f 10994 10992 5241
f 10991 5243 5245
f 10991 10993 10987
f 10992 10994 5245
f 10998 10987 10993
f 10991 10994 10993
f 5245 10994 10991
f 10995 10990 10989
f 10990 10995 10996
f 10997 10990 10996
f 10996 10998 10993
f 10993 10997 10996
f 10994 10997 10993
f 10998 10996 10995
f 10999 10987 10998
f 10999 10385 10987
f 5685 10989 10982
f 10989 5685 10995
f 5686 10998 10995
f 5686 10999 10998
f 11001 5999 11002
f 11003 11002 6001
f 11003 6001 6003
f 9348 6003 9344
f 11004 11001 11002
f 11003 6003 9348
f 11004 11000 11001
f 11004 1343 11000
f 11005 11002 11003
f 9347 11003 9348
f 11006 11004 11002
f 11005 11003 9347
f 6910 11005 9347
f 11006 1343 11004
f 11006 11002 11005
f 1343 11006 5519
f 5519 11006 11005
f 5520 11005 6910
f 6974 5933 11008
f 11008 8356 6975
f 10393 11007 11008
f 10393 10396 11007
f 11008 11007 8356
f 11009 11010 12400
f 11010 11012 11011
f 11009 11012 11010
f 11009 11013 11012
f 11013 11009 4770
f 11011 11012 11014
f 11014 11012 11013
f 1864 1861 11014
f 11014 1861 11011
f 4771 11013 4770
f 11016 1864 11014
f 11015 11014 11013
f 11017 11016 11014
f 11015 11013 4771
f 11019 11015 4771
f 11017 11014 11015
f 11018 11017 11015
f 11019 11018 11015
f 11027 11019 4771
f 11018 12420 11017
f 11021 11018 11019
f 11022 11019 11027
f 11021 11019 11023
f 11023 11018 11021
f 11023 11019 11020
f 11022 11020 11019
f 11018 11023 12439
f 12443 12439 11023
f 11020 11022 12441
f 12443 11023 11020
f 12443 11020 12441
f 11028 12441 11022
f 11028 11022 11027
f 11027 4771 11024
f 11026 11024 11025
f 2422 11025 2420
f 11025 2422 2425
f 11028 11024 11026
f 11028 11027 11024
f 11026 11025 2425
f 5935 11028 11026
f 5935 11026 2425
f 5936 11028 5935
f 2426 5935 2425
f 5377 5380 11029
f 11032 11030 11029
f 3785 5379 3782
f 11031 11029 5380
f 5380 5379 11031
f 11033 11032 11029
f 11033 11029 11031
f 11031 5379 3785
f 3788 11031 3785
f 11033 11031 6896
f 6895 6896 11031
f 6895 11031 3788
f 6899 9206 11032
f 6899 11032 11033
f 6899 9212 9206
f 6899 11033 6896
f 12516 11034 11039
f 11039 11034 11042
f 11038 11035 11036
f 11036 11037 11038
f 11042 11034 11035
f 11038 11042 11035
f 6517 12516 11043
f 12516 11039 11043
f 11040 11042 11038
f 11038 11041 11044
f 11038 11037 11041
f 11041 11037 12524
f 6517 11043 11045
f 11047 11042 11040
f 11044 11047 11040
f 11044 11041 12526
f 11043 11039 11048
f 11048 11039 11042
f 6517 11045 11046
f 11048 11042 11047
f 11046 11045 11043
f 11049 11047 11044
f 11044 12526 11049
f 11051 11048 11050
f 11048 11047 11050
f 11050 11047 11049
f 11046 11043 11048
f 11049 12526 12527
f 11048 11051 11055
f 11051 11050 11049
f 12529 11054 11049
f 12529 11049 12527
f 11056 11051 11052
f 11051 11049 11052
f 11052 11049 11054
f 11046 11053 6521
f 11053 11046 11048
f 11053 11048 11055
f 11055 11051 11057
f 11057 11051 11056
f 6521 11053 6522
f 11057 11056 11059
f 12652 6522 11053
f 11057 11058 11055
f 11052 11059 11056
f 11052 11054 11059
f 11059 11054 12686
f 11054 12529 12686
f 11060 5423 5426
f 11071 11062 11068
f 11071 11068 11063
f 11063 11072 14174
f 11064 11061 11065
f 11065 11061 11076
f 11076 11061 11067
f 11061 11062 11067
f 11068 11061 11064
f 11062 11061 11068
f 11067 11062 11069
f 11062 11071 11069
f 11068 11072 11063
f 11071 11063 11082
f 11074 11065 11075
f 11066 12879 11075
f 11075 11065 11076
f 11075 11076 11077
f 11076 11067 11070
f 11075 11077 11078
f 11077 11076 11070
f 11069 11070 11067
f 11069 11079 11070
f 11069 11071 11079
f 11078 11077 11080
f 11077 11070 11080
f 11070 11079 11080
f 11079 11071 11081
f 11071 11082 11081
f 11079 11073 11080
f 11073 11079 11081
f 12563 11080 14181
f 14181 11080 11073
f 11083 11073 11081
f 10808 7741 8457
f 11085 3719 3715
f 11085 3715 11084
f 11084 3715 7741
f 11085 3720 3719
f 11086 7741 10808
f 7741 11087 11084
f 3722 11085 11084
f 3722 11084 11087
f 3722 3720 11085
f 11087 7741 11086
f 11087 11086 3726
f 3725 11087 3726
f 11090 3726 11086
f 3726 11090 11088
f 7925 11090 7923
f 11090 7925 11088
f 11089 11086 10808
f 11091 11090 11086
f 10813 11089 10808
f 11091 11086 11089
f 11092 7923 11090
f 11092 11090 11091
f 7928 7923 11092
f 10812 11089 10813
f 11094 11092 11091
f 8300 11092 11094
f 11089 10812 10811
f 10811 11093 11089
f 11093 8299 11089
f 11094 11091 11089
f 11089 8299 11094
f 8295 7927 11092
f 7928 11092 7927
f 8297 11093 10811
f 8297 8294 11093
f 8294 7610 11093
f 11093 7610 8299
f 8299 8300 11094
f 11092 8300 8295
f 8295 8296 11095
f 7927 8295 11095
f 8286 10486 8087
f 8293 10486 8286
f 10486 8283 11100
f 11096 8283 8285
f 11096 8285 11111
f 8270 11099 11101
f 11099 8270 8269
f 11097 11112 8269
f 11099 8269 11112
f 8283 11111 11100
f 11096 11111 8283
f 11111 11102 11100
f 11111 11104 11102
f 11097 11105 11112
f 10476 11102 11104
f 11105 11097 11107
f 11098 11107 11097
f 11106 11107 11098
f 11109 11107 11106
f 8293 8283 10486
f 8285 8280 11110
f 8280 11101 11110
f 11110 11111 8285
f 11110 11103 11111
f 11110 11101 11103
f 11099 11112 11101
f 11103 11113 11111
f 11103 11114 11113
f 11114 11103 11101
f 11101 11105 11114
f 11101 11112 11105
f 10476 11104 10481
f 11111 11113 11104
f 11113 11121 11104
f 11113 11115 11121
f 11113 11114 11115
f 11114 11105 11107
f 10481 11104 11116
f 11104 11121 11116
f 11114 11107 11115
f 11107 11109 11115
f 11116 11121 11117
f 11121 11118 11117
f 11108 11118 11115
f 11108 11115 11109
f 11108 11109 11122
f 11118 11108 11120
f 11108 11122 11120
f 11109 11119 11122
f 11109 11106 11119
f 9608 11122 11119
f 9608 11119 9621
f 11121 11115 11118
f 11117 11118 9359
f 11118 11120 9359
f 11120 11122 9639
f 10503 10502 2304
f 7069 10502 11123
f 11124 11123 10502
f 11123 11126 7069
f 11123 11124 11126
f 7069 11126 11125
f 11124 10501 11126
f 11126 11127 11125
f 10501 10507 11126
f 11126 10507 11127
f 11125 11127 8596
f 11125 8596 8595
f 11125 8595 8601
f 7068 7069 11128
f 11128 7069 11125
f 11128 11125 8601
f 11184 7068 11128
f 4672 11183 11128
f 4672 11128 8601
f 5390 11129 11131
f 5729 5731 5391
f 11129 5391 11131
f 5391 11130 11131
f 5391 5731 11130
f 11130 11132 11131
f 11131 11132 11465
f 5731 8830 11130
f 11130 11466 11132
f 11130 8830 11466
f 5390 11131 11133
f 11465 11133 11131
f 11133 11465 11468
f 11133 11468 11475
f 11475 5393 5390
f 11133 11475 5390
f 11475 11134 5393
f 11476 11134 11475
f 11137 12887 7795
f 11136 11137 7795
f 11136 7795 11135
f 11135 7794 11138
f 11138 7794 7796
f 11138 7796 13094
f 11137 11136 11135
f 11137 11135 11138
f 11139 11142 11138
f 11137 11138 11142
f 11139 11138 13148
f 12890 12887 11137
f 12890 11137 11140
f 11140 11137 11141
f 11141 11137 11142
f 11144 12890 11140
f 11140 11141 11142
f 11142 11139 11143
f 11143 11139 13148
f 11146 11144 11140
f 11146 11140 11142
f 11146 11142 11143
f 11145 12890 11144
f 11150 11144 11146
f 11145 11144 11150
f 11146 11143 11147
f 12905 11150 11149
f 12905 11149 11148
f 11149 11152 11148
f 11148 11154 11151
f 11153 11150 11146
f 11153 11146 11147
f 11157 11156 10727
f 11158 10727 11843
f 11159 11156 11157
f 11157 10727 11158
f 2938 11157 11158
f 11160 11157 2938
f 14623 11164 11161
f 11164 14623 11162
f 11166 11162 14054
f 11164 11162 11166
f 11163 11166 14054
f 11166 11165 3212
f 3212 3211 11166
f 11169 11168 11167
f 11167 11168 11164
f 11167 11164 11170
f 11171 11164 11166
f 3217 11166 3211
f 3211 3212 3217
f 11170 11164 11171
f 11177 11168 11179
f 11179 11168 11169
f 11179 11169 11167
f 11179 11167 11170
f 11172 11171 11166
f 3217 11172 11166
f 11179 11170 11176
f 11176 11170 11173
f 11173 11170 11171
f 11174 3217 3226
f 11175 11177 11179
f 11181 11177 11178
f 11178 11177 11175
f 11173 11174 3226
f 11181 11180 11177
f 11178 11175 11182
f 11182 11175 11179
f 11182 11179 11176
f 3227 11173 3226
f 11176 5553 5555
f 11173 5553 11176
f 11180 11181 1193
f 1193 11181 11178
f 1193 11178 11182
f 11182 11176 5555
f 3227 5553 11173
f 11184 11128 11183
f 11186 11184 11183
f 11187 11186 11183
f 11187 11183 11185
f 4673 11183 4672
f 7440 11184 11186
f 11185 11183 4673
f 3712 11185 4673
f 11187 3714 7440
f 11187 7440 11186
f 3712 11187 11185
f 11197 11188 11189
f 11197 11189 11192
f 11194 11188 11197
f 11194 11190 11188
f 11193 11191 11195
f 14156 11195 11191
f 11193 11200 11198
f 11198 11192 11193
f 11195 11202 11193
f 14156 11199 11195
f 11203 11196 11194
f 11193 11202 11200
f 11203 11194 11197
f 11198 11197 11192
f 11195 11199 11202
f 11201 11196 11203
f 11202 11208 11200
f 11208 11198 11200
f 11197 11198 11203
f 11206 11201 11203
f 11199 11208 11202
f 11206 11203 11205
f 11198 11208 11205
f 11198 11205 11203
f 11204 11208 11199
f 10862 11205 11208
f 11207 11206 11205
f 10863 10861 11204
f 11204 10861 11208
f 10861 10862 11208
f 10864 11206 11207
f 10842 10863 11204
f 11207 11205 10862
f 11210 10089 11209
f 11505 11209 10090
f 11212 8639 11210
f 11211 11210 11209
f 11211 11209 11505
f 11214 11212 11210
f 11213 11211 11505
f 11508 11213 11505
f 11211 11214 11210
f 8410 11212 11214
f 8410 8412 11212
f 8410 11214 8411
f 8411 11214 11211
f 8411 11211 11213
f 8411 11213 6926
f 11219 11217 11262
f 11219 11262 11220
f 11225 11216 11217
f 11225 11217 11219
f 11224 11216 11225
f 11218 7301 7300
f 11218 11222 7301
f 11218 11221 11222
f 11221 11219 11222
f 7301 11222 7304
f 7300 11226 11218
f 11226 11227 11218
f 11221 11218 11227
f 11219 11221 11227
f 11227 11225 11219
f 7304 11222 11223
f 11222 11219 11223
f 11223 11219 11220
f 11226 7307 11227
f 11227 11228 11225
f 11227 7307 11223
f 11223 7307 7304
f 11223 11228 11227
f 11228 11223 11220
f 11239 11220 11233
f 11225 11229 11231
f 11224 11225 11231
f 11229 11225 11230
f 11230 11225 11228
f 11220 11239 11228
f 11229 11230 10528
f 11232 10527 11228
f 11239 11232 11228
f 9282 11231 10528
f 10528 11231 11229
f 11230 10527 10528
f 10527 11230 11228
f 11232 11239 1845
f 11234 5280 11266
f 11266 5280 5281
f 11234 11233 11220
f 11236 11235 11234
f 11233 11234 11235
f 11238 11236 11234
f 11238 11234 11266
f 11238 11266 7063
f 11237 11236 11238
f 1844 11238 7063
f 1845 11233 11235
f 11239 11233 1845
f 1845 11235 11236
f 1844 11237 11238
f 1845 11236 11237
f 1846 1845 11237
f 1846 11237 1844
f 11242 10130 10132
f 11240 10130 11242
f 304 10129 299
f 11242 10132 10129
f 11241 10129 304
f 8213 10130 11240
f 10129 11241 11242
f 11243 8213 11240
f 11245 11243 11240
f 11244 8216 11243
f 11246 11240 11242
f 11245 11244 11243
f 11245 11240 11246
f 11248 11242 11241
f 11248 11241 304
f 11246 11242 11248
f 306 11248 304
f 11244 11245 11247
f 11248 306 11260
f 11251 11247 11245
f 11250 11249 9031
f 11251 11245 11246
f 11249 11250 11252
f 11258 11244 11247
f 9031 11254 11250
f 11250 11251 11252
f 11251 11253 11252
f 11251 11246 11253
f 11253 11246 11248
f 11258 10791 11244
f 11254 11256 11250
f 11250 11256 11251
f 11253 11255 11252
f 9038 11252 11255
f 11253 11257 11255
f 11253 11248 11257
f 11257 11248 11260
f 11256 11254 11255
f 11254 9038 11255
f 11255 11257 11256
f 11259 11258 11247
f 11259 11247 11251
f 11259 11251 11256
f 11261 11258 11259
f 11262 11259 11256
f 11262 11256 11257
f 5279 11257 11260
f 11262 11257 5279
f 11263 11261 11259
f 10791 11258 11215
f 11215 11258 11261
f 11263 11259 11262
f 11215 9261 10791
f 11263 11215 11261
f 11220 11262 5279
f 11234 5279 5280
f 11216 9261 11215
f 11216 11215 11217
f 11215 11263 11217
f 11263 11262 11217
f 11220 5279 11234
f 5274 7442 11265
f 11265 7442 3713
f 5278 5274 11264
f 11264 5274 11265
f 5278 11264 11265
f 11267 5278 11265
f 11265 3713 11286
f 11267 11265 7062
f 7062 11265 11286
f 7062 11266 11267
f 7062 11286 11461
f 11269 14624 14283
f 11280 11270 11271
f 11275 11273 11276
f 11273 11282 11276
f 11282 11277 11276
f 11282 11274 11277
f 11278 11268 11269
f 11278 14244 11268
f 11270 11279 11271
f 11270 11280 11279
f 11283 11281 11273
f 11272 11282 11281
f 11281 11282 11273
f 11275 11283 11273
f 3713 3714 11284
f 11285 11284 11291
f 11285 3713 11284
f 3713 11285 11286
f 9188 11285 11291
f 11287 11286 11285
f 11287 11285 9188
f 11289 11288 8641
f 11289 11292 11288
f 11295 11289 8641
f 11293 11290 8642
f 11292 11291 11284
f 11295 8641 11296
f 11296 8641 11290
f 11296 11290 11293
f 11293 8642 8412
f 11291 11292 11289
f 11294 11291 11289
f 11294 11289 11295
f 6209 11293 8412
f 9188 11291 11294
f 11294 11295 11296
f 11294 11296 9189
f 9189 11296 11293
f 9189 11293 6209
f 11301 11299 11300
f 11300 11299 11297
f 11300 11297 1851
f 11298 11299 11303
f 11302 11298 11303
f 11303 11299 11301
f 11576 11303 11301
f 1853 11301 11300
f 11575 11302 11303
f 11576 11301 11385
f 11385 11301 1853
f 10816 11302 11575
f 11575 11303 11578
f 11578 11303 11576
f 11580 11578 11576
f 11305 11304 8107
f 11306 11304 11305
f 8415 11305 8107
f 11306 6223 11304
f 8415 11308 11305
f 11308 11306 11305
f 8420 8415 8418
f 11308 11312 11306
f 11312 11307 11306
f 11307 1874 11306
f 8419 8415 8420
f 11311 11308 8415
f 8950 11311 11314
f 8950 8952 11311
f 11312 11311 8952
f 11312 8952 11310
f 8952 11309 11310
f 11310 11307 11312
f 11309 11307 11310
f 11319 1874 11307
f 11311 8415 8419
f 11315 11308 11311
f 11312 11308 11315
f 11315 11311 11312
f 11319 11307 11316
f 11307 11309 11316
f 11317 8419 8421
f 11317 8961 8419
f 11311 8419 1525
f 11311 1525 11314
f 11316 11309 8968
f 11317 8421 8961
f 8421 11313 8961
f 8419 8961 11318
f 11318 8961 8963
f 8963 11314 11318
f 1525 11318 11314
f 8419 11318 1525
f 11319 11316 1527
f 11316 8968 1527
f 11320 1526 1529
f 11319 1537 1874
f 1537 11319 1527
f 11321 3083 11324
f 11327 1094 1092
f 11322 10543 11323
f 11324 11325 11321
f 11324 1094 11327
f 11327 1092 11322
f 10734 11321 11325
f 11325 11324 11327
f 11326 11325 11327
f 11329 10734 11325
f 11328 11325 11326
f 11330 11327 11322
f 11328 11326 11327
f 11329 11325 11328
f 11328 11327 11330
f 10576 11329 11328
f 10575 11329 10574
f 10574 11329 10576
f 10576 11328 11330
f 5234 10576 11330
f 10737 11329 10575
f 11331 10737 10575
f 11334 11332 11331
f 11333 11332 11334
f 11336 11332 11333
f 11335 11331 10575
f 11335 11334 11331
f 11337 11336 11333
f 11337 11333 11334
f 11337 11334 11335
f 11337 11335 10579
f 10974 11336 11337
f 10974 11337 10146
f 10146 11337 10578
f 10578 11337 10579
f 11341 11338 11345
f 11341 11340 11338
f 11338 11340 11339
f 11339 11340 11346
f 11342 12206 11349
f 11344 11347 11348
f 14608 11345 11348
f 11345 11344 11348
f 11345 14608 11341
f 11341 14608 11340
f 11342 11346 12206
f 11340 12208 11346
f 12206 12207 11349
f 11344 11345 11350
f 11352 11345 11338
f 6878 11350 6881
f 6878 11347 11350
f 11346 11353 11339
f 11346 11342 11353
f 11342 11349 11351
f 11343 11351 11349
f 11347 6878 5195
f 11354 6881 11360
f 6881 11350 11355
f 11350 11345 11355
f 11352 11355 11345
f 11338 11339 11352
f 11353 11352 11339
f 11351 11353 11342
f 11360 6881 11355
f 11352 11353 11357
f 11357 11353 11358
f 11353 11351 11358
f 11358 11351 11359
f 11351 11343 11359
f 11356 11352 11357
f 11355 11352 11361
f 11361 11352 11356
f 11354 11360 6882
f 11360 11355 11361
f 7027 11357 7028
f 11357 11358 7028
f 7028 11358 11359
f 6882 11360 7024
f 7024 11360 7025
f 11360 11361 7025
f 7025 11361 7026
f 11361 11356 7026
f 7026 11356 7027
f 11356 11357 7027
f 7028 11359 2353
f 11362 7063 11363
f 11364 1844 11362
f 11362 11363 11367
f 11362 11367 11365
f 11364 11362 11366
f 1849 1846 11364
f 11366 11362 11365
f 11366 1849 11364
f 11376 1849 11366
f 11369 11464 9196
f 11367 11369 11368
f 11372 11365 11367
f 11372 11367 11368
f 9197 11369 9196
f 11368 11369 9197
f 11366 11365 11371
f 11371 11365 11372
f 11370 11372 11368
f 11370 11368 9150
f 9150 11368 9197
f 11373 11371 11372
f 11373 11372 11374
f 11372 11370 9150
f 11374 11372 9150
f 1851 11375 11373
f 1851 11373 1852
f 1852 11373 11374
f 1852 11374 7318
f 7318 11374 9150
f 11376 11379 1849
f 11377 11376 11366
f 11377 11366 11371
f 11373 11377 11371
f 11375 11377 11373
f 11378 11379 11381
f 11380 11376 11377
f 11381 11379 11376
f 11382 11376 11380
f 11380 11377 11375
f 11382 11381 11376
f 11382 11380 11297
f 1851 11380 11375
f 11298 11381 11299
f 11299 11381 11297
f 11297 11381 11382
f 11297 11380 1851
f 10678 10680 11383
f 10678 11383 9161
f 11384 11385 1853
f 11384 1853 1854
f 8588 11384 1854
f 8588 1854 8585
f 11386 11385 11384
f 11387 11386 11384
f 11387 11384 8588
f 10639 11388 11389
f 10641 11387 8588
f 11387 11389 11386
f 10642 11388 10639
f 7014 10641 8588
f 10639 11389 11387
f 10639 11387 10641
f 11390 11396 11391
f 11393 11394 11392
f 11390 11393 11392
f 11390 11391 11393
f 11391 4503 4506
f 11392 9487 11395
f 11390 11392 11395
f 11396 11390 11395
f 4503 11391 11396
f 11400 11391 11397
f 11397 11391 4506
f 11393 11398 11394
f 11394 11398 9494
f 9494 11398 8574
f 11399 11395 9487
f 11399 11402 11395
f 11395 11402 11396
f 11402 11403 11396
f 11391 11400 11393
f 11401 11393 11400
f 11393 11401 11398
f 8574 11398 8580
f 10785 11409 9487
f 11399 9487 11409
f 11403 4510 11396
f 4510 11400 11397
f 11400 11404 11401
f 4506 4510 11397
f 11398 11401 11408
f 11408 11405 11398
f 11405 8580 11398
f 11409 11406 11399
f 11402 11399 11406
f 11402 11406 11403
f 4510 11403 11406
f 11406 11407 11404
f 11400 11406 11404
f 4510 11406 11400
f 11407 11401 11404
f 11407 11408 11401
f 9500 11405 11408
f 11409 10787 11410
f 11407 11409 11410
f 11409 11407 11406
f 11407 9500 11408
f 11405 9500 8583
f 11410 9496 11407
f 9496 9500 11407
f 5933 4714 5934
f 11411 5933 5934
f 11008 5933 11411
f 4714 11411 5934
f 4718 11411 4714
f 11008 11411 10393
f 11411 4718 10393
f 11419 11417 11412
f 11421 11413 11414
f 11415 11414 11416
f 11413 3682 11414
f 11416 6141 11422
f 3682 2537 11414
f 11414 6142 11416
f 11414 2537 6142
f 12370 11417 11418
f 11418 11417 11424
f 11424 11417 11419
f 11419 11412 11415
f 11419 11415 11424
f 11420 3684 3680
f 11420 3680 11413
f 11420 11413 11421
f 11412 11420 11421
f 11412 11421 11415
f 11415 11421 11414
f 11416 11422 11415
f 6141 6153 11422
f 11422 6153 11428
f 11422 11424 11415
f 11424 11422 11428
f 11424 11426 11418
f 11427 11426 11424
f 11426 11427 11423
f 11428 11427 11424
f 11427 11428 11425
f 11428 6156 6154
f 6153 6156 11428
f 11425 11431 11427
f 11426 11423 12393
f 11430 11433 11436
f 11429 12393 11431
f 11423 11427 12393
f 12393 11427 11431
f 11431 11432 11429
f 11429 11432 11430
f 11431 11425 11432
f 11432 11434 11430
f 11425 11428 11432
f 11432 11435 11434
f 11430 11434 11433
f 11432 11428 11435
f 11428 6154 11435
f 11436 11433 11434
f 9415 11437 11436
f 9415 11436 9416
f 11434 11435 11438
f 6154 11439 11435
f 11435 11439 11438
f 11434 11438 11443
f 6154 6157 11439
f 11438 11440 11443
f 6157 6155 11439
f 11439 11441 11438
f 11438 11441 11440
f 11439 6155 11441
f 11443 11440 11442
f 6155 6158 11441
f 11440 11441 2319
f 11441 6158 2324
f 2319 11442 11440
f 11441 2324 2319
f 11436 11434 11450
f 11450 11434 11443
f 11443 12402 11450
f 12402 11443 11442
f 9416 11436 11450
f 9668 11444 9665
f 11446 11512 11447
f 11447 11512 11444
f 11446 11445 11512
f 11447 11444 9670
f 9670 11444 9668
f 11448 11445 11446
f 11810 11445 11448
f 11448 11446 11447
f 2327 11447 9670
f 11449 11810 11448
f 2327 11448 11447
f 11452 9416 11450
f 12406 11450 12402
f 12404 12406 12402
f 11452 11450 11451
f 11451 11450 12406
f 9418 9416 11452
f 11451 12406 12408
f 11453 9418 11452
f 11453 11452 11451
f 11509 11453 11451
f 12408 11509 11451
f 8598 11454 8597
f 8597 11455 11456
f 8597 11454 11455
f 8598 11134 11454
f 11134 11476 11454
f 11454 11476 11455
f 11455 7593 7594
f 11455 7594 7598
f 8597 11456 11458
f 11457 11456 11455
f 11457 11455 7598
f 7598 10087 11457
f 10087 11456 11457
f 10086 11458 10088
f 10088 11458 11456
f 10088 11456 10087
f 11460 11461 11286
f 11460 11286 11287
f 11459 11287 9188
f 9190 11287 11459
f 9190 11459 9188
f 11464 11460 11287
f 11463 11461 11460
f 11464 11287 9191
f 9191 11287 9190
f 11463 11462 11461
f 11463 11460 11464
f 11369 11462 11463
f 11363 7064 11367
f 11367 7064 11462
f 11367 11462 11369
f 11369 11463 11464
f 11464 9191 9196
f 8830 8831 11466
f 11132 11466 11465
f 11466 11467 11465
f 11465 11467 11469
f 11466 8831 8832
f 11466 8832 11470
f 11465 11469 11468
f 11466 11470 11467
f 11467 11472 11469
f 11467 11470 11472
f 8832 11471 11470
f 11470 11474 11472
f 11471 11474 11470
f 11473 11468 11469
f 11473 11469 11472
f 8835 11474 11471
f 11473 11475 11468
f 8835 8836 11474
f 11474 11473 11472
f 11455 11476 7593
f 11475 11473 11476
f 11476 11473 11477
f 11476 11477 7593
f 11474 8836 8838
f 11477 11474 8838
f 11473 11474 11477
f 8838 11478 11477
f 11477 11479 7593
f 7593 11479 7596
f 11478 218 11477
f 11477 218 11479
f 11480 891 11481
f 11483 11482 11480
f 11484 11482 11483
f 11484 11483 12894
f 7312 11484 11485
f 13281 11484 7312
f 13281 7312 7313
f 8183 11489 8187
f 11487 8183 8185
f 11486 11488 11490
f 11486 8187 11489
f 11683 11487 8185
f 11488 11491 11490
f 11491 11488 11493
f 11493 11488 11486
f 11487 11489 8183
f 11492 11490 11491
f 11493 11486 11489
f 11494 11489 11487
f 12327 11491 11495
f 11495 11491 11493
f 11489 11495 11493
f 12327 11495 11497
f 11690 11495 11489
f 11690 11489 11494
f 12327 11497 12330
f 11497 11495 11498
f 11498 11495 11690
f 11499 12330 11497
f 11499 11497 11498
f 11500 12330 11499
f 11501 11498 11690
f 11501 11690 11692
f 11498 11500 11499
f 11502 11498 12298
f 12298 11498 11501
f 12297 11500 11502
f 11505 10090 2352
f 11505 2352 11503
f 11504 11503 2351
f 11504 2351 8349
f 11506 11505 11503
f 9201 11503 11504
f 9201 11504 8349
f 11506 11503 9201
f 11508 11505 11506
f 11507 11506 9201
f 11507 9201 1855
f 1855 9201 9202
f 6926 11213 11508
f 6926 11508 6927
f 6927 11508 11506
f 6927 11506 6925
f 6925 11506 11507
f 6925 11507 1855
f 11509 12408 9646
f 11510 9418 11511
f 9650 11509 9646
f 11511 9418 11453
f 11514 11453 11509
f 9650 11514 11509
f 11513 11453 11514
f 11513 11511 11453
f 9665 11514 9650
f 2417 11510 11511
f 11512 11511 11513
f 11444 11514 9665
f 11445 2417 11511
f 11445 11511 11512
f 11444 11512 11513
f 11444 11513 11514
f 11515 11516 4368
f 11516 11515 4383
f 11520 4383 11515
f 11520 11515 11517
f 11520 11517 11523
f 11520 4386 4383
f 11524 11518 4386
f 11519 4386 11520
f 11520 11523 11525
f 11522 11523 11517
f 11524 4386 11519
f 11520 11525 11519
f 11524 11519 11525
f 11524 11525 11521
f 11529 11528 11530
f 11532 11529 11530
f 11530 11531 11533
f 11532 11530 11535
f 12369 11533 11531
f 11534 11532 11535
f 11533 11535 11530
f 1861 11535 11533
f 1862 11681 1860
f 1860 11681 11534
f 1860 11534 1861
f 1861 11534 11535
f 5717 10342 11539
f 10342 10343 11539
f 11539 10343 11536
f 10343 10344 11536
f 11536 10344 6012
f 5717 5718 11537
f 11537 5718 11538
f 5718 5717 11539
f 11539 11536 11540
f 11537 11538 11543
f 5718 11543 11538
f 5718 11539 11543
f 11543 11539 11540
f 11540 11536 11541
f 11541 11536 6012
f 11543 11540 11542
f 11540 11541 6012
f 11547 11543 11544
f 11543 11542 11544
f 11544 11542 11549
f 11542 11540 11549
f 11549 11540 6012
f 11546 11545 11548
f 11545 11547 11548
f 11548 11547 11544
f 11546 11551 11545
f 11549 6012 6018
f 11546 11552 11551
f 11549 11554 11550
f 11554 11549 6018
f 11553 11548 11556
f 11548 11550 11556
f 11560 11551 11555
f 11551 11552 11555
f 11550 11554 6018
f 11552 11553 11557
f 5719 11557 11553
f 5719 11553 11558
f 11556 11550 11559
f 11559 11550 6018
f 11561 11555 10920
f 10920 11555 10922
f 11555 11557 10922
f 5719 11558 11557
f 11558 11559 10921
f 11559 6018 10923
f 10923 6018 13037
f 11561 11560 11555
f 11323 10543 10541
f 11565 10541 10544
f 10544 10541 10542
f 9745 9747 11563
f 9745 11563 11564
f 11563 10544 11562
f 11572 11323 10541
f 11572 10541 11565
f 9747 11570 11563
f 11563 11570 11567
f 11565 10544 11567
f 11567 10544 11563
f 11564 11563 11568
f 11568 11563 11566
f 11566 11563 11562
f 11571 11566 11567
f 11566 11571 11568
f 11570 9752 11569
f 11569 9750 11571
f 11569 11571 11570
f 11570 11571 11567
f 11566 11565 11567
f 11571 9750 11568
f 11574 11562 10815
f 11572 11573 11323
f 11572 11565 11566
f 11562 11574 11566
f 11572 11566 5232
f 5232 11566 11574
f 11573 11322 11323
f 10818 11574 10815
f 10817 11574 10818
f 5234 11322 11573
f 11330 11322 5234
f 5234 11573 11572
f 5234 11572 5235
f 5235 11572 5232
f 5233 5232 11574
f 5233 11574 10817
f 11579 11575 11578
f 11577 10816 11575
f 11577 11575 11579
f 11576 11385 11386
f 11580 11576 11386
f 11581 11579 11578
f 11582 11577 11579
f 11389 11580 11386
f 6000 11577 11582
f 6002 6000 11582
f 11581 11578 11580
f 11582 11579 11581
f 11581 11580 11389
f 11388 11581 11389
f 11583 11582 11581
f 10642 11581 11388
f 9344 6003 6002
f 9344 6002 11582
f 9344 11582 11583
f 9345 11583 11581
f 9345 11581 10642
f 8386 9903 11584
f 11584 9903 11585
f 11585 9905 10098
f 11588 11585 10098
f 11584 11585 11588
f 11588 10098 11586
f 14006 11584 11589
f 11589 11584 11587
f 11587 11584 11588
f 11586 10098 10104
f 11586 10104 11590
f 11586 11592 11588
f 11587 11588 11592
f 11586 11595 11592
f 11595 11586 11590
f 10105 11591 11590
f 11594 11587 11592
f 11591 11595 11590
f 11587 11594 11589
f 11591 10105 11595
f 10105 11593 11595
f 13828 11594 11592
f 11592 13826 13828
f 11595 13826 11592
f 10739 8913 11598
f 11597 11596 11603
f 11604 11598 11600
f 11599 11597 11603
f 11599 11601 11597
f 11606 11604 11600
f 11606 11600 11602
f 11602 11600 11599
f 11599 11600 11601
f 11611 11598 11604
f 11603 11605 11599
f 11607 10745 10741
f 11611 11607 11598
f 11608 11599 11605
f 11611 11604 11606
f 11608 11602 11599
f 11606 11602 11612
f 11609 11602 11608
f 10745 11607 11610
f 11602 11609 11612
f 11613 11609 11608
f 13872 11608 11605
f 13872 11605 11603
f 11614 11607 11611
f 11612 11611 11606
f 11611 11612 11614
f 13872 11603 13869
f 13869 11603 11648
f 13868 2947 11610
f 11615 5808 8207
f 11615 8207 11617
f 11618 5810 11615
f 10726 11615 11617
f 11616 11618 11615
f 11618 11616 11619
f 13964 11615 10726
f 11618 11619 13965
f 11616 11615 13964
f 13965 11619 11616
f 13964 10726 11156
f 11756 11626 11620
f 11623 11627 11622
f 11624 11757 11628
f 11626 11756 11630
f 11626 11636 11620
f 11636 11631 11620
f 11627 11634 11622
f 11627 11623 11628
f 11623 11624 11628
f 11625 11621 11632
f 11632 11630 11625
f 11630 11636 11626
f 11632 11633 11630
f 11627 11637 11634
f 11639 11629 11635
f 11636 11630 11633
f 11636 11629 11631
f 11635 11629 11636
f 11636 11633 11628
f 11633 11637 11628
f 11638 11634 11637
f 11628 11637 11627
f 11628 11635 11636
f 11641 11628 11757
f 11645 11641 11757
f 11639 11642 11603
f 11644 11642 11639
f 11644 11639 11640
f 11640 11639 11635
f 11641 11635 11628
f 11645 11757 11656
f 11642 11644 11643
f 11649 11644 11640
f 11635 11649 11640
f 11649 11635 11647
f 11647 11635 11641
f 11648 11603 11646
f 11646 11603 11642
f 11643 11646 11642
f 6174 11648 11646
f 6174 6173 11648
f 11643 6172 6174
f 11643 6174 11646
f 11647 6178 6181
f 11649 11647 6181
f 6178 11647 6175
f 6175 11647 11641
f 6175 11641 11645
f 6175 11645 11656
f 11757 11767 11656
f 11656 11767 11653
f 11655 11653 11650
f 11655 11650 11651
f 11655 11651 11652
f 11654 11653 11655
f 11658 11655 11652
f 11653 11659 11656
f 11659 11653 11654
f 11662 11658 11652
f 11662 11652 11657
f 13965 11657 11618
f 11662 11657 13965
f 11660 11654 6700
f 6700 11654 11655
f 11660 11659 11654
f 6700 11661 11660
f 6700 11655 11658
f 6701 11658 11662
f 6175 11656 6702
f 6702 11656 11659
f 11660 6702 11659
f 6702 11660 11661
f 6700 6707 11661
f 6701 6700 11658
f 11662 6706 6701
f 13965 13966 6706
f 13965 6706 11662
f 11663 2323 11664
f 11665 11664 9061
f 11663 11664 11667
f 11667 11664 11665
f 11675 11663 11667
f 11667 11665 11666
f 11957 11667 11666
f 11670 11957 11668
f 11666 11668 11957
f 11668 11669 11670
f 11957 11672 11667
f 11672 11673 11667
f 11671 11674 11672
f 11674 11673 11672
f 11673 11675 11667
f 8213 11675 11673
f 11671 11676 11674
f 11673 11674 11676
f 11673 11676 8213
f 11677 11676 11679
f 11677 7470 10128
f 8214 12405 11675
f 8214 11675 8215
f 8215 11675 8213
f 11678 11676 11677
f 11676 11678 8213
f 11677 10128 11678
f 11682 11950 11681
f 11680 11683 8185
f 11683 11680 11685
f 11685 11680 11950
f 11684 11682 11681
f 11684 11681 1862
f 11688 11685 11950
f 11688 11950 11682
f 11688 11682 11684
f 1864 11684 1862
f 11687 11496 11683
f 11687 11683 11686
f 11685 11686 11683
f 11685 11688 11686
f 1863 11684 1864
f 11687 11686 11694
f 1863 11688 11684
f 11694 11686 11688
f 11694 11689 11687
f 12418 11688 1863
f 11690 11494 11687
f 11690 11687 11689
f 11691 11689 11694
f 11692 11690 11689
f 11692 11689 11691
f 11691 11694 11693
f 11694 11688 12418
f 7361 11501 11692
f 11692 11691 11693
f 11693 11694 12418
f 7363 11501 7361
f 7363 7361 11692
f 7363 11692 7362
f 7362 11692 11693
f 11695 8266 10023
f 10113 11695 11696
f 11697 11696 11695
f 11695 11699 11698
f 11697 8747 11696
f 11700 11697 11695
f 11700 11695 11698
f 10029 11695 10023
f 11699 11695 10029
f 11703 8747 11697
f 11701 11697 11700
f 11699 11705 11698
f 11700 11698 11705
f 11704 11700 11705
f 11705 11699 10029
f 11703 11697 11701
f 11700 11702 11701
f 11702 11700 11704
f 11705 10029 9598
f 10687 11703 5401
f 5401 11703 11701
f 11701 11702 5401
f 11702 5405 5401
f 5405 11702 5403
f 5403 11702 11704
f 5402 11704 9598
f 9598 11704 11705
f 8883 11707 4514
f 11707 8883 8361
f 11709 11710 11708
f 11712 11708 11710
f 11709 11707 11711
f 11707 8361 11711
f 11709 11713 11710
f 11713 11709 11711
f 11715 11712 11710
f 11714 11711 8361
f 11713 11711 11714
f 11719 8263 11712
f 11719 11712 11715
f 11713 11716 11710
f 11710 11716 11715
f 11718 11716 11713
f 11713 11714 8366
f 11717 11715 11716
f 11716 11718 11717
f 8862 11719 11715
f 11717 8862 11715
f 11717 11718 8861
f 2545 11713 8366
f 11719 8862 8268
f 11718 11713 8861
f 8861 11713 2545
f 11721 11732 11722
f 14600 11720 11731
f 9759 11731 11720
f 11720 14600 9759
f 9766 11725 11733
f 11726 11721 11722
f 11729 11732 11721
f 11729 11721 11728
f 11728 11721 11726
f 11729 11728 11732
f 11727 9764 11730
f 11723 14799 11730
f 11723 11730 11724
f 11730 9764 11724
f 9764 14600 11724
f 11723 11731 14799
f 11723 11724 11731
f 14600 11731 11724
f 14799 11731 11733
f 9759 11733 11731
f 9766 11733 9759
f 11734 11733 11725
f 9763 11725 9766
f 11725 10451 11734
f 9763 10451 11725
f 11737 4325 11762
f 11746 11738 11735
f 11738 11797 11736
f 11737 11735 4325
f 11750 11797 11738
f 11738 11746 11751
f 11738 11751 11750
f 11740 11746 11735
f 11742 11741 11740
f 11742 11740 11739
f 11739 11740 11735
f 11741 11742 11743
f 11744 11742 11739
f 11744 11739 11745
f 11745 11739 11735
f 11742 11744 11743
f 11745 11735 11737
f 11741 11747 11748
f 11741 11748 11740
f 11740 11748 11746
f 11741 11743 11747
f 11747 11744 11745
f 11747 11745 11748
f 11748 11745 11749
f 11747 11743 11744
f 11749 11745 11737
f 11758 11746 11748
f 11758 11748 11749
f 11758 11752 11746
f 11746 11752 11753
f 11753 11751 11746
f 11759 11752 14092
f 11759 11753 11752
f 14092 11752 11624
f 11752 11758 11624
f 11629 11750 11751
f 11759 11620 11753
f 11755 11754 14096
f 11756 11754 11755
f 14092 11624 11622
f 11758 11757 11624
f 11639 11596 11750
f 11639 11750 11629
f 11621 11625 11755
f 11625 11630 11756
f 11759 11756 11620
f 11629 11751 11631
f 11756 11755 11625
f 11759 11754 11756
f 11631 11753 11620
f 11631 11751 11753
f 11622 11624 11623
f 11757 11758 11767
f 11767 11758 11749
f 216 11762 11760
f 11762 4325 213
f 11762 213 11760
f 11763 11762 216
f 215 11761 216
f 216 11761 11763
f 11763 11761 5809
f 11763 11765 11762
f 11769 11763 5809
f 11764 11737 11762
f 11764 11762 11765
f 11768 11763 11769
f 11763 11766 11765
f 11749 11737 11764
f 11767 11749 11764
f 11766 11763 11768
f 11764 11765 11766
f 11767 11764 11653
f 11766 11653 11764
f 11618 11769 5809
f 11653 11766 11650
f 11650 11766 11651
f 11651 11766 11768
f 11652 11651 11768
f 11652 11768 11657
f 11657 11768 11618
f 11618 11768 11769
f 11771 11772 11770
f 11770 11773 11771
f 11771 11773 11772
f 6997 6995 6996
f 9447 6997 9436
f 8316 6994 11775
f 11774 6995 6997
f 11775 6994 11774
f 11774 6997 11776
f 11774 11777 11775
f 11776 6997 9447
f 11992 11777 11774
f 11992 11774 11776
f 11993 11992 11776
f 11776 9447 3116
f 5370 8316 11775
f 11993 11776 3116
f 11997 11775 11777
f 11778 8109 9173
f 9176 9171 11778
f 11778 9171 11781
f 11779 9171 9175
f 11779 9175 4319
f 11778 11780 8109
f 11781 11780 11778
f 11782 9171 11779
f 11781 9171 11782
f 11784 8112 11780
f 11784 11780 11781
f 11785 11782 11779
f 11785 11779 4319
f 14593 8112 11784
f 11784 11781 11783
f 11783 11781 11782
f 11786 11784 11783
f 11783 11782 11785
f 11785 4319 4335
f 11784 8114 14593
f 11784 11787 8114
f 11787 11784 11786
f 11790 8114 11787
f 11791 11783 11785
f 11791 11786 11783
f 11788 11787 11786
f 11788 11786 11791
f 11791 11785 11789
f 11736 11785 4335
f 11792 11790 11787
f 11792 11787 11788
f 11792 11788 11791
f 11789 11785 11736
f 11792 11791 11795
f 11795 11791 11789
f 11793 11790 11792
f 11795 11793 11792
f 11789 11736 11797
f 11797 11795 11789
f 11794 11793 11796
f 11801 11793 11795
f 11801 11795 11799
f 11799 11795 11797
f 11798 11794 11796
f 11796 11793 11801
f 11800 11798 11796
f 11797 11750 11799
f 11800 11796 11801
f 11596 11801 11799
f 11802 11798 11800
f 11800 11801 11596
f 11596 11799 11750
f 11802 8913 11798
f 11598 8913 11802
f 11598 11802 11600
f 11600 11802 11800
f 11600 11800 11601
f 11601 11800 11597
f 11597 11800 11596
f 11603 11596 11639
f 11805 2424 11810
f 11804 11806 2426
f 11806 11804 11807
f 11807 11804 11803
f 11803 2424 11807
f 5935 2426 11806
f 11807 2424 11805
f 11808 11806 11809
f 11809 11806 11807
f 5940 11806 11808
f 10517 5940 7874
f 7874 5940 11808
f 7874 11808 11809
f 7874 11809 10798
f 11449 11448 11811
f 11811 11448 2327
f 11810 11449 11805
f 11812 11811 2327
f 11815 11805 11449
f 11813 11811 11812
f 11813 11812 2327
f 11815 11449 11811
f 11815 11811 11813
f 11809 11807 11805
f 11814 11805 11815
f 2331 11815 11813
f 11809 11805 11814
f 10797 11814 11815
f 10797 11815 2331
f 10798 11809 11814
f 10798 11814 10797
f 10798 10797 10968
f 11816 11823 11820
f 11818 11816 11817
f 11817 11819 11818
f 11816 11821 11823
f 11816 11824 11821
f 11816 11818 11824
f 11825 2753 11820
f 11825 11820 11823
f 11824 11818 11822
f 11830 11825 11823
f 11826 11823 11821
f 11830 11823 11826
f 11826 11821 11824
f 11826 11824 11827
f 11822 11827 11824
f 11822 11829 11827
f 2754 2750 11825
f 9574 11830 11826
f 11828 11826 11827
f 2754 11825 11830
f 13538 9576 11829
f 11829 9576 11827
f 9578 2754 11830
f 9578 11830 9574
f 9577 9580 11831
f 9574 11826 9576
f 9576 11826 11828
f 9576 13538 9575
f 11833 11838 10455
f 11833 11832 11838
f 11834 10455 11838
f 11838 5942 11834
f 11836 11835 14800
f 11835 11837 14800
f 11835 11836 11837
f 1476 10456 11834
f 1476 10390 10456
f 5942 11832 5945
f 5942 11838 11832
f 9764 11727 9824
f 11839 11842 11840
f 14801 9824 11727
f 11839 11840 11841
f 11839 11841 11842
f 9828 9824 14801
f 8679 8674 11844
f 11844 8674 11846
f 11846 8674 8678
f 11846 8678 11848
f 8677 11845 11847
f 11845 8677 8679
f 11850 8679 11844
f 5861 11848 8680
f 5861 8680 5851
f 11848 11851 11846
f 5866 11848 5861
f 11855 11158 11843
f 11855 11843 11847
f 11852 11845 8679
f 11852 8679 11850
f 11850 11844 11846
f 11850 11846 11853
f 11851 11848 5866
f 5858 11849 5862
f 11849 5865 5862
f 11856 11855 11847
f 11847 11845 11856
f 11857 11845 11852
f 11857 11852 11850
f 11857 11850 11853
f 11854 11846 11851
f 11853 11846 11854
f 11854 11851 5866
f 11854 5866 5870
f 2937 11857 11853
f 2937 11853 11854
f 2937 11854 5870
f 2938 11158 2939
f 2939 11158 11855
f 2939 11855 11856
f 2939 11856 11845
f 2939 11845 11857
f 11858 11859 13432
f 11861 11860 14609
f 11862 11861 14609
f 14609 11863 11862
f 11863 14609 11860
f 7491 11865 7488
f 7488 11865 7492
f 7492 11865 11864
f 11865 11867 11864
f 7490 8921 10139
f 11873 11867 11865
f 11870 11866 11867
f 14502 11868 7491
f 11868 11871 7491
f 7491 11871 11865
f 11871 11873 11865
f 11870 8921 11866
f 11866 8921 7490
f 11873 11870 11867
f 11869 11875 11868
f 11868 11875 11871
f 11875 11873 11871
f 11872 11875 11869
f 11870 11876 8921
f 11875 11874 11873
f 11874 11877 11873
f 11877 11876 11873
f 11873 11876 11870
f 11876 8929 8921
f 14512 14610 11872
f 11872 14610 11875
f 11875 14610 11874
f 14610 11879 11874
f 11874 11879 11877
f 11877 11880 11876
f 11876 11880 8929
f 14610 9394 11879
f 9393 9396 14610
f 14610 9396 9394
f 9394 9398 11879
f 11879 9398 11877
f 11877 9398 11880
f 11880 3059 8929
f 11889 11890 11882
f 11890 10684 11882
f 11884 11883 11885
f 11889 11881 11892
f 11889 11892 10688
f 11891 11892 11886
f 10688 11892 11891
f 11887 10688 11891
f 11888 10688 11887
f 3128 11894 11896
f 11893 3139 11896
f 11896 3139 3138
f 11895 3139 2315
f 11893 11896 11894
f 11897 11893 11894
f 11893 11897 3139
f 3139 11897 2315
f 2315 11897 9059
f 11906 11903 11899
f 11903 4318 11899
f 11903 4317 4318
f 11899 4318 11900
f 11898 11902 11906
f 11906 11901 11903
f 11901 11911 11903
f 11905 4317 11903
f 11908 11898 11906
f 11899 11908 11906
f 11902 11907 11901
f 11902 11901 11906
f 11904 11901 11907
f 11904 11911 11901
f 11911 11905 11903
f 4317 11905 4323
f 11908 11899 11912
f 11900 4318 4321
f 11910 11907 11902
f 11904 11914 11911
f 11909 11911 11914
f 11909 4326 11905
f 11905 4326 4323
f 11907 11914 11904
f 11909 11905 11911
f 11912 11899 11915
f 11899 11900 11915
f 11915 11900 4321
f 11914 11913 11909
f 11910 11914 11907
f 11915 11918 11912
f 11910 11916 11914
f 11914 11916 11913
f 11913 11916 11917
f 11913 11917 11909
f 11909 11917 4326
f 11917 4333 4326
f 11918 11917 11916
f 11918 11919 11917
f 14583 4329 4333
f 11919 11918 11915
f 11915 14583 11919
f 11915 4321 14583
f 4329 14583 4321
f 5474 8623 11920
f 5474 11920 5472
f 8623 8624 11920
f 11920 11921 5472
f 11920 8624 11921
f 8624 9734 11921
f 11921 9734 11922
f 11928 11930 11922
f 11922 11924 11928
f 11923 5475 5472
f 11923 5472 11921
f 11921 11922 11930
f 11923 11921 11930
f 10781 5476 11923
f 10781 11923 10780
f 10780 11923 10779
f 10779 11923 11930
f 10779 11930 11936
f 11922 9734 11924
f 9734 11927 11924
f 9734 9735 11927
f 11924 11927 11925
f 11926 11924 11925
f 11924 11926 11928
f 11927 9738 11925
f 9738 11926 11925
f 11934 11928 11926
f 11929 11926 9738
f 9739 11929 9738
f 11930 11928 11936
f 11933 11926 11929
f 11937 11928 11934
f 11929 11931 11933
f 11936 11928 11937
f 11934 11926 11933
f 9739 6227 11929
f 11929 6227 11931
f 6227 11933 11931
f 11941 11934 11933
f 6231 11935 6227
f 6227 11935 11933
f 11938 11937 11934
f 6231 6230 11935
f 11938 11934 11941
f 11938 11936 11937
f 11935 11941 11933
f 6230 11939 11935
f 11939 11941 11935
f 6231 6233 6230
f 11940 11936 11938
f 6233 11939 6230
f 7515 11938 11941
f 6234 11939 6233
f 11940 11938 7515
f 11942 7515 11941
f 11939 11942 11941
f 7514 11940 7515
f 11939 6234 11943
f 11942 11939 11943
f 6237 12557 11943
f 11942 11943 10900
f 11945 11526 11529
f 11944 11945 11946
f 11528 11529 11526
f 11946 11945 11947
f 11947 11945 11529
f 11532 11947 11529
f 11534 11947 11532
f 11948 8179 11946
f 11948 11946 11949
f 11949 11946 11947
f 11951 8184 11948
f 11949 11947 11534
f 11950 11948 11949
f 11681 11949 11534
f 11680 11951 11948
f 8185 11951 11680
f 11950 11680 11948
f 11950 11949 11681
f 11952 7444 7453
f 11953 7444 11952
f 11954 8914 11955
f 11954 2478 8914
f 11955 8914 11956
f 11954 11955 11956
f 8914 8915 11956
f 8915 8916 11956
f 7457 11960 11962
f 7456 7457 11962
f 11964 11957 11958
f 11670 11959 11957
f 11959 11958 11957
f 11960 14611 11959
f 11959 11670 11960
f 11959 14611 11961
f 11669 11960 11670
f 14611 11960 7464
f 11960 11669 11962
f 7461 11961 7464
f 11961 14611 7464
f 11960 7457 7464
f 11958 11963 11965
f 11965 11969 11958
f 11958 11969 11964
f 11964 11672 11957
f 11966 11968 11963
f 11963 11968 11965
f 11970 11966 11967
f 11966 11963 11967
f 11968 11969 11965
f 11969 11671 11964
f 11964 11671 11672
f 11968 11966 11972
f 11968 11972 11969
f 11969 11972 11971
f 11671 11969 11971
f 11970 8919 11966
f 8919 11972 11966
f 11676 11671 11971
f 11972 11974 11971
f 11971 11974 11676
f 11972 8919 11979
f 11972 11979 11974
f 11974 11973 11975
f 11978 11976 11974
f 11974 11679 11676
f 11976 11679 11974
f 7468 7469 11973
f 7469 11679 11973
f 7469 7470 11679
f 11679 7470 11677
f 8919 79 11979
f 11979 79 7468
f 11973 11974 11979
f 11974 11975 11977
f 11978 11974 11977
f 11679 11976 11978
f 11975 11973 11977
f 11977 11973 11978
f 11978 11973 11679
f 11979 7468 11973
f 4207 11980 11981
f 4207 4204 11980
f 11981 11982 11985
f 11985 11982 10956
f 11984 4207 11981
f 11984 11983 4204
f 11984 11981 11985
f 11985 10956 10959
f 11991 11984 11985
f 11987 4213 11986
f 11991 11985 10959
f 10341 4213 11987
f 11986 4214 11989
f 4214 4215 11989
f 4215 11983 11988
f 11988 11983 11984
f 11991 10959 6008
f 11986 11989 11987
f 11988 11984 11990
f 11991 11990 11984
f 11987 11989 10341
f 10341 11989 6005
f 11989 4215 11988
f 6007 11988 11990
f 10344 10341 6005
f 6005 11989 6006
f 6006 11989 6007
f 11989 11988 6007
f 11990 11991 6009
f 6009 11991 6008
f 11995 5370 11775
f 11995 11775 11997
f 11997 11777 11992
f 11997 11992 11993
f 11994 11993 3116
f 11994 11997 11993
f 11996 5370 11995
f 11998 11994 3116
f 11999 11997 11994
f 11998 11999 11994
f 12000 11996 11995
f 5376 11996 12000
f 11995 11997 12001
f 12001 11997 11999
f 11999 11998 3513
f 3782 5376 12000
f 3782 12000 3783
f 3781 11999 3513
f 3782 5379 5376
f 3783 12000 11995
f 3783 11995 12001
f 3783 12001 3784
f 3784 12001 11999
f 3784 11999 3781
f 5625 5574 12009
f 12006 12002 5580
f 14802 12005 12047
f 14803 14804 12014
f 12006 12007 12009
f 5574 12006 12009
f 12007 12006 5580
f 12008 12047 12005
f 12008 12014 14804
f 12009 12007 12010
f 12009 12010 12017
f 14805 12010 12013
f 12013 12010 12007
f 12013 12007 5580
f 12005 14805 12013
f 12005 12013 12008
f 12012 12016 12011
f 12017 12010 12016
f 12016 12010 12011
f 12015 12021 12014
f 12015 12014 12008
f 12013 12024 12019
f 12013 5580 12024
f 12018 12013 12019
f 12020 12015 12018
f 12021 12015 12020
f 12012 12030 12016
f 12016 12030 12017
f 12024 14806 14807
f 12028 12018 12019
f 12017 12022 12009
f 12048 12009 12022
f 12023 12030 12012
f 12022 12017 12030
f 12028 12024 14807
f 12025 14807 12026
f 12025 12028 14807
f 12025 3100 12028
f 3100 14808 12028
f 12019 12031 12028
f 12024 12031 12019
f 12031 12024 12028
f 12027 12026 12024
f 12029 12022 12034
f 12022 12029 12048
f 12034 12022 12030
f 12026 12027 12032
f 3100 12025 12033
f 12025 12026 12032
f 12033 12025 12032
f 12023 12034 12030
f 12035 12037 14809
f 14809 12036 12035
f 12037 12035 12036
f 12038 12040 12041
f 12039 10626 12090
f 12042 12040 12038
f 12041 12040 10626
f 12042 12038 12043
f 12043 12038 12041
f 12044 12042 12043
f 12044 12043 12045
f 12043 12041 12045
f 12046 12044 12045
f 12045 10630 12046
f 12045 12091 10630
f 10631 12046 10630
f 5580 14725 12049
f 12049 14725 5625
f 12047 12008 14804
f 12048 12050 12009
f 12009 12050 5625
f 12050 12049 5625
f 12051 12008 12013
f 12018 12051 12013
f 12008 12051 12015
f 12024 5580 12049
f 12015 12051 12018
f 12055 12053 12050
f 12053 12049 12050
f 12027 12024 12053
f 12024 12049 12053
f 12029 12052 12048
f 12048 12052 12050
f 12050 12052 12055
f 12027 12053 12032
f 9535 12053 12054
f 12053 9535 12032
f 12054 12053 12055
f 12054 12058 9535
f 12055 12058 12054
f 12056 9535 12058
f 12029 12057 12052
f 12055 12052 12057
f 12055 12057 12058
f 12059 12058 12057
f 12059 12056 12058
f 12059 12060 12056
f 12062 7516 7517
f 12062 12061 10908
f 12064 7516 12062
f 12063 7516 12064
f 10909 12062 10908
f 10909 12064 12062
f 12065 12063 12064
f 12065 7496 12063
f 12065 12064 10909
f 10407 7496 12065
f 10407 12065 10412
f 10412 12065 10909
f 10412 10909 10413
f 12066 12068 12067
f 12068 12069 12067
f 12068 12071 12069
f 12072 12074 12067
f 12069 12072 12067
f 12069 12071 12072
f 12071 12068 12144
f 12144 12070 12071
f 12074 12072 12073
f 12075 12070 12140
f 12077 12072 12071
f 12073 12072 12077
f 10461 12074 12073
f 12071 12070 12079
f 12079 12070 12075
f 12079 12077 12071
f 12084 10461 12076
f 10461 12073 12076
f 12073 12077 12076
f 12156 12078 12075
f 12075 12078 12079
f 12077 12079 12081
f 12079 12078 12081
f 12076 12081 12084
f 12076 12077 12081
f 12080 12078 12156
f 12081 12078 12082
f 12461 12078 12080
f 12082 12084 12081
f 12082 12078 12461
f 12083 12084 12462
f 12462 12084 12082
f 14810 12086 12088
f 12089 12088 12086
f 12089 14810 12088
f 10626 12040 12090
f 12041 10626 12091
f 12041 12091 12045
f 6290 12093 11932
f 6291 12097 6290
f 12097 12093 6290
f 6291 6288 12097
f 12099 12095 6288
f 6288 6281 12099
f 12099 6281 6289
f 12094 6282 12092
f 6288 12095 12097
f 12095 12099 12098
f 12099 6289 12096
f 6289 6282 12096
f 12096 6282 12094
f 12101 12095 12098
f 12101 12097 12095
f 12099 12096 12102
f 12096 12094 12820
f 12101 12098 12103
f 12098 12099 12103
f 12103 12099 12102
f 12100 12096 12820
f 12111 12101 12103
f 12100 12102 12096
f 12104 12100 12820
f 12106 12103 12102
f 12108 12106 12100
f 12104 12105 12100
f 12108 12100 12105
f 12109 12111 12103
f 12106 12102 12100
f 12106 12107 12103
f 12106 12108 12107
f 12105 12826 12108
f 12109 12103 12107
f 12108 12110 12107
f 12826 12110 12108
f 12107 12110 12117
f 12117 12110 12832
f 12111 12109 12107
f 12111 12107 12112
f 12107 12117 12113
f 12832 12116 12117
f 12112 12114 12111
f 12113 12112 12107
f 12112 12113 12114
f 12114 12113 3356
f 12115 12117 12844
f 12844 12117 12116
f 12114 3356 12118
f 3356 12113 12118
f 14683 12117 3357
f 12117 12115 3357
f 12115 12844 3357
f 633 12121 634
f 12121 12124 634
f 12124 12119 634
f 633 12120 12122
f 633 12122 12121
f 12124 641 12119
f 12119 641 638
f 12122 12126 12121
f 1828 12125 12120
f 12120 12125 12122
f 12122 12125 12127
f 12127 12129 12122
f 12129 12126 12122
f 12126 12123 12121
f 12121 12123 12124
f 12123 641 12124
f 1833 12127 1828
f 1828 12127 12125
f 12123 642 641
f 12129 12130 12126
f 12126 12130 12123
f 12128 12127 1833
f 12129 12127 12131
f 12130 642 12123
f 12128 12131 12127
f 1833 1836 12128
f 12133 12131 12128
f 12129 12131 12130
f 12133 12128 1836
f 12131 12132 12130
f 12133 12134 12131
f 12130 12132 642
f 1842 1664 1836
f 12136 12133 1664
f 12133 1836 1664
f 12133 12136 12134
f 12134 12135 12131
f 12131 12135 12132
f 12136 1667 12134
f 12134 1667 12135
f 12137 13690 12138
f 12142 12144 12066
f 12144 12068 12066
f 12142 12066 12139
f 12140 12070 12144
f 12145 12137 12138
f 12142 12139 12141
f 12140 12144 12143
f 12143 12144 12142
f 12145 12138 12146
f 12148 12142 12141
f 12148 12141 12147
f 12148 12143 12142
f 12149 12140 12143
f 12149 12075 12140
f 12148 12147 12153
f 12154 12148 12153
f 12149 12156 12075
f 12150 12145 12158
f 12158 12145 12146
f 12143 12148 12151
f 12152 12153 12147
f 12151 12148 12155
f 12155 12148 12154
f 12159 12149 12151
f 12149 12143 12151
f 12149 12159 12156
f 13702 12150 12158
f 12152 12160 12153
f 12160 12154 12153
f 12155 12154 12160
f 7328 7331 12157
f 12152 12177 12160
f 12177 12155 12160
f 12158 12162 13702
f 12161 12158 12146
f 12151 12173 12159
f 12177 12151 12155
f 12175 12156 12159
f 12080 12156 12175
f 14781 9236 12161
f 9236 9242 12161
f 9240 12179 12163
f 9239 10397 12179
f 9240 12163 9242
f 12162 12158 12165
f 12161 9242 12158
f 9242 12163 12180
f 12168 12165 12158
f 12158 12166 12168
f 12158 9242 12166
f 12180 12166 9242
f 12166 12171 12168
f 12171 12166 12167
f 12166 12180 12167
f 12163 12164 12167
f 12164 10397 12169
f 10397 10399 12169
f 12172 12171 12170
f 12170 12171 12167
f 12164 12169 12167
f 12167 12169 12173
f 12167 12173 12170
f 12171 12172 12176
f 12172 12170 12176
f 12170 12151 12176
f 12170 12173 12151
f 12173 12169 12175
f 12174 12171 12152
f 12173 12175 12159
f 12169 10399 12175
f 12171 12176 12152
f 12177 12176 12151
f 10399 10400 12178
f 12177 12152 12176
f 12175 10399 12178
f 12163 12179 12164
f 12179 10397 12164
f 12163 12167 12180
f 12168 12171 12174
f 12181 12183 12182
f 12184 12185 12188
f 12188 12297 12186
f 13616 12181 12182
f 12187 12182 12183
f 12189 12187 12183
f 12189 12183 12188
f 12189 12188 12186
f 12192 12186 12301
f 12301 12186 12297
f 13616 12190 12194
f 13616 12182 12190
f 12190 12182 12187
f 12190 12187 12191
f 12191 12187 12198
f 12187 12199 12198
f 12201 12187 12189
f 12199 12187 12201
f 12201 12189 12193
f 12186 12193 12189
f 12192 12193 12186
f 12192 12301 12193
f 12195 12197 12190
f 12196 12197 12195
f 12196 12195 12191
f 12191 12195 12190
f 12201 12200 12199
f 12200 12201 12202
f 12201 12193 12202
f 12204 12194 12197
f 12194 12190 12197
f 12203 12204 12205
f 5195 14586 11347
f 11346 12208 12206
f 12234 11349 12207
f 11340 12212 12208
f 12206 12208 12207
f 11348 11347 12212
f 12212 12222 12208
f 12208 12209 12207
f 11347 14586 12212
f 12208 12222 12209
f 14586 12219 12212
f 12220 12212 12219
f 12209 12222 12218
f 12218 14612 12214
f 12214 12248 12210
f 12246 12207 12209
f 12214 12210 12246
f 12214 12246 12209
f 12222 12212 12220
f 12209 12218 12214
f 14811 12213 12215
f 12216 12215 12213
f 12222 12220 12217
f 12219 12221 12220
f 12248 12214 14612
f 12216 14811 12215
f 12220 12221 12217
f 12218 12222 12211
f 12225 12248 14612
f 12217 12228 12222
f 12211 12222 12228
f 12218 12211 12223
f 14612 12218 12223
f 14612 12224 12225
f 12221 12231 12217
f 12226 12217 12231
f 12228 12217 12226
f 12223 12224 14612
f 12228 12226 12231
f 12223 12211 12233
f 12221 12227 12231
f 12211 12228 12229
f 12223 12233 6811
f 12230 12223 6811
f 12224 12230 9334
f 12232 5199 12227
f 12227 12229 12231
f 12211 12229 12233
f 12230 6811 9334
f 11349 12235 11343
f 11349 12234 12235
f 12242 12236 12235
f 12235 12237 11343
f 12237 12235 12236
f 12242 12235 12234
f 12239 12237 12236
f 12260 12238 12236
f 11343 12237 11359
f 11359 12237 12240
f 12239 12236 12238
f 12237 12239 2354
f 2354 12239 12238
f 12240 12237 2355
f 12237 2354 2355
f 11359 2355 2353
f 11359 12240 2355
f 12241 2354 12238
f 12207 12246 12234
f 12234 12246 12243
f 12242 12245 12236
f 12242 12243 12245
f 12246 12210 12243
f 12243 12244 12245
f 12210 12248 12243
f 12243 12248 12244
f 12245 12244 12247
f 12242 12234 12243
f 12245 12247 12253
f 12244 12248 12255
f 12225 12255 12248
f 12250 12247 12249
f 12249 12247 12244
f 12254 12253 12250
f 12253 12247 12250
f 12224 12255 12225
f 12249 12244 12255
f 12251 12250 12249
f 12252 12236 12245
f 12252 12245 12253
f 12250 12251 12254
f 12224 9334 12255
f 12249 9335 12251
f 12249 12255 9334
f 12249 9334 9335
f 12260 12236 12252
f 12257 12253 12254
f 9340 12257 12254
f 12251 9340 12254
f 12251 9335 9340
f 12252 12253 8176
f 8176 12253 12256
f 12256 12253 12258
f 12253 12257 12258
f 12258 12257 12259
f 12259 12257 9343
f 12257 9342 9343
f 12257 9340 9342
f 8178 12260 12252
f 8178 12252 12261
f 12261 12252 8176
f 12258 12263 12256
f 12263 8176 12256
f 12258 12262 12263
f 12262 12258 12259
f 12259 9343 12262
f 12263 12262 11944
f 12262 9343 11944
f 12261 8176 12263
f 12261 12263 11946
f 11946 12263 11944
f 12268 10947 12266
f 12266 10948 12264
f 12265 12268 12266
f 12267 12266 12264
f 1943 10944 10946
f 12269 12265 12266
f 12269 12266 12267
f 1947 1943 10946
f 12269 12268 12265
f 12271 12272 12270
f 10946 12271 12270
f 10946 12270 1947
f 12273 1947 12270
f 12273 12270 12272
f 1959 12274 12275
f 12278 12275 12274
f 12278 12276 12277
f 12278 14613 12275
f 12278 12277 14613
f 14613 12277 12279
f 12279 12277 12276
f 1959 1953 1955
f 12280 12282 12283
f 12292 12281 12280
f 12280 12281 12282
f 12281 12292 12285
f 12282 12294 12293
f 12294 12281 12285
f 12288 6796 12286
f 12289 12295 12290
f 12290 6800 12287
f 12290 12291 6800
f 12292 12280 5200
f 12296 12280 12283
f 12282 12293 12286
f 12284 12283 12282
f 12286 6796 12282
f 12282 6796 12284
f 12286 12293 12294
f 12295 12289 12294
f 12287 12294 12289
f 12294 12285 12295
f 12288 12287 6800
f 12288 6800 6796
f 12296 5200 12280
f 12296 5199 5200
f 12297 11502 12300
f 12298 11501 7363
f 12299 12298 7363
f 12301 12297 12300
f 12300 11502 12299
f 12299 11502 12298
f 7372 12299 7363
f 12301 12300 12308
f 12300 12305 12308
f 12302 12305 12300
f 12300 12299 12302
f 12302 12299 12307
f 12307 12299 12303
f 12303 12299 7372
f 12305 12302 12308
f 12304 12311 12306
f 12304 12307 12317
f 12304 12306 12307
f 12309 12317 12307
f 12307 12306 12302
f 12306 12308 12302
f 12303 12309 12307
f 12310 12303 7372
f 7373 12310 7372
f 12311 12313 12312
f 12304 12313 12311
f 12316 1462 12313
f 12313 1462 12312
f 1462 12316 1461
f 12316 12318 1461
f 12318 12316 12314
f 1461 12318 12319
f 10620 1461 1463
f 12303 12310 12309
f 12320 12309 12310
f 1461 7377 1463
f 1461 12319 7377
f 12319 7379 7377
f 12319 12309 7379
f 12309 12320 7379
f 12321 2369 2365
f 12322 2370 12326
f 12326 2370 12323
f 12321 12323 2369
f 12326 12323 12321
f 12322 12326 12328
f 12324 12322 12328
f 11491 12327 11492
f 12326 12321 12325
f 12326 12325 12332
f 12330 12332 12325
f 12327 12330 12325
f 12332 12329 12328
f 12328 12326 12332
f 12328 12329 12333
f 12332 12331 12329
f 12332 12330 11500
f 12333 12329 12331
f 12331 12332 12334
f 12185 12334 12332
f 12185 12332 11500
f 12297 12185 11500
f 12185 12184 12334
f 12188 12185 12297
f 12336 12335 4361
f 12337 12335 12336
f 12337 12336 12338
f 12336 4361 12338
f 12338 4361 4367
f 12337 12338 12344
f 12338 4367 12339
f 12338 12339 12344
f 4367 4380 12339
f 12290 12295 12291
f 12291 12295 12340
f 12291 12342 6800
f 4373 6800 12342
f 12340 12342 12291
f 12340 12341 12342
f 12341 12346 12342
f 12343 12344 12339
f 12343 12339 4380
f 12341 12345 12346
f 12345 12343 12346
f 12346 12343 12347
f 12347 12343 4381
f 12343 12345 14566
f 12344 12343 14566
f 4380 4381 12343
f 9159 9160 12348
f 12352 9159 12348
f 13097 9160 9157
f 13097 12348 9160
f 3940 9159 12352
f 12352 12348 13097
f 12350 12352 13097
f 12350 13097 13098
f 12349 13098 13097
f 12353 12350 13098
f 12351 3940 12352
f 12350 12354 12352
f 12351 12352 12354
f 13048 12350 12353
f 13048 12353 12355
f 13049 12351 12354
f 12354 12350 13048
f 4389 12357 9339
f 9337 12356 9341
f 12356 9339 12360
f 12357 12361 9339
f 9339 12361 12360
f 12360 4390 12358
f 12361 4387 4390
f 4390 4386 12365
f 12365 4386 11518
f 9341 12356 11527
f 12360 12361 4390
f 12360 12358 12356
f 12356 12358 12359
f 12356 12359 11527
f 12358 4390 12365
f 11527 12359 12367
f 11526 9341 11528
f 11528 9341 11530
f 11530 9341 11531
f 11531 9341 11527
f 12359 12358 12365
f 11524 12362 11518
f 12359 12362 12366
f 11524 11521 12362
f 12362 12363 12366
f 11521 12364 12362
f 12365 11518 12362
f 12359 12365 12362
f 12367 12359 12394
f 12394 12359 12366
f 12362 12364 12363
f 12363 12385 12366
f 12366 12385 12394
f 12385 12363 12364
f 12364 12387 12385
f 12385 12386 12394
f 11531 11527 12367
f 11531 12367 12368
f 12368 12367 12397
f 12397 12367 12394
f 12369 11531 12368
f 12400 12369 12368
f 12400 12368 12397
f 12369 12400 11010
f 1861 11533 12369
f 1861 12369 11011
f 11011 12369 11010
f 11525 11523 12371
f 12371 12375 11521
f 12372 11523 11522
f 11523 12372 12371
f 12372 11522 12374
f 12370 12374 11522
f 11418 12374 12370
f 12373 12374 11418
f 11525 12371 11521
f 12378 12371 12372
f 12372 12374 12378
f 12378 12374 12373
f 12373 11418 11426
f 12393 12373 11426
f 12387 12375 12388
f 12388 12375 12371
f 12376 12389 12379
f 12377 12379 12380
f 12376 12379 12377
f 12389 12388 12381
f 12382 12381 12392
f 12382 12379 12381
f 12379 12389 12381
f 12379 12382 12380
f 12381 12388 12392
f 12388 12384 12392
f 12384 12373 12393
f 12364 11521 12375
f 12375 12387 12364
f 12385 12387 12386
f 12387 12388 12386
f 12386 12388 12389
f 12378 12388 12371
f 12376 12377 12391
f 12391 12377 12380
f 12382 12392 12390
f 12390 12380 12382
f 12390 12391 12380
f 12383 12390 12392
f 12391 12383 11437
f 12390 12383 12391
f 12388 12378 12384
f 12378 12373 12384
f 11430 11437 12383
f 12383 12392 12384
f 12383 12384 12393
f 12393 11429 12383
f 12383 11429 11430
f 12394 12386 12395
f 12386 12389 12395
f 12389 12376 12395
f 12395 12376 12391
f 11437 11430 11436
f 12395 12391 11437
f 12396 12398 12394
f 12396 12394 12395
f 12395 11437 9415
f 12397 12394 12398
f 9417 12395 9415
f 12399 12397 12398
f 12396 12395 9417
f 12398 12396 12401
f 9523 12396 9417
f 12401 12396 9523
f 12399 12398 12401
f 12400 12397 12399
f 11009 12400 4768
f 4768 12400 12399
f 4768 12399 12401
f 4768 12401 4767
f 4767 12401 9523
f 12403 12402 2322
f 11663 12403 2323
f 12404 12402 12403
f 12404 12403 12405
f 12405 12403 11663
f 12405 11663 11675
f 12407 12404 12405
f 12409 12404 12407
f 12409 12406 12404
f 12409 12408 12406
f 12408 12409 9646
f 12407 12405 9647
f 9646 12409 9648
f 9648 12409 9647
f 9647 12409 12407
f 9647 12405 8214
f 7384 7367 12422
f 12410 10619 12411
f 10627 12410 10628
f 10627 10619 12410
f 7384 12416 12411
f 12416 7384 12422
f 10628 12410 12412
f 12410 12411 12415
f 12416 12422 12413
f 12091 10626 10629
f 10626 10628 10629
f 10628 12412 10629
f 12414 10629 12412
f 12410 12414 12412
f 12414 12410 12415
f 12416 12415 12411
f 12415 12416 10633
f 12417 12416 12413
f 10637 10632 12414
f 11981 12414 12415
f 12415 10633 11981
f 12416 12417 11982
f 11980 10637 12414
f 10633 11982 11981
f 12416 11982 10633
f 11982 12417 10956
f 11693 12418 12419
f 12419 12418 12420
f 7371 11693 12419
f 12420 11016 11017
f 7371 12419 12420
f 7366 7371 12421
f 7367 14761 12422
f 12422 14761 12421
f 12424 12421 7371
f 12422 12421 12424
f 12423 12424 7371
f 12420 12423 7371
f 12413 12422 12425
f 12425 12422 12429
f 12422 12424 12429
f 12424 12426 12429
f 12424 12423 12426
f 12427 12426 12423
f 12423 12420 12428
f 12427 12429 12426
f 12430 12427 12423
f 12413 12425 12436
f 12425 12429 12436
f 12427 12430 12431
f 12431 12429 12427
f 12430 12423 12428
f 12439 12420 11018
f 12434 12436 12429
f 12434 12429 12431
f 12428 12420 12439
f 12417 12413 12436
f 12433 12434 12431
f 12438 12430 12428
f 12432 12433 12431
f 12430 12432 12431
f 12438 12432 12430
f 12442 12428 12439
f 12433 10949 12434
f 12417 12436 12435
f 12432 12438 12437
f 10953 12428 12442
f 10956 12417 12435
f 10949 12435 12434
f 12434 12435 12436
f 10949 12433 12432
f 10949 12432 12437
f 10953 12438 12428
f 12442 12439 12440
f 12440 12439 12443
f 12442 12440 12443
f 5937 12443 12441
f 5937 12441 11028
f 12444 12443 5937
f 12445 12442 12443
f 12445 12443 12444
f 12446 12442 12445
f 12445 12444 5937
f 5939 12445 5937
f 12447 12442 12446
f 12446 12445 12448
f 12447 12446 12448
f 10508 10964 12447
f 10509 12447 12448
f 10514 12448 12445
f 10514 12445 5939
f 10508 12447 10509
f 12448 12449 10509
f 12449 12448 10514
f 12452 10519 12450
f 12453 12452 12450
f 12453 12450 7877
f 12454 12455 12451
f 12457 10519 12452
f 8135 7878 8132
f 12457 12452 12453
f 12453 7877 12455
f 7879 12454 12451
f 12457 12453 12455
f 12459 12456 12457
f 7333 12454 7879
f 12458 7878 8135
f 12459 12457 12455
f 12458 7879 7878
f 10526 12456 12459
f 12459 12455 12454
f 10526 12459 7334
f 7334 12459 7335
f 12459 12454 7335
f 7335 12454 7333
f 7333 7879 12458
f 12458 8135 13113
f 12461 12175 12178
f 12080 12175 12461
f 10400 12460 12178
f 12178 12460 12461
f 12460 12463 12461
f 12083 12462 4358
f 12461 12464 12082
f 12461 12463 12464
f 12462 12082 4358
f 12460 13633 12463
f 12082 12464 4358
f 4359 4358 12467
f 12467 4358 12464
f 12464 12468 12470
f 12463 12468 12464
f 12468 12463 12469
f 12463 12465 12469
f 12466 12465 12463
f 13633 12466 12463
f 12470 12467 12464
f 12471 12470 12468
f 12469 12472 12468
f 12465 12473 12469
f 14812 12474 12487
f 12485 14813 14814
f 12474 12471 12468
f 12483 12474 12472
f 12472 12474 12468
f 12474 12483 12478
f 12472 12469 12475
f 12469 12473 12475
f 12472 12475 12483
f 12473 12476 12477
f 12473 12465 12476
f 12465 12466 13636
f 12474 12481 12487
f 12481 12474 12478
f 12479 12478 12484
f 12484 12483 12475
f 12484 12478 12483
f 12473 12484 12475
f 12490 12477 12476
f 12490 12484 12473
f 12490 12473 12477
f 12476 12465 12486
f 13636 13639 12465
f 13639 12486 12465
f 12482 12485 14814
f 12481 12478 12487
f 12478 12479 12487
f 12489 12488 12491
f 12490 12488 12489
f 12491 12490 12492
f 12491 12488 12490
f 12485 12482 12480
f 12489 12484 12490
f 12492 12490 12476
f 12492 12476 12486
f 12497 13370 12495
f 13370 12493 12496
f 13367 12499 12498
f 13367 12494 12499
f 12496 12495 13370
f 12493 13367 12498
f 12500 12497 12505
f 12496 12501 12495
f 12495 12505 12497
f 12503 12496 12493
f 12504 12500 12505
f 12495 12501 12505
f 12501 12496 12503
f 12503 12493 12519
f 12493 12498 12519
f 12501 12503 12502
f 12498 12499 12519
f 12505 12501 12506
f 12506 12501 12507
f 12501 12502 12507
f 12504 12505 12506
f 12503 12513 12502
f 12513 12503 12508
f 12503 12519 12508
f 12502 12511 12507
f 12502 12513 12511
f 12510 12506 12509
f 12509 12506 12507
f 12511 12509 12507
f 12512 12513 12508
f 12509 12517 12510
f 12515 12509 12511
f 11036 12515 12513
f 12515 12511 12513
f 12513 12512 11036
f 12514 12510 6516
f 12510 12517 6516
f 12509 12515 12517
f 12516 6516 12517
f 12517 12515 11035
f 11036 11035 12515
f 11036 12512 11037
f 12512 12508 11037
f 12523 11037 12508
f 12517 11034 12516
f 11034 12517 11035
f 12499 12494 12518
f 12518 6062 6067
f 12520 12499 12518
f 12520 12518 6067
f 12519 12499 12520
f 12520 6067 6068
f 12521 12519 12520
f 12521 12520 6068
f 12508 12519 12521
f 12521 6068 6077
f 12508 12521 12522
f 12522 12521 6077
f 12523 12508 12522
f 12522 6077 12523
f 12523 6077 10881
f 12524 11037 12523
f 12524 12523 10881
f 11040 11038 11044
f 12524 10881 10885
f 12526 11041 12524
f 12526 12524 12525
f 12525 12524 10885
f 12526 12525 10885
f 12527 12526 10885
f 12527 10885 12528
f 12528 12529 12527
f 12531 12532 12535
f 12530 12531 12535
f 12532 12533 12535
f 12535 12533 12541
f 12541 12533 12534
f 12534 3938 3945
f 12536 12530 12542
f 12542 12530 12540
f 12530 12535 12540
f 12535 12541 12537
f 12541 12534 3945
f 12538 12536 12539
f 12539 12536 12542
f 12542 12540 12544
f 12540 12535 12537
f 12543 12539 12546
f 12546 12539 12544
f 12539 12542 12544
f 12545 12537 12541
f 12541 3945 12547
f 12544 12540 12548
f 12540 12537 12545
f 12545 12541 12547
f 12546 12544 12550
f 12548 12540 12545
f 12546 12550 12549
f 12550 12544 12548
f 12548 12545 13188
f 13188 12545 12551
f 12545 12547 12551
f 12552 12550 12548
f 12555 12553 12549
f 12549 12550 12555
f 12552 12548 13188
f 12554 12555 12550
f 12554 12550 12552
f 12552 13188 13187
f 12556 13187 13188
f 13188 12551 13208
f 11943 12557 10900
f 12558 14815 10594
f 12558 12559 12560
f 12558 10594 12559
f 12561 12559 14815
f 10594 14815 12559
f 12559 12561 12560
f 10611 12562 10598
f 13497 12563 12564
f 12563 14181 12564
f 12564 14181 14188
f 14181 12565 14188
f 13309 12566 13308
f 12567 12568 14816
f 12570 14816 12568
f 12571 6385 6393
f 12570 12568 12567
f 12570 12567 12569
f 12571 12567 6385
f 12571 12569 12567
f 12570 12569 12574
f 12572 12569 12571
f 12574 12569 12572
f 6393 12572 12571
f 12572 6393 12573
f 5417 5421 12574
f 5417 12574 12572
f 5417 12572 12573
f 5417 12573 5414
f 5414 12573 13641
f 12577 12585 14520
f 12576 12578 12579
f 12578 12576 12586
f 12578 12586 12579
f 12580 9395 9392
f 12575 12588 12576
f 12588 12586 12576
f 12581 12582 12583
f 12585 12577 12584
f 12585 9395 12580
f 12587 12582 12581
f 12582 12587 12583
f 12584 12593 12585
f 12593 9395 12585
f 12588 12592 12586
f 12593 9405 9395
f 12589 12591 12575
f 12591 12592 12575
f 12575 12592 12588
f 12590 12591 12589
f 12593 12594 9405
f 12590 12592 12591
f 12594 12593 12584
f 10033 12599 12596
f 10033 12597 12599
f 12597 12598 12599
f 12595 12599 12598
f 12600 12595 12598
f 12600 12602 12595
f 12601 12602 12600
f 12598 12601 12600
f 9657 10033 10031
f 9656 9659 9652
f 12607 9652 9659
f 12607 12603 9652
f 12603 12607 9654
f 12604 14817 12605
f 14817 12604 12606
f 12606 12604 12605
f 12607 9659 9660
f 10033 9658 12597
f 9656 12608 9659
f 9659 12608 9660
f 12607 12609 12597
f 12597 12609 12610
f 9662 12597 9661
f 12598 12597 9662
f 9660 12608 12609
f 12609 12608 9663
f 12609 9663 12610
f 12610 12611 9662
f 9663 9664 12610
f 12610 9664 12611
f 12611 12598 9662
f 12611 9664 12601
f 12611 12601 12598
f 12608 12612 9663
f 9663 12612 9664
f 9664 12612 12601
f 12602 12601 12612
f 12616 12613 14563
f 12615 14818 12614
f 12617 14818 12615
f 12617 12615 12614
f 12621 12620 12618
f 12618 12619 12621
f 12619 14567 12621
f 12620 12621 12622
f 12623 12624 12625
f 12623 14819 12624
f 12619 12618 14567
f 12624 14819 12625
f 12627 13931 13932
f 12636 13932 12626
f 12629 4580 4579
f 12628 12631 4578
f 12628 12627 12631
f 4580 12629 12630
f 12627 13932 12631
f 12632 1054 1049
f 12632 1049 4580
f 13932 12636 12631
f 12630 12634 1055
f 12630 12633 12634
f 6439 12638 12636
f 12626 6439 12636
f 4579 12637 12629
f 1049 1038 4580
f 4578 12631 12637
f 4580 12630 12632
f 12629 12637 12630
f 12630 12637 12633
f 12637 12631 12633
f 12631 12636 12633
f 12632 1055 1054
f 12630 1055 12632
f 1055 12634 12635
f 12633 12638 12634
f 12633 12636 12638
f 12635 12634 1058
f 12634 6445 1058
f 12634 12638 6445
f 6895 3788 12640
f 12640 3788 3789
f 12641 3789 3790
f 12639 3790 3787
f 8395 12639 3519
f 12641 12640 3789
f 6896 6895 6900
f 6900 6895 12640
f 12645 12639 8395
f 12641 3790 12643
f 12643 3790 12639
f 12642 12640 12641
f 12644 6900 12640
f 12642 12641 12643
f 12643 12639 12645
f 12644 12640 12642
f 12647 12642 12643
f 8887 6900 12644
f 12647 12643 12646
f 12646 12643 12645
f 12646 12645 950
f 12644 12642 8886
f 8886 12642 12647
f 8886 12647 12646
f 958 12646 950
f 12652 11053 12649
f 12649 11053 11055
f 12649 11055 11058
f 11057 12650 11058
f 12657 12649 11058
f 12657 11058 12650
f 12651 12650 11057
f 12648 11059 12686
f 12649 12657 12653
f 11059 12651 11057
f 11059 12648 12651
f 12665 12654 12686
f 12654 12648 12686
f 12657 12650 12655
f 12659 12653 12657
f 12655 12650 12651
f 12661 12651 12656
f 12656 12651 12648
f 12656 12648 12654
f 12659 12657 12658
f 12657 12655 12658
f 12655 12651 12661
f 12666 12660 12659
f 12661 12656 12662
f 12662 12656 12654
f 12655 12664 12658
f 12666 12672 12660
f 12666 12659 12658
f 12664 12655 12668
f 12655 12661 12668
f 12654 12663 12662
f 12666 12658 12667
f 12658 12664 12667
f 12661 12662 12668
f 12668 12662 12663
f 12664 12668 12669
f 12663 12670 12668
f 12663 12654 12670
f 12665 12688 12654
f 12675 12668 12670
f 12670 12654 12676
f 12676 12654 12688
f 12682 12672 12673
f 12672 12666 12673
f 12673 12666 12667
f 12674 12669 12668
f 12669 12677 12667
f 12677 12669 12674
f 12674 12668 12675
f 12675 12670 12681
f 12676 12681 12670
f 12677 12674 12679
f 12682 12673 12683
f 12679 12674 12678
f 12680 12675 12681
f 12681 12676 12685
f 12683 12673 12677
f 12684 12679 12678
f 12678 12675 12680
f 12682 10648 10655
f 10648 12682 10649
f 10649 12682 12683
f 12683 12677 10649
f 10649 12677 14604
f 12677 12679 14604
f 12679 12684 14604
f 12678 14604 12684
f 12680 10651 12678
f 10651 14604 12678
f 12680 10652 10651
f 12680 12681 10652
f 10652 12681 12685
f 12686 12529 14056
f 12665 12686 12687
f 12688 12665 12687
f 12671 12688 12687
f 12669 12667 12664
f 12677 12673 12667
f 12678 12674 12675
f 12685 12676 12688
f 12690 12685 1194
f 12685 12690 10652
f 10652 12690 10654
f 12690 1194 1199
f 10654 12690 10657
f 10657 12690 1199
f 1206 10657 1199
f 10662 10657 1206
f 10662 1206 12691
f 12691 1206 1212
f 10668 12691 1217
f 1217 12691 1212
f 1220 10668 1217
f 12709 14275 12692
f 14275 12709 12693
f 12693 12695 12694
f 12708 12694 12696
f 12694 12695 12696
f 12696 12695 12697
f 12697 12712 12718
f 12699 12718 12700
f 12700 12718 12701
f 12718 12724 12701
f 12702 12700 12705
f 12700 12701 12705
f 12701 12703 12705
f 12701 12724 12703
f 12724 12706 12703
f 12724 12704 12706
f 12703 12706 10549
f 12704 10550 12706
f 12705 10549 10552
f 12705 12703 10549
f 12706 10550 10549
f 12704 10551 10550
f 14276 12707 12692
f 11277 12694 12708
f 12693 12694 11277
f 12693 12711 12695
f 12693 12709 12711
f 12692 12712 12709
f 12692 12707 12712
f 12709 12697 12711
f 12709 12712 12697
f 12707 12715 12712
f 12710 12716 12715
f 12710 12713 12716
f 12713 12734 12716
f 12711 12697 12695
f 12734 12698 12716
f 12717 12715 12716
f 12698 12717 12716
f 12717 12698 12734
f 12697 12699 12696
f 12718 12699 12697
f 12712 12719 12718
f 12720 12719 12712
f 12715 12720 12712
f 12717 12722 12721
f 12718 12719 12724
f 12721 12719 12720
f 12737 12722 12717
f 12719 12721 12724
f 12724 12721 12726
f 12737 12740 12722
f 12726 12704 12724
f 12726 12722 12741
f 12741 12722 12727
f 12722 12740 12727
f 12742 12704 12726
f 12741 12742 12726
f 12742 12741 12727
f 12742 10551 12704
f 12727 10551 12742
f 12727 12729 10551
f 12730 12707 14276
f 12732 12707 12730
f 12744 12730 12731
f 12744 12710 12732
f 12731 12795 12714
f 12715 12707 12732
f 12710 12715 12732
f 12744 12745 12710
f 12710 12745 12713
f 12745 12734 12713
f 12715 12717 12720
f 12720 12717 12721
f 12734 12749 12717
f 12723 12717 12749
f 12723 12737 12717
f 12726 12721 12736
f 12736 12722 12739
f 12736 12721 12722
f 12725 12737 12723
f 12725 12723 12738
f 12736 12739 12726
f 12726 12739 12722
f 12740 12737 12738
f 12738 12737 12725
f 12728 12791 12802
f 14820 14821 14822
f 12729 12727 12752
f 12732 12730 12743
f 12743 12730 12744
f 12743 12744 12732
f 12731 12714 12744
f 12714 12745 12744
f 12734 12745 12747
f 12747 12745 12733
f 12745 12714 12733
f 12747 12748 12734
f 12748 12758 12734
f 14823 12733 12735
f 12758 12749 12734
f 12750 12735 12738
f 12751 12762 14822
f 12751 12738 12791
f 14822 12762 14820
f 12760 12752 14824
f 12728 12752 14825
f 12752 12728 12729
f 14826 12769 12746
f 12754 12753 14827
f 12755 12747 14828
f 12755 12763 12747
f 12763 12748 12747
f 12757 12756 12755
f 12748 12763 12758
f 14823 12735 12771
f 12758 12771 12735
f 12749 12758 12772
f 12758 12735 12750
f 12759 12751 12772
f 12751 12749 12772
f 12738 12759 12750
f 12759 12738 12751
f 12760 12751 12761
f 12760 12762 12751
f 12751 12791 12761
f 12762 12760 14824
f 12761 12791 14825
f 14829 12754 12768
f 14829 12768 12767
f 12753 12754 14829
f 14829 12767 12753
f 12767 14828 12753
f 12755 14828 12770
f 12754 14827 12774
f 12774 14827 12771
f 12770 12757 12755
f 12763 12755 12756
f 12763 12771 12758
f 12757 12770 12756
f 12772 12764 12756
f 12758 12764 12772
f 12764 12758 12750
f 12764 12750 12759
f 12765 12759 12772
f 14830 12760 12761
f 12765 12766 12759
f 12761 14825 14831
f 12760 14831 12752
f 14831 14825 12752
f 12768 12754 12774
f 12763 12756 12775
f 12771 12763 12775
f 12772 12756 12770
f 12775 12756 12764
f 12772 12778 12765
f 12764 12759 12777
f 12773 12777 12759
f 12766 12765 12773
f 12759 12766 12773
f 12774 12767 12768
f 14828 12767 12774
f 12770 14828 12774
f 12775 12770 12774
f 12774 12771 12775
f 12772 12770 12775
f 12776 12772 12775
f 12775 12777 12776
f 12775 12764 12777
f 12776 12778 12772
f 12776 12777 12778
f 12778 12773 12765
f 12778 12777 12773
f 12779 3202 3203
f 12782 3203 3199
f 12780 10326 3202
f 12780 3202 12779
f 12781 12780 12788
f 12779 3203 12782
f 12782 3200 1814
f 14324 12781 12783
f 12784 12783 12781
f 12788 12784 12781
f 12780 12785 12788
f 12779 12785 12780
f 12779 12782 12785
f 12729 12793 10551
f 10551 12793 1811
f 14324 12783 14325
f 14325 12783 12795
f 12787 12714 12786
f 12795 12784 12786
f 12795 12783 12784
f 12789 12786 12784
f 12784 12788 12789
f 12789 12788 12797
f 12788 12799 12797
f 12785 12799 12788
f 12799 12785 12794
f 12785 12792 12794
f 12785 12782 12792
f 12728 12793 12729
f 12798 1811 12793
f 12792 12782 1814
f 12795 12731 14325
f 12786 12714 12795
f 12714 12787 12733
f 12796 12787 12786
f 12786 12789 12796
f 12787 12735 12733
f 12735 12797 12723
f 12796 12789 12797
f 12723 12797 12738
f 12790 12797 12799
f 12791 12738 12802
f 12802 12790 12798
f 12790 12799 12798
f 12728 12802 12793
f 12793 12802 12798
f 12798 12799 12794
f 12792 12800 12794
f 12798 1819 1811
f 12798 12794 1819
f 12794 12800 1819
f 12792 1818 12800
f 12792 1814 1818
f 12787 12796 12735
f 12797 12735 12796
f 12738 12797 12801
f 12790 12801 12797
f 12738 12801 12802
f 12801 12790 12802
f 4289 14700 12803
f 12804 4350 4301
f 4297 4289 12803
f 4301 4303 12804
f 12805 12092 10079
f 10079 10080 10081
f 10085 12810 10083
f 12808 12810 10085
f 12808 10085 12322
f 12808 12807 12810
f 12322 10085 2370
f 12092 12805 12094
f 12807 12809 12810
f 12806 12805 10079
f 12811 12806 10081
f 10081 12806 10079
f 10081 10083 12814
f 12808 12322 12324
f 12094 12805 12812
f 12812 12806 12811
f 12806 12812 12805
f 12811 10081 12813
f 12814 10083 12815
f 12815 10083 12810
f 12810 12809 12815
f 12814 12813 10081
f 12816 12815 12809
f 12812 12811 12094
f 12818 12094 12811
f 12818 12811 12813
f 12816 12817 12815
f 12818 12820 12094
f 12813 12822 12818
f 12813 12814 12822
f 12814 12819 12822
f 12819 12814 12815
f 12819 12815 12817
f 12820 12818 12827
f 12827 12818 12821
f 12818 12822 12821
f 12823 12819 12817
f 12820 12827 12104
f 12821 12822 12824
f 12822 12819 12825
f 12824 12822 12825
f 12825 12819 12823
f 12104 12826 12105
f 12104 12827 12826
f 12824 12829 12821
f 12827 12821 12829
f 12829 12824 12830
f 12824 12825 12830
f 12825 12823 12830
f 12110 12826 12832
f 12826 12827 12828
f 12828 12827 12829
f 12834 12829 12831
f 12831 12829 12830
f 12831 12830 12823
f 12826 12828 12832
f 12833 12828 12829
f 12833 12829 12834
f 12837 12832 12828
f 12828 12838 12837
f 12828 12833 12838
f 12833 12834 12838
f 12831 12835 12834
f 12836 12835 12831
f 12823 12836 12831
f 12116 12832 12837
f 12838 12834 12840
f 12835 12841 12834
f 12841 12835 12843
f 12836 12843 12835
f 12843 12836 12839
f 12844 12116 12837
f 12840 12837 12838
f 12834 12841 12840
f 12841 12843 12842
f 12844 12837 12840
f 12841 13599 12840
f 13599 12841 13600
f 13600 12841 12842
f 13602 13600 12842
f 12843 13602 12842
f 13602 12843 12839
f 12996 12847 12846
f 12861 12848 12860
f 12870 13022 12853
f 12870 12853 12856
f 12846 12847 12852
f 12850 12871 13443
f 12852 12853 12846
f 12871 12854 12855
f 12854 12851 12855
f 12870 12859 12851
f 12845 12856 12853
f 12845 12853 12852
f 12851 12859 12855
f 12852 12860 12845
f 12860 12856 12845
f 12858 12860 12852
f 12860 12848 12864
f 12861 12865 12848
f 12874 12866 12862
f 12864 12848 12867
f 12869 12865 12849
f 12869 12848 12865
f 12849 11064 11065
f 13020 12854 12850
f 12850 12854 12871
f 12870 12856 12859
f 12871 12855 12857
f 12859 12856 12872
f 12856 12860 12872
f 12863 12857 12855
f 12859 12863 12855
f 12859 12872 12863
f 12860 12864 12872
f 12858 12861 12860
f 12857 12873 13445
f 12872 12874 12863
f 12857 12863 12873
f 12875 12873 12863
f 12862 12863 12874
f 12867 12874 12872
f 12872 12864 12867
f 12863 12866 12875
f 12862 12866 12863
f 12866 12874 12877
f 12877 12874 12867
f 12866 12876 12875
f 12876 12866 12878
f 12878 12866 12868
f 12866 12877 12868
f 12877 11074 12868
f 12869 12877 12867
f 12848 12869 12867
f 12879 12878 12868
f 12868 11075 12879
f 12868 11074 11075
f 11074 12877 11065
f 12877 12869 11065
f 11065 12869 12849
f 12885 10022 12886
f 12880 12882 12881
f 12880 10022 12882
f 12886 10021 12883
f 11480 11481 11483
f 12884 11483 12881
f 12881 11483 11481
f 12888 12881 12882
f 12882 10022 12885
f 12889 11483 12884
f 12884 12881 12888
f 12891 12886 12883
f 12889 12884 12888
f 12885 12888 12882
f 12889 12888 12893
f 12891 12883 12890
f 12890 12883 12887
f 11483 12889 12894
f 12888 12885 12893
f 12893 12885 12886
f 12892 12889 12893
f 12895 12893 12886
f 12894 12889 12892
f 12896 12891 12890
f 12898 12894 12892
f 12895 12886 12891
f 11145 12896 12890
f 12897 12892 12893
f 11485 11484 12894
f 12897 12893 12895
f 11485 12894 12898
f 12898 12892 12897
f 12896 12895 12891
f 12898 12897 12899
f 12897 12895 12900
f 12895 12896 11145
f 12898 4336 11485
f 12899 4336 12898
f 12897 12900 12899
f 4337 12899 12900
f 4337 12900 12903
f 12895 11145 12900
f 12902 4337 12901
f 12900 11145 12903
f 4337 12903 12901
f 12903 12905 12901
f 12901 12905 12904
f 12901 11148 11151
f 12901 12904 11148
f 12903 11150 12905
f 11145 11150 12903
f 13043 6019 12907
f 8431 8437 12908
f 12908 8437 8435
f 8431 12908 12906
f 12907 12910 13043
f 12910 12907 12912
f 12909 12911 12906
f 12911 12907 12906
f 12908 12909 12906
f 12907 12911 12912
f 12908 12914 12909
f 12914 12908 8435
f 12913 12912 12911
f 12911 12909 12913
f 12919 12914 8435
f 9153 12919 8435
f 12912 12913 12916
f 13044 12910 12916
f 12912 12916 12910
f 12918 12913 12909
f 12918 12909 12914
f 12916 12913 12915
f 12923 13044 12916
f 12915 12913 12918
f 12921 12914 12919
f 12916 12915 12922
f 12919 9153 9156
f 12920 12915 12918
f 12920 12917 12915
f 12923 12916 12922
f 12917 12922 12915
f 3941 12918 12914
f 12924 12920 12918
f 3941 12914 12921
f 12921 12919 9156
f 3940 3941 12921
f 12922 12917 3942
f 12917 12920 12924
f 9159 12921 9156
f 12534 12923 3938
f 12923 12922 3938
f 3938 12922 3942
f 12924 3942 12917
f 3939 12924 3941
f 3941 12924 12918
f 3940 12921 9159
f 12926 12927 12925
f 12927 12926 12931
f 12927 12931 12942
f 12932 12926 12925
f 12925 12928 12932
f 12932 12928 12930
f 12928 12929 12930
f 12931 12926 12932
f 12929 12933 12930
f 12932 12930 12933
f 12987 12933 12929
f 12934 12987 12929
f 12935 12987 12934
f 12937 12936 12940
f 12942 12931 12938
f 12938 12931 12939
f 9619 9636 12950
f 12936 12937 12940
f 12953 12954 12946
f 12955 12941 12954
f 12945 12941 12955
f 12954 12941 12947
f 12941 12945 12947
f 12948 12965 12949
f 12938 12965 12942
f 12938 12949 12965
f 12952 9635 9637
f 12952 9637 9619
f 9636 9638 12950
f 9620 14614 9638
f 9634 14614 9620
f 9638 12951 12950
f 14614 12951 9638
f 12944 12943 12950
f 12944 12950 12951
f 14614 9634 14832
f 12944 12960 12943
f 12944 14615 12960
f 12951 14615 12944
f 12951 12953 14615
f 12951 14614 12953
f 14614 14832 12953
f 14832 12955 12953
f 12953 12955 12954
f 12953 12946 14615
f 12956 12958 12957
f 14615 12959 12960
f 14615 12946 12959
f 12957 12964 12956
f 12947 12959 12954
f 12946 12954 12959
f 12961 12958 12960
f 12960 12959 12961
f 12959 12966 12961
f 12948 12966 12947
f 12966 12959 12947
f 12945 12962 12947
f 12963 12964 12961
f 12962 12948 12947
f 12948 12962 12965
f 12970 12961 12966
f 12949 12966 12948
f 12966 12949 12967
f 12966 12967 12970
f 12938 12967 12949
f 12958 12964 12957
f 12961 12964 12958
f 8036 12969 8044
f 12963 8036 12964
f 12963 12969 8036
f 12970 12963 12961
f 12969 12963 12968
f 12963 12970 12968
f 12968 12970 12967
f 12971 12980 8049
f 12972 12976 12978
f 12975 12973 12974
f 12973 12977 12974
f 12971 8051 12998
f 12998 8051 12969
f 12998 13004 12971
f 13004 12979 12971
f 12997 13004 12998
f 12971 12979 12980
f 12974 12981 12975
f 12972 14833 12976
f 12977 12981 12974
f 12977 14834 12981
f 12976 12982 12978
f 12976 14833 12982
f 12983 12985 12984
f 12939 12931 12988
f 12988 12931 12932
f 12932 12989 12988
f 12932 12933 12989
f 12987 12935 12933
f 12989 12933 12990
f 12990 12933 12935
f 12938 12939 12991
f 12939 12988 12991
f 13002 12988 12989
f 12992 12989 12990
f 13014 12995 12994
f 12968 12967 12991
f 12938 12991 12967
f 12968 12991 12999
f 12999 12991 13001
f 12991 13003 13001
f 13003 12991 13002
f 12991 12988 13002
f 12999 13006 13000
f 12999 13001 13006
f 13001 13003 13015
f 13015 13003 13002
f 12989 13015 13002
f 13008 13005 13000
f 13007 13008 13000
f 13000 13006 13007
f 12992 13015 12989
f 13010 13015 12992
f 13007 13009 13008
f 13011 13010 12992
f 12992 12990 13011
f 13009 13016 13008
f 12993 13013 13011
f 12993 13011 13012
f 13011 12990 13012
f 13013 12993 12995
f 12993 13012 12995
f 13012 12994 12995
f 12854 13017 12851
f 12870 12851 13022
f 13022 12851 13017
f 12846 12853 13014
f 12846 12994 12996
f 12846 13014 12994
f 12969 12968 12998
f 12968 12999 12998
f 13000 12998 12999
f 12997 12998 13000
f 12997 13000 13005
f 13004 12997 13005
f 13007 13006 13010
f 13006 13001 13010
f 13010 13001 13015
f 13010 13009 13007
f 13009 13010 13013
f 13010 13011 13013
f 13009 13013 13016
f 13016 13013 13021
f 13013 13017 13021
f 13013 13018 13017
f 13013 12995 13018
f 12995 13014 13018
f 13017 13018 13022
f 13019 13020 12985
f 13019 13021 13020
f 13021 13017 13020
f 13014 12853 13018
f 12985 13020 12850
f 12854 13020 13017
f 13022 13018 12853
f 14491 13023 577
f 10912 13040 13024
f 13040 13041 13025
f 13025 13041 13026
f 13028 13026 13042
f 13024 13040 13025
f 13029 13024 13027
f 13025 13026 13028
f 13024 13025 13030
f 13030 13025 13028
f 13027 13024 13030
f 13030 13028 13036
f 13029 13027 13031
f 13031 13027 13033
f 13027 13030 13033
f 13029 13031 13034
f 13033 13030 13036
f 13031 13033 13032
f 13034 13031 13035
f 13035 13031 13032
f 10927 13034 13035
f 10927 13035 12530
f 13032 12531 12530
f 12531 13032 12532
f 13032 13033 12532
f 12532 13033 13036
f 13043 13039 6015
f 6015 6019 13043
f 10923 13037 10912
f 10912 13037 13040
f 13040 13037 13041
f 13037 13038 13041
f 13039 13041 13038
f 13026 13041 13039
f 13042 13026 13039
f 13042 13039 13043
f 13044 13043 12910
f 13044 13042 13043
f 13042 13044 13028
f 13045 13036 13028
f 13045 13028 13044
f 13045 13044 12923
f 12534 13045 12923
f 12533 13036 13045
f 12530 13035 13032
f 13036 12533 12532
f 12533 13045 12534
f 13047 14616 13046
f 13053 13049 13050
f 12354 13050 13049
f 13048 13051 12354
f 12355 13051 13048
f 13050 12354 13051
f 13054 13049 13053
f 13053 13050 13052
f 13052 13050 13051
f 13055 13053 13052
f 13057 13054 13053
f 13055 13057 13053
f 13057 13056 13054
f 13055 13052 7786
f 7785 13057 13055
f 7785 13055 7786
f 13056 13057 7784
f 7785 7784 13057
f 13224 13056 7787
f 7784 7787 13056
f 13051 12355 13058
f 13058 13059 13062
f 13052 13051 13058
f 13052 13058 13062
f 13061 13062 13059
f 13052 13062 13060
f 13063 13062 13061
f 13052 13060 7786
f 13060 13062 13063
f 13064 7786 13060
f 13063 13064 13060
f 13078 13063 13075
f 13065 11159 11157
f 13067 11160 2938
f 13065 11157 11160
f 13065 13977 11159
f 13067 13065 11160
f 13067 2938 13066
f 13066 2938 2940
f 13068 13065 13067
f 13068 13067 13070
f 13072 13066 2940
f 13069 13065 13068
f 13163 13072 2940
f 13067 13071 13070
f 13067 13066 13072
f 13068 13073 13069
f 13071 13067 13072
f 13073 13068 14335
f 14337 13070 13071
f 7785 7786 13074
f 13074 7786 13064
f 13074 13064 13063
f 13074 13063 13078
f 13076 7785 13074
f 13078 13075 10463
f 13077 7785 13076
f 13078 13076 13074
f 13076 13078 13077
f 10463 13079 13078
f 13079 10463 13080
f 13083 13077 13078
f 13094 7791 13077
f 13078 13079 13093
f 13079 13080 13082
f 13081 13082 13080
f 13083 13094 13077
f 13093 13079 13084
f 13093 13084 13085
f 13084 13086 13085
f 13084 13079 13086
f 13087 13082 13081
f 13087 13086 13082
f 13086 13079 13082
f 13144 13083 13078
f 13085 13088 13089
f 13085 13089 13093
f 13085 13086 13088
f 13088 13090 13089
f 13087 13081 13091
f 13091 13086 13087
f 13091 13092 13086
f 13088 13086 13090
f 13090 13086 13092
f 13092 13091 13081
f 13092 13081 10468
f 13081 13080 10468
f 7796 7791 13094
f 13093 13089 13090
f 13090 13092 13093
f 13093 13144 13078
f 10522 13095 10524
f 10525 10523 13099
f 10526 13099 10523
f 13097 9157 13095
f 13095 9157 10524
f 10526 13096 13099
f 7336 10526 7334
f 13099 13095 10525
f 13096 10526 7336
f 13097 13095 13099
f 13099 12349 13097
f 13096 7336 13099
f 13099 13098 12349
f 13100 13098 13099
f 12353 13098 13100
f 13101 13099 7336
f 13101 7336 7339
f 13058 13099 13101
f 13058 13100 13099
f 13102 13101 7339
f 12355 12353 13100
f 13058 13101 13059
f 12355 13100 13058
f 13059 13101 13102
f 7338 13103 7339
f 13103 13102 7339
f 13105 7338 13104
f 13104 7338 7340
f 13104 7340 13138
f 13105 13103 7338
f 13061 13059 13102
f 13106 13103 13107
f 13107 13103 13105
f 13108 13105 13104
f 13104 13142 13108
f 13109 13061 13102
f 13109 13102 13106
f 13106 13102 13103
f 10465 13106 13107
f 13105 13110 13107
f 13075 13063 13061
f 13061 13109 10462
f 10465 13109 13106
f 13110 13105 13108
f 13110 10467 13107
f 10463 13075 10462
f 10462 13075 13061
f 10462 13109 10465
f 10467 10465 13107
f 13110 13108 10464
f 10464 13108 13142
f 13113 8135 13111
f 13112 13111 8134
f 13112 8134 8136
f 13112 8136 10733
f 13113 13111 13114
f 13115 13111 13112
f 13115 13112 10733
f 13114 13111 13115
f 13116 13113 13114
f 13114 13115 13117
f 13115 10733 13118
f 13117 13115 13118
f 10736 13118 10733
f 13138 13116 13119
f 13119 13116 13114
f 13119 13114 13117
f 7340 13116 13138
f 13117 13118 10736
f 13117 10736 11332
f 13120 13121 13122
f 13121 8647 13122
f 13123 13122 13124
f 13126 13125 13124
f 13126 13124 13127
f 13127 13124 13122
f 13122 8647 13127
f 8647 8649 13127
f 13129 13128 8648
f 13120 13122 13123
f 13125 13126 13130
f 13129 13132 13128
f 13132 8658 13128
f 13131 13132 13129
f 13131 13133 13132
f 13133 8658 13132
f 13133 13135 8658
f 13135 8664 8658
f 13134 13135 13133
f 8665 13135 13134
f 13136 8665 13134
f 13138 13119 13137
f 13137 13119 13117
f 13137 13117 11332
f 13139 13138 13137
f 13137 11332 11336
f 13139 13104 13138
f 13140 13139 13137
f 13140 13137 11336
f 13143 13139 13140
f 13142 13104 13139
f 13142 13139 13141
f 13141 13139 13143
f 13143 13140 11336
f 10974 13143 11336
f 10975 13141 13143
f 10974 10975 13143
f 13094 13083 13145
f 13145 13083 13144
f 13145 13144 13146
f 13146 13144 13093
f 13146 13093 13092
f 13147 13094 13145
f 13146 13092 10748
f 13150 13146 10748
f 13150 10748 10750
f 13148 11138 13094
f 13148 13094 13147
f 13148 13147 13145
f 13148 13145 13146
f 13146 13150 13149
f 13149 13148 13146
f 11147 13148 13149
f 11147 13149 13151
f 13151 13149 10754
f 13149 13150 10754
f 11143 13148 11147
f 11155 11147 13153
f 11147 13151 13153
f 13152 13743 13747
f 13153 13151 13156
f 13151 13157 13156
f 13151 10754 13157
f 13157 10754 10756
f 13159 13158 9994
f 9994 2405 13159
f 2405 5352 13159
f 13159 5352 5346
f 5352 5353 5346
f 13161 13162 12986
f 13161 12986 5332
f 2944 2942 2943
f 2944 2943 4818
f 13165 2941 13166
f 13166 2942 2944
f 13175 2944 4818
f 13170 13163 13164
f 13165 13164 2941
f 13167 13166 2944
f 13168 13163 13170
f 14338 13163 13168
f 13164 13169 13170
f 13164 13165 13169
f 2944 13175 13167
f 13165 13166 13167
f 13179 13168 13170
f 13173 13170 13169
f 13174 13173 13169
f 13171 13174 13169
f 13172 13167 13175
f 13174 13176 13173
f 13165 13171 13169
f 13165 13167 13182
f 13178 13168 13179
f 13170 13180 13179
f 13180 13170 13173
f 13171 13165 13182
f 13167 13185 13182
f 13172 13185 13167
f 13174 13177 13176
f 13176 13180 13173
f 13174 13171 13177
f 13177 13180 13176
f 13181 13180 13177
f 13181 13177 13171
f 13181 13171 13182
f 6849 13178 13179
f 13172 13183 13185
f 6849 13179 13180
f 6849 13180 6850
f 6850 13180 13181
f 13185 13181 13182
f 13181 13185 13184
f 14591 4826 4829
f 14591 13183 4826
f 81 13178 6856
f 6856 13178 6849
f 13184 6850 13181
f 13185 14591 13184
f 13185 13183 14591
f 14448 12553 12555
f 12555 12554 12552
f 14448 12555 13189
f 12555 12552 13186
f 13192 12556 13188
f 13186 12552 13191
f 12552 13187 13191
f 13186 13189 12555
f 13187 12556 13192
f 13186 13190 13189
f 13190 13186 13191
f 13189 13190 13193
f 13190 13191 13194
f 13191 13187 13192
f 13192 13188 13195
f 13195 13188 13208
f 13195 13208 13213
f 13191 13192 13195
f 13193 13190 13198
f 13198 13190 13194
f 13197 13194 13191
f 13193 13198 13196
f 13198 13194 13197
f 13191 13195 13197
f 13193 13201 14466
f 13193 13196 13201
f 13200 13198 13197
f 13204 13197 13195
f 13200 13197 13204
f 13196 13198 13200
f 13204 13195 13213
f 13196 8218 13201
f 8218 13196 8219
f 8220 8219 13200
f 13200 8219 13196
f 13200 13202 8220
f 13202 13200 13204
f 13203 13204 13213
f 13203 13213 13218
f 13203 13202 13204
f 13202 13203 886
f 12551 3951 13208
f 12551 13206 3951
f 3952 13206 3948
f 13206 13209 3951
f 13210 13206 3952
f 13207 3952 3950
f 13207 3950 13205
f 13208 3951 13209
f 13211 13207 13205
f 13206 13210 13209
f 13212 13210 3952
f 13212 3952 13207
f 13211 13205 13054
f 13212 13207 13211
f 13054 13205 13049
f 13217 13209 13210
f 13217 13210 13212
f 13214 13211 13054
f 13213 13208 13215
f 13208 13209 13215
f 13214 13212 13211
f 13215 13209 13217
f 13218 13213 13215
f 13220 13214 13054
f 13215 13217 13216
f 13219 13217 13212
f 13219 13212 13214
f 13216 13217 13219
f 13223 13219 13214
f 13220 13054 13056
f 13219 13222 13216
f 13215 13216 13218
f 13221 13219 13223
f 10009 13216 13222
f 13203 13218 10009
f 10009 13218 13216
f 10015 13223 13214
f 13224 13220 13056
f 10007 13222 13219
f 886 13203 10011
f 13203 10009 10011
f 10009 13222 10007
f 13219 13221 10007
f 13221 13223 10015
f 10015 13214 13220
f 10015 13220 13224
f 8223 8224 888
f 13225 8222 13226
f 13227 13226 8223
f 8223 13226 8222
f 13227 8223 888
f 13202 887 8224
f 888 8224 887
f 13227 13229 13226
f 13229 13227 13228
f 13228 13227 888
f 7244 13225 13226
f 7244 13226 13233
f 13226 13229 13233
f 13229 13228 13230
f 13231 888 887
f 13228 888 13230
f 887 889 13231
f 13233 13229 13237
f 13229 13230 13237
f 7244 13233 13232
f 13232 13233 13235
f 13237 13230 13234
f 13230 888 13234
f 888 13231 13234
f 13235 13233 13236
f 13233 13237 13236
f 13237 13234 13238
f 13236 13237 13238
f 13240 7253 13232
f 13240 13232 13235
f 13239 13235 13243
f 13235 13236 13243
f 13234 13231 891
f 13240 13235 13239
f 13236 13238 891
f 13238 13234 891
f 13240 13244 7253
f 13241 13240 13239
f 13241 13239 13242
f 13239 13243 13242
f 13243 13236 13265
f 13265 13236 891
f 13240 13241 13244
f 13245 184 182
f 183 13249 182
f 13249 13245 182
f 184 13245 13246
f 13250 13247 13246
f 183 13248 13249
f 13250 13246 13245
f 13250 13245 13251
f 13251 13245 13249
f 13258 13252 13257
f 13253 13248 185
f 13253 13249 13248
f 13253 13255 13249
f 13253 13254 13255
f 13255 13251 13249
f 187 13253 185
f 13254 13256 13255
f 13256 13254 13253
f 187 13256 13253
f 13257 13252 13259
f 13261 13258 13257
f 13252 13260 13259
f 13261 13257 13259
f 13259 13260 13261
f 13262 13244 13241
f 13241 13242 13264
f 13242 13243 13264
f 13243 13265 13264
f 13266 13241 13267
f 13267 13241 13263
f 13241 13264 13263
f 891 11480 13265
f 13241 13266 13262
f 13265 11480 13264
f 13263 13264 13270
f 13268 13266 13267
f 13270 13264 11482
f 13264 11480 11482
f 13267 13269 13268
f 13263 13269 13267
f 13271 13263 13270
f 13272 13270 11482
f 13274 13381 13269
f 13381 13268 13269
f 13271 13273 13263
f 13271 13270 13272
f 13269 13263 13273
f 13274 13269 13273
f 13274 13273 13279
f 13277 13275 13271
f 13271 13275 13273
f 13271 13272 13276
f 13276 13272 11482
f 13278 13274 13279
f 11482 11484 13276
f 13274 13278 13392
f 13279 13273 13275
f 13277 13271 13280
f 13271 13276 13280
f 13276 11484 13281
f 13402 13392 13278
f 13275 13277 13279
f 13279 13277 13280
f 13280 13276 13281
f 13278 13279 13282
f 13282 13279 13280
f 13280 13281 8707
f 6495 13402 8708
f 13402 13278 8708
f 8708 13278 13282
f 13282 13280 8707
f 8707 13281 7313
f 13283 2975 2976
f 13284 13283 2976
f 14835 13284 2976
f 13287 13286 2973
f 13285 13286 13291
f 13286 13289 13291
f 13289 13286 13287
f 13290 13292 13295
f 13287 14579 13289
f 13289 13294 13291
f 13289 13292 13294
f 13292 13290 13294
f 13292 13302 13295
f 13289 13302 13292
f 13295 13302 13301
f 13299 13298 13293
f 13296 13293 14022
f 13299 13293 13296
f 13300 13296 14022
f 13302 13297 13298
f 13302 13298 13299
f 14617 13299 13296
f 14617 13296 13300
f 13305 13302 13299
f 13305 13299 14617
f 13304 13301 13302
f 13304 13302 13305
f 13308 13305 14617
f 13304 13305 12566
f 13300 13308 14617
f 13306 13303 13307
f 12566 13305 13308
f 13309 13308 13300
f 13307 13310 13306
f 13310 13307 13303
f 13314 13312 13311
f 13314 13311 13315
f 13317 13313 13316
f 4299 13312 13318
f 13318 13312 13314
f 13322 13314 13315
f 14330 13317 13316
f 14330 13316 14333
f 13322 13318 13314
f 13315 13321 13322
f 13321 13315 13313
f 13313 13319 13321
f 13319 13313 13317
f 13334 13318 13322
f 13320 13334 13322
f 4299 13323 4310
f 13323 4299 13318
f 13320 13324 13334
f 13324 13320 13321
f 13322 13321 13320
f 10308 13319 13317
f 13321 13327 13324
f 13327 13321 13328
f 13328 13321 13319
f 14836 13326 14837
f 13326 13334 14837
f 13330 13334 13329
f 13329 14838 13330
f 13332 13328 13319
f 13332 13319 10308
f 10308 13317 14330
f 13333 14837 13334
f 13326 13331 13334
f 13329 13334 13331
f 13331 13338 13329
f 13339 13334 13324
f 13339 13324 13327
f 14839 10309 13330
f 14839 13330 14838
f 13334 10306 13335
f 10306 13334 13339
f 4314 13333 13336
f 13336 13333 13334
f 10306 13341 13335
f 13331 13337 13338
f 10309 14839 14840
f 13328 13332 14839
f 13340 13334 13335
f 13340 13336 13334
f 13335 13341 13340
f 13337 13341 10306
f 10307 10309 14840
f 14840 14839 10307
f 14839 13332 10307
f 6508 13343 13342
f 6508 6503 13343
f 13343 6503 13354
f 13342 13343 13345
f 13354 13344 13343
f 13343 13344 13345
f 13345 13344 13346
f 13346 13344 13361
f 13346 13361 13358
f 13365 13346 13358
f 13349 13346 13365
f 13349 13365 13347
f 13349 13347 13350
f 13348 13349 13350
f 13351 13349 13348
f 13351 13348 14411
f 14411 13348 13350
f 6503 8724 13352
f 13352 8724 13353
f 8724 8726 13353
f 13354 6503 13352
f 13354 13352 13353
f 13357 13354 13353
f 13353 8726 13356
f 13359 8726 13355
f 13344 13354 13357
f 13356 13357 13353
f 13344 13357 13361
f 13359 13356 8726
f 13359 13355 9818
f 13362 13357 13356
f 13357 13362 13361
f 13362 13356 13363
f 13359 13363 13356
f 13362 13358 13361
f 13359 9818 13360
f 13366 13358 13362
f 13362 13363 13366
f 13359 13360 13369
f 9818 9819 13360
f 13358 13366 13365
f 13363 13364 13366
f 13363 13359 13369
f 13369 13360 9819
f 13368 13365 13366
f 13367 13363 13369
f 13365 13368 13347
f 13368 13366 13364
f 13364 13363 13367
f 13367 13369 12494
f 13369 9819 12494
f 13350 13347 13370
f 13347 13368 13370
f 12497 13350 13370
f 13370 13368 12493
f 13368 13364 12493
f 12493 13364 13367
f 13371 13378 7260
f 13374 7260 13373
f 13371 7260 13372
f 13372 7260 13374
f 13262 13375 13373
f 13262 13376 13375
f 13376 13374 13375
f 13376 13262 13266
f 13380 13378 13371
f 13268 13376 13266
f 13372 13374 13377
f 13377 13374 13376
f 13379 13376 13268
f 13384 13378 13380
f 13372 13377 13380
f 13377 13385 13380
f 13268 13381 13379
f 13380 13383 13384
f 13385 13377 13382
f 13380 13385 13383
f 13382 13377 13379
f 13384 13383 13385
f 13385 13382 13386
f 13381 13274 13379
f 13386 13395 13385
f 13382 13379 13386
f 13386 13379 13387
f 13379 13274 13387
f 13388 13391 13389
f 13387 13395 13386
f 13387 13274 13392
f 13391 13388 13390
f 13390 13388 13389
f 13387 13392 13395
f 13393 13397 13394
f 13396 13392 13402
f 13404 13395 13392
f 13393 13401 13397
f 13399 13401 13393
f 13398 13401 13399
f 13398 13399 13400
f 13393 13394 13399
f 13398 13400 13401
f 13392 13396 13404
f 13404 13396 6497
f 13403 6497 13402
f 13402 6497 13396
f 13403 13402 6495
f 10856 13405 10821
f 13412 13406 13408
f 13409 13412 13407
f 13408 13407 13412
f 13409 13407 13411
f 13407 13410 13411
f 13407 13415 13410
f 13410 13687 13411
f 13413 13406 13412
f 13412 13409 13413
f 13408 13415 13407
f 13414 13415 13408
f 13408 7323 13414
f 13410 13415 13689
f 13686 13410 13689
f 13415 13414 13416
f 13416 13689 13415
f 13416 13419 13689
f 13414 13417 13416
f 13417 13418 13416
f 13418 13419 13416
f 13421 13419 13418
f 13418 13693 13421
f 13420 13693 13418
f 13425 13426 14533
f 14535 13426 13427
f 13428 14535 13427
f 13427 13426 13425
f 13428 13427 13432
f 13431 13429 13430
f 13430 13429 14841
f 14841 13431 13430
f 13432 13427 11858
f 13435 13433 13434
f 13433 13435 13482
f 13435 13457 13482
f 13465 13435 13434
f 13465 13457 13435
f 13442 12985 13436
f 12850 13436 12985
f 12850 13442 13436
f 13440 13458 13441
f 13442 12850 13443
f 13441 13444 13440
f 13444 13441 13459
f 13460 13443 13445
f 13443 12871 13445
f 14618 13459 13441
f 13446 14618 13441
f 13447 13446 13441
f 12857 13445 12871
f 13447 13448 13446
f 13463 13448 13437
f 13463 13446 13448
f 13437 13448 13461
f 13450 13449 13451
f 13451 13449 13452
f 13449 13450 13452
f 13461 13438 13437
f 13438 13453 13437
f 13453 13438 13456
f 13456 13438 13454
f 13434 13455 13465
f 13455 13464 13465
f 13457 13465 13439
f 13440 12984 13458
f 13440 12983 12984
f 12984 12985 13442
f 13442 13443 12984
f 13459 14618 13463
f 13448 13447 13460
f 13460 13445 13448
f 13446 13463 14618
f 13448 13445 13461
f 12873 13462 13445
f 13462 13461 13445
f 13438 13461 13462
f 12875 13462 12873
f 13463 13453 13455
f 13437 13453 13463
f 13454 13438 13462
f 13462 12875 13454
f 13453 13464 13455
f 13464 13453 13456
f 13467 13466 13464
f 13464 13466 13465
f 13466 13467 13469
f 13467 13468 13469
f 13466 13469 13465
f 13468 12878 12879
f 13467 13464 13456
f 13454 13467 13456
f 13468 13467 13454
f 13470 13471 13472
f 13475 13471 13470
f 13476 13478 13473
f 13475 13470 14842
f 13470 13472 14842
f 13473 13477 13476
f 13477 13478 13476
f 13479 13480 13495
f 13482 13439 13483
f 13482 13457 13439
f 13474 13482 13483
f 13498 13474 13483
f 13480 13481 13495
f 13479 13481 13480
f 13439 13498 13483
f 12879 11066 13486
f 13499 13485 13487
f 13485 13500 13487
f 13503 13487 13488
f 13484 13488 13487
f 13484 13487 13500
f 13488 13484 13503
f 13503 13484 13500
f 13489 13500 13501
f 13489 13501 11066
f 11066 11075 13489
f 11075 11078 13489
f 13490 13491 13505
f 13491 13502 13492
f 11078 13493 13489
f 13491 13492 13505
f 13505 13492 13504
f 13497 13496 13506
f 13506 12563 13497
f 12564 13496 13497
f 13465 13469 13439
f 13485 13468 13486
f 13485 13469 13468
f 12879 13486 13468
f 13499 13469 13485
f 13499 13498 13469
f 13498 13439 13469
f 13501 13485 13486
f 13501 13500 13485
f 13499 13487 13503
f 13486 11066 13501
f 13491 13490 13502
f 13503 13500 13502
f 13500 13489 13502
f 13489 13492 13502
f 13489 13504 13492
f 13504 13489 13493
f 13494 13504 13493
f 13493 11080 13494
f 13493 11078 11080
f 13505 13504 13496
f 13504 13506 13496
f 13516 13508 13509
f 13512 13511 13510
f 13521 13513 13706
f 10552 13521 13706
f 13521 13530 13513
f 13529 13509 13508
f 13529 10545 13509
f 13509 10545 13515
f 13516 13509 13517
f 13515 13517 13509
f 13511 13519 13510
f 13511 13518 13519
f 13518 13511 13512
f 13520 13514 13526
f 10552 10563 13521
f 13520 13522 13514
f 13530 13521 10563
f 13514 13523 13526
f 13514 13522 13523
f 10563 13524 13527
f 10563 10565 13525
f 13523 13522 13526
f 13527 13524 14843
f 10563 13525 13524
f 13524 13528 14843
f 13528 13524 13525
f 13525 10565 10567
f 13525 13508 13528
f 13525 13529 13508
f 13525 10567 13529
f 13529 10567 10545
f 10563 13527 13530
f 13532 14055 13531
f 13532 13531 13533
f 1205 1195 13533
f 1205 13533 1192
f 13534 11818 11819
f 11818 13534 11822
f 13536 14844 13535
f 14844 13536 13537
f 13537 13536 13535
f 13538 11829 11822
f 13539 13541 13540
f 13540 13543 13542
f 8805 8806 9577
f 13539 8806 13541
f 13540 13542 13539
f 13547 13546 3063
f 13546 3064 3065
f 13545 3498 13544
f 3064 13545 3062
f 3501 3498 13545
f 3502 3501 13545
f 3064 13548 13545
f 3064 13546 13548
f 14115 13550 13547
f 13547 13550 13546
f 13550 13548 13546
f 13545 13548 3502
f 13549 13548 13550
f 13552 13550 14115
f 13551 3502 13548
f 3505 3502 13551
f 13548 11189 13551
f 13549 11189 13548
f 13551 13553 3505
f 13553 13551 11188
f 11188 13551 11189
f 14125 11193 13552
f 13552 13549 13550
f 11190 13553 11188
f 14125 11191 11193
f 11193 11192 13552
f 13552 11192 13549
f 11189 13549 11192
f 13554 13555 13556
f 13556 13565 13554
f 2899 13564 13557
f 13561 13569 13560
f 13561 13560 13562
f 13562 13558 13561
f 13555 13559 13573
f 13573 13562 13555
f 13562 13556 13555
f 13565 13556 13562
f 13565 13574 13566
f 13566 13564 13565
f 13564 2899 13565
f 13566 13557 13564
f 13568 13567 13578
f 13568 13578 14845
f 13569 13561 13579
f 13561 13558 13579
f 13570 13579 13558
f 13570 13558 13572
f 13573 13558 13571
f 13559 13572 13573
f 13562 13571 13558
f 13571 13562 13573
f 13573 13586 13584
f 13586 13573 13583
f 13586 13583 13563
f 13565 13562 13575
f 13575 13562 13560
f 13565 13575 13576
f 13574 13565 13576
f 13576 13566 13574
f 13575 13560 13577
f 13575 13577 13589
f 13575 13589 13576
f 13576 13589 13566
f 13589 13557 13566
f 13589 2912 13557
f 13590 13578 13567
f 13567 13568 13580
f 13582 13579 13570
f 14845 13580 13568
f 13570 13572 13582
f 13572 13581 13592
f 13559 13581 13572
f 13582 13572 13592
f 13572 13583 13573
f 13586 13585 13584
f 13596 13585 13586
f 13587 13586 13563
f 13587 13563 13588
f 13577 2923 13589
f 13589 2923 2911
f 13580 13590 13567
f 13591 13582 13581
f 13591 13579 13582
f 13581 13582 13592
f 13572 13597 13583
f 13584 13585 13593
f 13594 13593 13585
f 13597 13572 13584
f 13593 13597 13584
f 13585 13595 13594
f 14846 14847 14848
f 14848 14847 14846
f 13593 13594 13597
f 12844 12840 13603
f 13603 12840 13599
f 13601 13598 13606
f 13608 13601 13606
f 13608 13602 13601
f 13602 12839 13601
f 3362 12844 13603
f 13603 13599 13605
f 13598 13604 13606
f 13605 13599 13611
f 13599 13600 13611
f 13607 13600 13608
f 13600 13602 13608
f 13609 14849 14850
f 13609 13610 14849
f 13610 14850 14849
f 3363 13603 13621
f 3363 3362 13603
f 13605 13618 13603
f 13614 13606 13604
f 13614 13613 13606
f 13621 13603 13620
f 13612 13618 13605
f 13605 13611 13612
f 13612 13611 13615
f 13606 13613 13608
f 13615 13611 13600
f 13613 13607 13608
f 13600 13607 13615
f 13616 13622 14851
f 13603 13618 13625
f 13617 13618 13612
f 13617 13612 13619
f 13619 13612 13615
f 13604 13613 13614
f 3365 13621 13620
f 13622 13623 14852
f 14852 13629 13622
f 14851 13622 13629
f 13623 13622 12194
f 12194 13622 13616
f 13615 13624 13617
f 13624 13625 13618
f 13624 13618 13617
f 13619 13615 13617
f 13621 3365 13624
f 13624 3365 13620
f 13624 13620 13625
f 14853 13630 14854
f 14855 13626 14856
f 14856 13626 14855
f 13631 13627 13628
f 13627 14854 13628
f 14857 13631 13628
f 13630 13628 14854
f 13631 12203 12205
f 13631 14857 12203
f 12204 12203 14858
f 14858 12194 12204
f 10400 10402 12460
f 13632 12460 10402
f 12460 13632 13633
f 12466 13633 13634
f 13638 13633 13632
f 13633 13635 13634
f 10404 13632 10402
f 10404 13638 13632
f 13638 13635 13633
f 13634 13636 12466
f 13636 13634 13635
f 10406 13637 10404
f 13638 10404 13637
f 13640 13639 13636
f 13640 13636 13635
f 13637 13640 13635
f 13638 13637 13635
f 13642 13643 13645
f 13644 13643 6407
f 13644 6407 6403
f 5414 13641 6406
f 13645 13643 13646
f 13646 13643 13644
f 10423 10431 13649
f 13652 5414 6406
f 754 13666 755
f 13670 13654 13647
f 13668 13653 13655
f 13653 13647 13656
f 13647 13659 13656
f 13647 13657 13659
f 13647 13654 13657
f 755 13666 757
f 13666 13658 757
f 13655 13653 13656
f 13658 13661 757
f 13658 13668 13661
f 13668 13655 13661
f 13655 13656 13662
f 13648 13662 13656
f 13648 13656 13663
f 13656 13659 13663
f 13648 13663 13662
f 13649 13663 13659
f 13649 13660 13650
f 13649 13659 13660
f 13661 10428 757
f 13661 13664 10428
f 13661 10429 13664
f 13661 13655 10429
f 10429 13662 13651
f 10429 13655 13662
f 13651 13662 10430
f 13663 10430 13662
f 13663 10431 10430
f 13649 10431 13663
f 10432 10423 13649
f 13670 13647 13672
f 754 13665 13666
f 13665 13668 13666
f 13653 13668 13667
f 13671 13653 13667
f 13672 13653 13671
f 13647 13653 13672
f 13668 13658 13666
f 13659 13657 13660
f 13669 13667 13668
f 13667 13669 13674
f 13674 13671 13667
f 13665 13669 13668
f 13670 13672 13675
f 13673 13674 13669
f 13671 13675 13672
f 13673 13675 13674
f 13674 13675 13671
f 14859 13676 13677
f 14859 13679 13676
f 13676 13679 13677
f 13680 13678 14175
f 13681 13678 13680
f 13120 13684 13121
f 13682 13683 14860
f 13682 13685 13683
f 13683 13685 14860
f 13410 13686 13687
f 13688 13686 13689
f 13686 13688 13687
f 13692 13688 13689
f 13689 13419 13691
f 13693 13420 13690
f 13689 13691 13692
f 13693 13690 12137
f 13421 13691 13419
f 13692 13691 13421
f 12137 12145 13693
f 12150 13693 12145
f 13697 13692 13421
f 13697 13694 13695
f 13697 13421 13694
f 13421 13693 12150
f 13421 12150 13694
f 13698 13697 13696
f 13695 13696 13697
f 13695 13694 13696
f 13699 13698 13696
f 13700 13698 13699
f 13700 13701 13698
f 13699 13701 13700
f 13705 13704 13703
f 13705 13703 13507
f 13703 13704 13507
f 11276 11277 13721
f 11277 13707 13721
f 13721 13707 13708
f 12708 13707 11277
f 13709 13708 12696
f 12696 13708 13707
f 13707 12708 12696
f 13710 13711 13722
f 13711 13709 13712
f 13709 12696 13712
f 13711 13713 13722
f 12699 13712 12696
f 12699 13723 13712
f 13723 12699 13714
f 13714 12699 12700
f 13716 13723 13714
f 13715 13716 13714
f 12700 12702 13714
f 13715 12702 13716
f 13715 13714 12702
f 14861 13718 13717
f 13716 12702 13724
f 13724 12702 13719
f 12702 12705 13719
f 14861 13717 13720
f 13717 13718 13720
f 13719 13706 13513
f 10552 13719 12705
f 13706 13719 10552
f 13721 13711 13710
f 13721 13708 13711
f 13709 13711 13708
f 13711 13723 13713
f 13712 13723 13711
f 13722 13713 13716
f 13713 13723 13716
f 13724 13719 13513
f 13725 12901 11151
f 12905 11148 12904
f 13725 11151 13726
f 11150 11153 11149
f 11154 13726 11151
f 11148 11152 11154
f 11149 11153 11155
f 11153 11147 11155
f 11152 11149 11154
f 13726 11154 13152
f 13743 13152 11154
f 11149 11155 11154
f 11154 11155 13743
f 13728 12901 13725
f 13729 13726 13727
f 13727 13726 13751
f 13728 13725 13730
f 13730 13725 13726
f 13730 13726 13729
f 13733 13728 13730
f 13734 13730 13729
f 13731 13727 13751
f 4345 13728 13733
f 13733 13730 13734
f 13734 13729 13735
f 13735 13729 13731
f 13731 13729 13727
f 13752 13731 13751
f 13732 4345 13733
f 13736 13732 13733
f 13735 13731 13737
f 13737 13731 13738
f 13736 13733 13739
f 13734 13739 13733
f 13740 13739 13734
f 13735 13740 13734
f 13737 13740 13735
f 13742 13740 13737
f 13742 13737 13741
f 13741 13737 13738
f 11155 13153 13743
f 13726 13152 13744
f 13155 13743 13153
f 13154 13743 13155
f 13744 13152 13747
f 13154 13745 13743
f 13745 13746 13743
f 13155 13745 13154
f 13747 13743 13746
f 13155 13153 13745
f 13153 13156 13745
f 13745 13156 13746
f 13746 13156 13747
f 13156 13157 10756
f 2204 13748 13747
f 13747 13156 2204
f 13156 10756 2204
f 13744 13747 13748
f 2212 13748 2204
f 13751 13726 13744
f 13750 13748 2212
f 13744 13748 13749
f 13751 13744 13749
f 13749 13748 13750
f 13752 13751 13753
f 13753 13751 13749
f 13758 13749 13750
f 13731 13752 13738
f 13738 13752 13753
f 13753 13749 13758
f 2214 13750 2212
f 13755 13754 13741
f 13755 13741 13738
f 13756 13755 13738
f 13759 13756 13738
f 13759 13738 13757
f 13757 13738 13753
f 13757 13753 13758
f 2214 13758 13750
f 13741 13754 13742
f 13760 13759 13757
f 13758 13760 13757
f 2216 13760 13758
f 2216 13758 2214
f 13761 13765 13763
f 13761 13763 10427
f 757 10428 752
f 13782 758 14619
f 752 10434 758
f 10428 10434 752
f 13768 13767 13766
f 13767 13783 13766
f 13768 13783 13767
f 13762 10434 10436
f 13772 14862 13769
f 13769 14619 13776
f 13762 13776 14619
f 13776 13762 13773
f 13773 10436 13763
f 13773 13762 10436
f 13777 13770 13774
f 13770 13771 13774
f 13771 13778 13774
f 13771 13772 13778
f 13769 13775 13772
f 13769 13765 13775
f 13765 13769 13776
f 13776 13773 13765
f 13765 13773 13763
f 13772 13780 13778
f 13780 13772 13775
f 13775 13765 13764
f 13781 13787 13777
f 13781 13777 13774
f 13781 13774 13778
f 13781 13778 13779
f 13778 13780 13779
f 13775 13764 13780
f 13765 10438 13764
f 13761 10438 13765
f 13761 10427 10438
f 13780 13764 13785
f 14619 13769 13782
f 13782 13769 14862
f 13771 13770 13772
f 14862 13772 13770
f 13784 13779 13785
f 13779 13780 13785
f 13786 13787 13781
f 13781 13779 13784
f 13785 13764 13791
f 13791 13764 10438
f 13781 13784 13786
f 13784 13785 13789
f 13790 13787 13786
f 13790 13786 13795
f 13786 13784 13788
f 13792 13788 13784
f 13791 10438 13815
f 13815 10438 13817
f 10438 10439 13817
f 13786 13788 13795
f 13784 13789 13792
f 13789 13785 13805
f 13794 13802 13793
f 13804 13790 13795
f 13795 13788 13796
f 13788 13792 13809
f 13785 13797 13805
f 13797 13785 13816
f 13785 13791 13816
f 13788 13798 13796
f 13788 13809 13798
f 13792 13789 13799
f 13799 13789 13805
f 13815 13801 13791
f 13802 13803 13793
f 13801 13811 13800
f 13800 13811 13814
f 13795 13796 13804
f 13806 13805 13797
f 13799 13805 13806
f 13797 13800 13803
f 13806 13797 13803
f 13806 13803 13807
f 13800 13797 13816
f 13801 13816 13791
f 13815 13808 13801
f 13809 13792 13799
f 13807 13802 13810
f 13803 13802 13807
f 13801 13800 13816
f 13808 13811 13801
f 13802 13794 13812
f 13810 13802 13812
f 13794 13793 13812
f 13813 13812 13803
f 13812 13793 13803
f 13803 13800 13814
f 13814 13811 13820
f 13820 13811 14214
f 10447 14214 13811
f 14215 13806 13807
f 13808 13815 13817
f 13808 10447 13811
f 13808 13817 10447
f 13818 14209 14213
f 13812 14213 14209
f 13812 13813 14213
f 13803 13814 13813
f 13819 13814 13820
f 13822 13823 13821
f 13821 8706 13824
f 13821 8705 13822
f 13821 13824 8705
f 13822 13825 13823
f 13822 8705 13825
f 13829 11595 11593
f 11595 13829 13826
f 13827 13828 13826
f 13826 13829 13831
f 13832 13828 13827
f 13831 13827 13826
f 13830 13829 11593
f 13833 13829 13830
f 13833 13831 13829
f 13827 13834 13836
f 13832 13827 13836
f 13827 13831 13834
f 13831 13833 13838
f 13838 13833 13830
f 13838 13830 13835
f 13834 13831 13837
f 13838 13848 13831
f 13848 13838 8754
f 13834 11885 13836
f 13839 13840 13842
f 13839 13837 13840
f 13834 13837 13839
f 8754 13838 13841
f 13846 13840 13837
f 13847 13846 13837
f 13847 13837 13848
f 13848 8754 8758
f 13848 13837 13831
f 13841 13838 13835
f 13845 13841 13843
f 8754 13841 13845
f 8757 8754 13845
f 13840 13846 13842
f 13841 13835 13844
f 13844 13843 13841
f 11882 13845 13843
f 13839 11884 13834
f 11885 13834 11884
f 13843 13844 11889
f 13844 11881 11889
f 13843 11889 11882
f 8757 13845 10684
f 10684 13845 11882
f 13839 11883 11884
f 11892 13846 11886
f 13846 13847 11886
f 13847 13848 11886
f 11886 13848 11891
f 11891 13848 11887
f 11887 13848 11888
f 13848 8758 11888
f 10716 13850 13851
f 10715 10716 13851
f 13851 14798 10715
f 13851 13850 13852
f 13852 10935 8826
f 13853 13850 10716
f 13850 13854 13852
f 13854 13850 13853
f 10938 13854 13858
f 13853 13858 13854
f 13855 13856 13861
f 13862 13856 13855
f 13860 13859 13857
f 13861 13856 13862
f 13863 13859 13860
f 13863 13860 13857
f 13864 10938 13858
f 11614 11612 13867
f 13869 11648 6173
f 13867 11612 13870
f 11609 13871 11612
f 13878 13870 11612
f 13871 13878 11612
f 11613 13871 11609
f 14621 11613 11608
f 6173 13873 13869
f 2959 13868 13874
f 13874 13868 13867
f 13867 13870 13874
f 13871 11613 13875
f 13875 11613 14621
f 13869 13873 13872
f 13876 13872 13873
f 14578 2959 13874
f 13874 13870 13880
f 13884 13871 13875
f 13875 13877 13884
f 13875 14621 13876
f 13873 13879 13876
f 6189 13873 14589
f 14622 14578 13874
f 14622 13874 13880
f 13880 13870 13878
f 13878 13871 13884
f 13885 13875 13876
f 13885 13877 13875
f 13876 13882 13885
f 13887 13882 13879
f 13879 13882 13876
f 6207 13887 13879
f 6207 13879 6189
f 13883 14622 13880
f 13883 13880 13894
f 13884 13880 13878
f 13877 13885 13881
f 13894 13880 13884
f 13887 13886 13882
f 14622 13883 13892
f 13885 13882 13886
f 6207 13888 13887
f 13877 13894 13884
f 13888 13889 13881
f 13890 13889 13888
f 13891 13888 6207
f 13889 13894 13877
f 13889 13877 13881
f 13891 13890 13888
f 13893 13892 14015
f 14015 13892 13883
f 14015 13883 13894
f 13895 6205 13896
f 13901 6208 13935
f 13935 6208 6713
f 13899 13897 13895
f 13899 13895 13898
f 13910 6208 13901
f 13898 13895 13896
f 13896 13900 13909
f 13898 13896 13909
f 13903 13896 6208
f 6208 13904 13903
f 13904 6208 13910
f 13902 13899 13898
f 13903 13900 13896
f 13910 13901 13940
f 13907 13905 13906
f 13905 13907 13912
f 13912 13907 13906
f 13913 13908 13914
f 13909 13900 13915
f 13903 13921 13900
f 13914 13911 14034
f 13915 13900 13921
f 13921 13903 13918
f 13916 13911 13914
f 13916 13914 13908
f 13917 13918 13903
f 13903 13904 13917
f 13918 4296 13921
f 13919 13918 13917
f 13904 13910 13920
f 4288 13916 13908
f 13913 13921 4288
f 13913 4288 13908
f 4288 13921 4296
f 13918 13919 4296
f 13923 4350 13922
f 4350 4349 13922
f 13923 13922 13919
f 4301 4350 13923
f 13923 13919 4298
f 4298 13919 13917
f 13904 4304 13917
f 6388 13911 4288
f 4288 13911 13916
f 13922 4291 4296
f 13922 4349 4290
f 4291 13922 4290
f 13919 13922 4296
f 4301 13923 4298
f 4298 13917 4293
f 13917 4304 4293
f 4305 4304 13904
f 4305 13904 13920
f 4305 13920 4299
f 4299 13920 13312
f 13927 6902 6903
f 13926 13925 4832
f 13926 4832 6901
f 13928 13926 6901
f 13928 6901 13927
f 13927 6903 13924
f 13929 13928 13927
f 13930 13927 13924
f 13929 13927 13930
f 13930 13924 8888
f 9802 13925 13926
f 13931 13928 13933
f 13933 13928 13929
f 13926 13928 13931
f 13933 13929 13930
f 13932 13931 13933
f 4571 9802 13926
f 13933 13930 12626
f 12628 4571 13926
f 12628 13926 12627
f 12627 13926 13931
f 13932 13933 12626
f 12626 13930 6439
f 13934 6716 6712
f 13936 13934 6712
f 13936 6712 6715
f 13935 6716 13937
f 13936 6715 13976
f 13934 13937 6716
f 13901 13935 13940
f 13981 13936 13976
f 13940 13935 13937
f 13938 13937 13934
f 13938 13934 13941
f 13939 13936 13981
f 13940 13937 13938
f 13941 13934 13936
f 13941 13936 13939
f 13920 13910 13940
f 13944 13940 13938
f 13981 13942 13939
f 13944 13938 13943
f 13943 13938 13941
f 13941 13939 13942
f 13944 13920 13940
f 13920 13944 13312
f 13311 13312 13944
f 13311 13944 13943
f 13313 13943 13941
f 13313 13941 13942
f 13313 13942 13316
f 13316 13942 14326
f 13315 13311 13943
f 13315 13943 13313
f 13950 13949 13946
f 13949 13945 13946
f 14863 14400 13947
f 13947 14400 13948
f 13948 14400 14402
f 13949 13950 13945
f 13947 13951 13952
f 13947 13948 13951
f 13948 14402 13951
f 13951 13953 13952
f 13953 13951 14402
f 13955 13956 13957
f 573 13960 572
f 13959 13956 13955
f 13958 13955 13957
f 13955 13958 13959
f 573 13961 13960
f 13961 573 572
f 575 574 14864
f 13962 13963 14864
f 13962 14864 576
f 576 14864 574
f 13962 576 13963
f 13967 13965 11616
f 13967 11616 13968
f 13968 11616 13964
f 13966 13965 13967
f 13970 13966 13967
f 13968 13964 11159
f 11159 13964 11156
f 13969 13967 13968
f 6715 13966 13970
f 13970 13967 13971
f 13971 13967 13969
f 13977 13971 13969
f 13977 13969 13968
f 13977 13968 11159
f 13978 13970 13971
f 13971 13977 13972
f 13978 6715 13970
f 13979 13971 13972
f 13973 13979 13972
f 13972 13974 13973
f 13977 13974 13972
f 13976 6715 13978
f 13973 13975 13979
f 13974 13975 13973
f 13980 13975 13977
f 13975 13974 13977
f 13979 13978 13971
f 13980 13979 13975
f 13981 13976 13983
f 13979 13980 13982
f 13983 13976 13978
f 13982 13978 13979
f 13977 13982 13980
f 13065 13069 13977
f 13984 13978 13982
f 13982 13977 13069
f 13981 13983 13942
f 13073 13982 13069
f 13984 13983 13978
f 14327 13984 13982
f 14326 13942 13983
f 13982 13073 13985
f 14327 13982 13985
f 13986 13987 13988
f 13988 13989 13991
f 13988 13991 13986
f 13997 8386 13990
f 13993 13992 14541
f 13988 13992 13993
f 13988 13987 13992
f 13995 13993 14541
f 13993 13995 13989
f 13988 13993 13989
f 13996 13997 13994
f 13990 13994 13997
f 13995 13991 13989
f 14541 13992 13998
f 13992 13987 13998
f 13994 14005 14004
f 14005 13994 13990
f 14004 13996 13994
f 13999 14001 14003
f 14005 14000 14004
f 14005 13990 14006
f 8386 11584 14006
f 14001 13999 14007
f 14865 14004 14000
f 14008 14000 14005
f 14006 13990 8386
f 14003 14001 14007
f 14000 14008 14865
f 14008 14005 14006
f 14008 14006 11589
f 14009 13288 13892
f 14011 14010 14009
f 14011 14009 13893
f 13893 14009 13892
f 14010 14011 14012
f 14013 14011 13893
f 14013 13893 14014
f 14014 13893 14015
f 14011 14013 14012
f 13889 14021 13894
f 14016 13889 13890
f 14017 14016 13891
f 13891 14016 13890
f 14022 13288 14009
f 14010 14018 14019
f 14010 14019 14009
f 14009 14019 14022
f 14010 14012 14018
f 14018 14013 14014
f 14018 14014 14019
f 14019 14014 14015
f 14018 14012 14013
f 14015 13894 14021
f 14021 13889 14016
f 14022 14019 14015
f 14022 14015 14020
f 14020 14015 14024
f 14024 14015 14025
f 14025 14015 14021
f 14021 14016 14026
f 14026 14016 14017
f 14026 14017 13897
f 13897 14017 13891
f 14026 13897 13899
f 14020 14023 14022
f 14025 14021 14026
f 13300 14022 14033
f 14033 14022 14023
f 13899 13902 14026
f 14023 14024 14033
f 14033 14024 14025
f 14027 14025 14026
f 14027 14026 14028
f 14027 14033 14025
f 14028 14026 14029
f 14030 14026 13902
f 14031 14033 14027
f 14029 14026 14030
f 14032 14031 14027
f 14032 14027 14028
f 14031 14035 14033
f 14034 13911 14036
f 14032 14035 14031
f 14036 6387 6386
f 13911 6384 14036
f 6388 6384 13911
f 2749 14037 6075
f 14037 2749 14038
f 2757 2755 2750
f 2757 2750 2754
f 14040 14039 14037
f 2757 2754 9578
f 6075 14037 14042
f 14042 14037 14039
f 14040 14037 14038
f 2757 14044 14043
f 14041 2757 14043
f 9581 2757 9578
f 14039 14045 14042
f 14039 14043 14045
f 14044 14045 14043
f 14047 2757 9581
f 14046 14042 14045
f 14048 14044 2757
f 14048 2757 14047
f 14047 9581 9585
f 14046 10888 14042
f 14048 14045 14044
f 9586 14047 9585
f 14048 14046 14045
f 14050 14047 9586
f 10893 10888 14046
f 14052 14046 14048
f 14047 14050 14048
f 14049 14050 9586
f 14051 14048 14053
f 14053 14048 14050
f 14051 14052 14048
f 14053 14050 14049
f 14623 14046 14052
f 11162 14052 14051
f 14054 14051 14053
f 10893 14046 14623
f 11161 10895 10893
f 11161 10893 14623
f 11162 14623 14052
f 14054 14053 11163
f 11163 14053 11165
f 12529 12528 14056
f 14056 12528 10896
f 10896 10897 14057
f 10891 14058 14057
f 14606 14058 10891
f 10895 11161 11168
f 14056 10896 14055
f 14055 10896 14057
f 14062 14058 14606
f 14062 14606 10894
f 10895 11168 14059
f 14055 14057 13531
f 13531 14057 14058
f 14061 14058 14062
f 14059 11168 14060
f 13531 14058 14061
f 12686 14056 14064
f 14059 14060 14074
f 12687 12686 14064
f 14064 14056 14066
f 14066 14056 14055
f 14061 13533 13531
f 14061 14062 14063
f 12687 14064 12671
f 14063 13533 14061
f 14063 14062 14065
f 14065 14062 10894
f 11177 14060 11168
f 14066 14055 13532
f 13533 14063 14067
f 14067 14063 14065
f 14060 14068 14074
f 12671 14064 14070
f 12671 14070 12688
f 14064 14066 14070
f 13533 14067 14071
f 14068 14060 11177
f 14071 14067 14065
f 14069 14068 11177
f 12685 12688 14072
f 12688 14070 14072
f 14075 14070 14066
f 14075 14066 1195
f 14066 13532 1195
f 1195 13532 13533
f 14072 14070 14075
f 14073 14071 14065
f 11180 14069 11177
f 14074 14068 1201
f 12685 14072 1194
f 14072 14075 1194
f 1192 13533 14071
f 1192 14071 14073
f 1201 14068 1198
f 1198 14068 14069
f 1198 14069 1193
f 1193 14069 11180
f 2963 2965 14078
f 14077 14079 14076
f 14083 14076 14079
f 2965 4803 14078
f 14080 2965 2968
f 14081 14082 14405
f 14084 14079 14077
f 14090 4803 2965
f 14087 2965 14080
f 14090 2965 14087
f 14088 14082 14081
f 14083 14079 14084
f 14089 14085 14086
f 14707 14086 4800
f 4800 14086 14085
f 14091 4804 14477
f 14089 14086 14707
f 4801 4800 14085
f 4803 14090 14087
f 14093 14095 14092
f 14095 11759 14092
f 14096 11754 14095
f 14095 11754 11759
f 14099 14095 14093
f 14099 14097 14094
f 14095 14099 14094
f 14099 14093 14100
f 14093 14092 14100
f 14098 14094 14102
f 14098 14095 14094
f 14098 14096 14095
f 14101 11621 14096
f 11621 11755 14096
f 14100 14092 11622
f 14102 14094 14097
f 14105 14096 14098
f 14105 14101 14096
f 14107 14099 14103
f 14099 14100 14103
f 11622 14108 14100
f 14102 14104 14098
f 14105 14098 14104
f 14108 11622 11634
f 14105 14104 14101
f 14101 14104 11621
f 14104 11632 11621
f 14106 14108 11638
f 14108 11634 11638
f 14100 14107 14103
f 14107 14100 14106
f 14106 14100 14108
f 14113 13547 14110
f 14110 13547 9403
f 14109 14111 14110
f 14110 14111 14113
f 14113 14115 13547
f 14109 14116 14111
f 14116 14113 14111
f 14381 14114 14112
f 14117 14116 14109
f 14116 14118 14113
f 14118 14115 14113
f 14114 14117 14112
f 14120 14122 14116
f 14116 14122 14118
f 14114 14127 14117
f 14117 14120 14116
f 14119 14127 14114
f 14127 14120 14117
f 14118 13552 14115
f 14119 14121 14127
f 14123 14120 14127
f 14122 13552 14118
f 14125 13552 14122
f 14123 14146 14120
f 14146 14128 14120
f 14120 14128 14122
f 14122 14128 14151
f 14122 14151 14125
f 14124 14126 14121
f 14121 14126 14127
f 14127 14146 14123
f 14126 14146 14127
f 3511 14131 3508
f 14134 3507 14129
f 14132 14130 11190
f 3507 14134 3511
f 14129 14130 14132
f 8396 3510 14133
f 14133 3510 14131
f 14137 14131 3511
f 14135 14129 14132
f 11194 14132 11190
f 14137 3511 14134
f 11196 14132 11194
f 14138 8396 14133
f 14136 14137 14134
f 14136 14134 14129
f 14136 14129 14135
f 14135 14132 11196
f 11201 14136 14135
f 11201 14135 11196
f 14133 14131 14139
f 14139 14131 14137
f 14142 8396 14138
f 14138 14133 14139
f 14139 14137 14140
f 14140 14137 14136
f 14143 14138 14139
f 14141 14140 14136
f 14141 14136 11201
f 14143 14142 14138
f 11206 14141 11201
f 14144 14139 14140
f 4516 14143 14139
f 4516 14139 14144
f 14144 14140 14141
f 4516 14142 14143
f 8409 14142 4515
f 8408 8409 4515
f 4515 14142 4516
f 4517 4516 14144
f 4519 14141 10864
f 10864 14141 11206
f 14124 14145 14126
f 14145 14149 14126
f 14149 14146 14126
f 14146 14150 14128
f 14147 14149 14145
f 14151 11191 14125
f 14145 14152 14147
f 14152 14148 14147
f 14147 14148 14149
f 14150 14151 14128
f 14153 14155 14866
f 14156 11191 14151
f 14866 14154 14153
f 14149 14158 14146
f 14150 14156 14151
f 14153 14154 14155
f 14148 14157 14149
f 14158 14150 14146
f 14157 14158 14149
f 14158 14162 14150
f 14150 14166 14156
f 14157 14162 14158
f 14162 14170 14150
f 14170 14166 14150
f 11199 14156 14166
f 14148 14159 14157
f 14157 14159 14162
f 14161 14165 14160
f 14166 11204 11199
f 14163 14522 14164
f 14167 14161 14160
f 14161 14168 14165
f 14159 14172 14162
f 14162 14172 14170
f 14167 14171 14161
f 14171 14168 14161
f 14169 14170 14172
f 14170 11204 14166
f 14168 14171 14159
f 14171 10840 14159
f 14159 10840 14172
f 14173 14171 14167
f 14173 10839 14171
f 10840 10841 14172
f 14172 10841 14169
f 14170 10842 11204
f 14175 13678 13681
f 14183 14175 13681
f 14183 13681 14179
f 14174 11072 14175
f 14183 14174 14175
f 14179 13681 14176
f 14177 11082 11063
f 14174 14177 11063
f 14174 14183 14177
f 14180 14181 11073
f 11073 11083 14180
f 11081 14182 11083
f 11082 14177 11081
f 11081 14177 14182
f 14182 14177 14185
f 14177 14179 14185
f 14179 14177 14183
f 14186 12565 14180
f 14182 14187 14184
f 14185 14187 14182
f 14186 14188 12565
f 14188 14186 14178
f 14186 14189 14178
f 14186 14184 14189
f 14184 14187 14189
f 14189 14187 14176
f 14187 14185 14176
f 14185 14179 14176
f 14184 11083 14182
f 14180 12565 14181
f 14186 14180 11083
f 11083 14184 14186
f 14194 14191 14190
f 14191 14192 14190
f 14190 14192 6176
f 14201 14194 14190
f 14190 6176 6183
f 14196 14190 6183
f 14195 14199 14193
f 14193 14194 14195
f 14195 14194 14201
f 14191 14194 14197
f 14192 14191 14197
f 14198 14192 14197
f 6194 14192 14198
f 6194 6176 14192
f 14199 14195 14202
f 14201 14190 14205
f 14190 14196 14205
f 14196 14203 14205
f 14200 6194 14198
f 14202 14195 14201
f 14201 14205 14202
f 14203 14196 6192
f 14196 6183 6192
f 14204 14200 14198
f 14205 14203 14206
f 14203 6192 14206
f 6192 6197 14206
f 14218 14207 14867
f 13810 14208 13807
f 14215 13807 14216
f 13807 14208 14216
f 14207 14215 14868
f 14868 14215 14216
f 14212 14218 14867
f 14212 14867 14207
f 8781 14212 13817
f 13818 14208 14209
f 14211 14208 13818
f 14210 14868 14211
f 14216 14211 14868
f 14210 14207 14868
f 14212 10447 13817
f 14212 13820 10447
f 14211 13819 14210
f 14210 13819 14207
f 13819 14212 14207
f 13818 14213 13813
f 13818 13813 14220
f 13819 14211 13814
f 14211 14220 13814
f 13820 14212 13819
f 14214 10447 13820
f 14220 13813 13814
f 14219 14207 14218
f 14215 14207 14219
f 14224 14218 14212
f 14212 8781 14224
f 8781 14217 14224
f 14216 14208 14211
f 14217 8781 8784
f 8790 14217 8784
f 14220 14211 13818
f 14219 14237 14215
f 14224 14217 8792
f 8792 14217 8793
f 8793 14217 8790
f 14224 14223 14218
f 14237 14219 14234
f 14219 14223 14234
f 14224 8792 8798
f 14236 14226 14230
f 14226 14227 14221
f 14221 14227 14228
f 14231 14222 14228
f 14222 14231 14233
f 14242 14233 14231
f 14229 8801 8802
f 14232 14225 14243
f 14222 14277 14228
f 14222 14233 14277
f 14242 14229 14233
f 14234 14223 8798
f 8798 14223 14224
f 14246 11278 14235
f 8798 8804 14238
f 14239 14236 14225
f 14236 14227 14226
f 14240 14228 14227
f 14231 14241 14242
f 14241 14238 14242
f 14238 8804 14242
f 8804 14229 14242
f 14229 8804 8801
f 11278 14239 14232
f 14225 14232 14239
f 14243 14225 14236
f 14236 14230 14243
f 14240 14231 14228
f 14244 11278 14232
f 14245 14243 14230
f 14226 14245 14230
f 14247 14246 14235
f 14239 11278 14246
f 14247 14239 14246
f 14236 14239 14247
f 14248 14240 14227
f 14234 14241 14237
f 14234 14238 14241
f 14238 14234 8798
f 14227 14236 14248
f 14256 14313 14249
f 14256 8802 14313
f 14249 14313 14250
f 14313 14265 14250
f 14313 14316 14265
f 14251 14250 14265
f 14265 14252 14251
f 14265 14266 14252
f 14251 14252 14272
f 14274 14254 12693
f 12693 14254 14255
f 14277 14233 14256
f 14233 14229 14256
f 14229 8802 14256
f 14277 14256 14258
f 11269 11268 14261
f 14258 14256 14259
f 14256 14249 14259
f 14259 14249 14264
f 14261 14260 11269
f 14249 14250 14264
f 11269 14260 14624
f 14263 14260 14261
f 14261 14279 14263
f 14267 14264 14250
f 14316 14266 14265
f 14250 14251 14267
f 11272 14281 14263
f 11272 14263 14269
f 14266 14273 14252
f 11272 14269 14270
f 14269 14271 14270
f 14273 14272 14252
f 14271 14269 14287
f 14268 14287 14269
f 14270 14271 14274
f 14274 14287 14254
f 14271 14287 14274
f 14253 11274 14270
f 14274 14253 14270
f 14287 14255 14254
f 14287 14289 14255
f 14255 14289 14275
f 14253 11277 11274
f 14253 14274 11277
f 14274 12693 11277
f 14275 12693 14255
f 14275 14276 12692
f 14232 14243 14244
f 14243 14245 14257
f 14278 14245 14226
f 14221 14258 14226
f 14258 14278 14226
f 14221 14228 14258
f 14228 14277 14258
f 14257 14244 14243
f 14257 14245 14278
f 14278 14259 14262
f 14279 14278 14262
f 14264 14262 14259
f 14262 14280 14279
f 14264 14280 14262
f 14263 14281 14260
f 14284 14279 14280
f 14264 14267 14280
f 14267 14282 14280
f 14283 14624 14281
f 14283 14281 11272
f 14267 14251 14282
f 14284 14285 14268
f 14284 14282 14285
f 14251 14286 14282
f 14286 14285 14282
f 14270 11282 11272
f 14285 14286 14289
f 14288 14286 14251
f 14272 14288 14251
f 14268 14285 14287
f 14285 14289 14287
f 11282 14270 11274
f 14289 14288 14272
f 14273 14290 14272
f 14272 14290 14289
f 14290 14275 14289
f 14276 14275 14290
f 14273 14291 14290
f 14291 14273 14323
f 12731 14291 14323
f 14258 14292 14278
f 14292 14259 14278
f 14292 14258 14259
f 14280 14282 14284
f 14288 14296 14286
f 14296 14289 14286
f 14296 14288 14289
f 14290 14293 14276
f 14293 14297 14276
f 12730 14297 14290
f 14290 14291 12730
f 14276 14297 12730
f 14291 12731 12730
f 14293 14290 14297
f 14298 14625 14294
f 14298 14294 14299
f 14294 14295 14299
f 14295 14300 14299
f 14301 14302 14303
f 14301 14625 14302
f 14625 14298 14302
f 14298 14304 14302
f 14299 14304 14298
f 14303 14300 14301
f 14303 14304 14300
f 14304 14299 14300
f 14302 14304 14303
f 14305 14308 14311
f 14308 10324 14306
f 14306 10324 10327
f 14309 10325 10326
f 14309 14306 10325
f 14311 14308 14312
f 8802 14310 14313
f 14310 14317 14313
f 14310 14312 14317
f 14308 14306 14312
f 14320 14306 14309
f 14324 14309 12781
f 14309 12780 12781
f 14309 10326 12780
f 14310 8802 8803
f 8803 8797 14310
f 14311 14312 8797
f 14312 14310 8797
f 14317 14316 14313
f 14314 14316 14317
f 14317 14318 14314
f 14317 14312 14318
f 14312 14306 14318
f 14316 14314 14266
f 14315 14266 14314
f 14314 14318 14315
f 14318 14320 14315
f 14306 14320 14318
f 14315 14273 14266
f 14315 14320 14319
f 14320 14322 14319
f 14315 14319 14273
f 14320 14309 14322
f 14319 14323 14273
f 14319 14321 14323
f 14319 14322 14321
f 14322 14309 14324
f 14323 14321 14324
f 14322 14324 14321
f 14323 14325 12731
f 14324 14325 14323
f 14329 14326 13983
f 14327 13983 13984
f 14329 13983 14327
f 14328 14327 13985
f 14333 13316 14326
f 14331 14333 14326
f 14331 14326 14329
f 14329 14327 14332
f 14332 14327 14328
f 14334 14329 14332
f 14331 14329 14334
f 14332 14328 14342
f 14334 14333 14331
f 3198 14333 14334
f 10308 14330 3197
f 3197 14330 14333
f 3197 14333 3198
f 3198 14334 3196
f 3196 14334 14332
f 3195 3196 14332
f 14338 13071 13072
f 14338 13072 13163
f 14335 13985 13073
f 14339 14335 13068
f 14336 14337 13071
f 14339 13068 13070
f 14336 13071 14338
f 14328 13985 14335
f 14339 13070 14337
f 14336 14339 14337
f 14342 14328 14335
f 14342 14335 14340
f 14340 14335 14339
f 14336 14338 13178
f 13178 14338 13168
f 14341 14339 14336
f 14341 14336 13178
f 14332 14342 3195
f 14342 14340 14343
f 14343 14340 14339
f 3195 14342 82
f 82 14342 14343
f 14343 14339 81
f 81 14339 14341
f 81 14341 13178
f 14344 204 14345
f 204 2526 14345
f 2527 2525 4700
f 14358 14346 14345
f 14363 14347 2525
f 14348 2527 4701
f 14348 4704 4703
f 14348 4703 14359
f 14359 4703 14355
f 14355 4703 14349
f 4706 14352 4705
f 14350 14352 4706
f 14359 2525 14348
f 2525 2527 14348
f 14351 14359 14355
f 14349 4703 4705
f 14361 14344 14345
f 2526 14353 14345
f 2525 14358 14353
f 14354 14359 14351
f 14355 14349 14356
f 14356 14349 4705
f 14356 4705 14357
f 14360 4705 14352
f 14367 14352 14350
f 14361 14345 14346
f 14358 14345 14353
f 14351 14364 14354
f 14364 14351 14355
f 4705 14360 14357
f 14370 14350 13954
f 14358 2525 14362
f 14347 14362 2525
f 14363 2525 14359
f 14359 14354 14363
f 14371 14364 14355
f 14365 14355 14356
f 14366 14356 14357
f 14357 14360 14366
f 14369 14352 14367
f 14350 14370 14367
f 205 14361 14368
f 14361 14346 14368
f 14368 14346 14362
f 14346 14358 14362
f 14365 14371 14355
f 14366 14365 14356
f 14372 14360 14369
f 14369 14360 14352
f 206 205 14368
f 14372 14366 14360
f 14369 14367 14375
f 14367 14370 13954
f 14376 14371 14365
f 14366 14376 14365
f 14372 14376 14366
f 14376 14372 14377
f 14373 14367 14374
f 14373 14375 14367
f 14367 13954 14374
f 14378 14371 14376
f 14375 14377 14369
f 14369 14377 14372
f 14377 14380 14376
f 14380 14378 14376
f 14379 14377 14375
f 14379 14375 14373
f 14377 14379 14380
f 14381 14112 9406
f 14382 14119 14114
f 14383 14384 14385
f 14384 14386 14385
f 14385 14386 14387
f 14384 14383 14386
f 14383 14387 14386
f 14121 14119 14382
f 14388 14389 14383
f 14383 14389 14387
f 14387 14389 14388
f 14390 14391 14392
f 5558 5559 14393
f 14395 14396 14394
f 14397 14396 14398
f 14398 14396 14395
f 14398 14395 14394
f 14399 14396 14397
f 14398 14399 14397
f 14401 14400 14863
f 14402 14400 14401
f 3173 1959 12275
f 3173 12275 14404
f 12275 14613 14404
f 14403 14613 12279
f 14404 3176 3173
f 14404 14613 14403
f 14405 14082 14088
f 14406 14407 14473
f 14406 14474 14407
f 14408 14474 14406
f 14411 13350 12497
f 14409 14412 14410
f 14409 14410 14411
f 14412 14409 14411
f 12497 12500 14412
f 12497 14412 14411
f 14413 14415 14869
f 14413 14414 14415
f 14413 14869 14414
f 14416 14417 12504
f 14416 12504 12506
f 14417 14416 12506
f 14418 14417 12514
f 12514 14417 12510
f 12510 14417 12506
f 14418 12514 6516
f 6515 14418 6516
f 6522 12652 14420
f 6522 14420 14419
f 14421 14419 14420
f 14420 12652 12660
f 14422 14421 14420
f 14422 14420 12660
f 14422 12660 12672
f 14425 14422 14424
f 14424 14422 14423
f 14422 12672 14423
f 12672 12682 14423
f 14425 14424 14423
f 9885 2520 9889
f 204 9892 9889
f 14432 10917 10919
f 14428 10919 10927
f 14432 10919 14427
f 14428 10927 14429
f 14429 10927 14426
f 14426 10927 14431
f 14431 10927 12530
f 14430 14428 14429
f 14435 14433 12543
f 14434 14435 14445
f 14446 14434 14445
f 14445 14437 14446
f 14429 14426 14431
f 14431 12530 12536
f 14427 14440 14432
f 14438 14430 14429
f 14429 14439 14438
f 14431 14439 14429
f 14427 14430 14438
f 14440 14427 14438
f 14439 14431 12536
f 14438 14442 14440
f 14438 14441 14442
f 14441 14438 14439
f 12536 12538 14439
f 12538 14441 14439
f 14441 14433 14442
f 12543 14433 14441
f 12543 14441 12538
f 12543 12538 12539
f 14434 14433 14435
f 14435 12543 14443
f 12543 12546 14443
f 14444 14435 14443
f 12546 12549 14444
f 14444 14443 12546
f 14445 14435 14444
f 14436 14446 14437
f 14445 14444 12553
f 12553 14444 12549
f 14436 14449 14446
f 14445 14447 14437
f 14445 12553 14447
f 14447 12553 14448
f 14454 14447 14448
f 14436 14454 14449
f 14471 14450 14451
f 14450 7238 14451
f 14450 8218 8221
f 14452 14451 14755
f 14452 14626 14451
f 7239 7238 14450
f 7239 14450 8221
f 7235 14453 7236
f 7236 14453 7237
f 14461 14449 14454
f 14448 13189 14454
f 14461 14454 14456
f 14456 14459 14461
f 14456 14454 14459
f 14459 14454 13189
f 14457 14460 14455
f 14458 14457 14455
f 14457 14458 14460
f 14463 14467 14461
f 14459 14463 14461
f 14459 13189 13193
f 14459 14462 14464
f 14462 14459 13193
f 14464 14462 14466
f 14462 13193 14466
f 14470 14467 14465
f 14467 14463 14465
f 14468 14465 14464
f 14465 14463 14464
f 14467 14470 14469
f 14464 14466 14468
f 14470 14465 14472
f 14468 14471 14465
f 14471 14468 13199
f 14466 13199 14468
f 14466 13201 13199
f 14469 14470 14452
f 14472 14452 14470
f 14626 14452 14472
f 14471 14451 14465
f 14450 14471 13199
f 8218 14450 13199
f 13201 8218 13199
f 14475 14473 14407
f 14474 14475 14407
f 14478 14475 14474
f 14476 14474 14408
f 14477 4804 14480
f 14478 14474 14476
f 14480 4804 4805
f 14870 14479 14871
f 14481 14871 14479
f 14481 14479 14870
f 14482 14484 13023
f 14483 14484 14482
f 14486 14485 14488
f 14488 14485 14489
f 14489 14485 14486
f 14483 577 14484
f 14490 577 14483
f 14487 14490 14483
f 14487 14491 14490
f 14487 14488 14489
f 14487 14489 14491
f 577 14490 14491
f 14872 14493 14492
f 14872 14492 14499
f 68 65 14494
f 14496 14495 14504
f 14499 14492 14493
f 14501 14498 14497
f 14496 14873 14495
f 68 14494 14502
f 14498 14500 14505
f 14498 14505 14497
f 14505 14501 14497
f 11868 14502 14494
f 14504 14873 14496
f 14498 14503 14500
f 14874 14506 14509
f 14500 14503 14505
f 14507 11869 14494
f 14494 11869 11868
f 14508 14506 14874
f 14509 14506 14510
f 14510 14515 14509
f 11869 14507 11872
f 14506 14508 14510
f 14508 14514 14510
f 14510 14514 14515
f 14512 11872 14511
f 14511 11872 14507
f 14513 14514 14508
f 14514 14513 14517
f 14514 14517 14515
f 14518 14512 14511
f 14516 14518 14511
f 14518 11878 14512
f 14517 12579 14515
f 14518 9393 11878
f 14519 12579 14513
f 14513 12579 14517
f 14516 14520 14518
f 12575 12576 14513
f 14513 12576 14519
f 14519 12576 12579
f 12577 14520 14516
f 14390 14568 14391
f 14391 14568 14392
f 14521 14163 14164
f 14521 14522 14163
f 14687 14523 14688
f 14525 14526 14524
f 14526 14525 14524
f 14528 14527 14529
f 14528 14875 14527
f 14529 14527 14531
f 14530 14527 14875
f 14531 14527 14530
f 5261 14532 5251
f 5261 5262 14532
f 12162 12165 13702
f 14533 13426 14535
f 14536 14534 14535
f 14534 14536 14537
f 14536 14535 14537
f 14535 13428 14537
f 13428 13432 14537
f 14537 14538 14539
f 14537 13432 14538
f 14538 13432 11859
f 14538 11859 14539
f 14567 14876 12621
f 12621 14876 12622
f 14542 14877 14540
f 14540 14545 14542
f 14545 14540 14543
f 14544 14543 14540
f 14877 14544 14540
f 14545 14543 14546
f 14002 14547 14544
f 14547 14543 14544
f 14546 14543 14548
f 14548 14543 14547
f 14548 14547 14549
f 14002 14549 14547
f 7775 14555 14554
f 7775 14554 14553
f 7775 14553 14555
f 14561 14560 14559
f 14562 14559 14560
f 14562 14561 14559
f 12613 14878 14563
f 12616 14878 12613
f 68 7491 7488
f 68 14502 7491
f 14571 486 203
f 314 316 191
f 314 180 316
f 2132 2136 2122
f 2132 566 2136
f 1031 1039 1028
f 14572 1275 6637
f 14572 1270 1275
f 14572 1284 1270
f 14572 6640 1284
f 14572 6639 6640
f 14572 6637 6639
f 7969 1611 7968
f 1665 7396 1670
f 1665 7399 7396
f 14573 1673 1671
f 14573 1676 1673
f 14573 7421 1676
f 14573 28 7421
f 14574 7636 1720
f 14574 1738 7645
f 1826 1824 5701
f 1826 5701 1824
f 2156 2173 2174
f 2156 2164 2173
f 2156 2162 2164
f 14575 2172 2171
f 14576 2189 2196
f 14576 2193 2189
f 14576 2560 6089
f 14576 2559 2560
f 14576 2196 2559
f 2559 2196 2189
f 2559 2636 2583
f 2630 2629 2618
f 2630 2628 2629
f 2630 2644 2628
f 2630 2637 2644
f 4398 2834 2826
f 4398 4401 4408
f 4398 2827 4401
f 4470 4395 2886
f 4470 2886 4464
f 2911 2914 2915
f 2911 2913 2914
f 2947 13868 2959
f 14578 14622 2964
f 14578 2948 2959
f 14579 2964 13892
f 14579 13287 2964
f 14579 13298 13289
f 14579 13293 13298
f 14579 14022 13293
f 14579 13288 14022
f 14579 13892 13288
f 3213 3205 3208
f 3217 3212 3218
f 3219 3228 3220
f 3219 3231 3228
f 3219 3221 3231
f 3511 3508 3507
f 14580 3577 3557
f 14580 3572 3577
f 14580 7813 3572
f 14580 7811 7813
f 14580 7810 7811
f 14580 3557 7810
f 3633 3648 7834
f 3761 7601 3757
f 3761 7606 7601
f 3761 3767 7606
f 14581 5589 14722
f 14581 5581 5589
f 14581 5586 5581
f 14698 4202 14699
f 13325 4314 4312
f 13325 13333 4314
f 4333 4327 4326
f 4333 4334 4327
f 14583 11917 11919
f 14583 4333 11917
f 12346 12347 4379
f 12346 4379 12342
f 14584 6160 4410
f 14584 6165 6160
f 14584 4410 4421
f 14144 4519 4517
f 14144 14141 4519
f 4518 4515 4516
f 4518 4517 4525
f 4518 4516 4517
f 10864 4521 4519
f 10864 10865 4521
f 10864 10867 10865
f 10864 10866 10867
f 4609 6270 4632
f 4609 6262 6270
f 4609 6258 6262
f 4702 4700 4698
f 14585 12085 5010
f 14585 5010 12085
f 14586 5195 5197
f 5324 10837 10836
f 5324 5318 10837
f 5324 5313 5318
f 5324 5323 5313
f 5324 5312 5323
f 5359 5325 5338
f 7799 7801 5435
f 11546 11553 11552
f 11546 11548 11553
f 14588 10178 6125
f 14588 10176 10178
f 14588 10183 10187
f 14588 6125 10183
f 14589 6173 6174
f 14589 13873 6173
f 14589 6174 6180
f 6190 6200 6195
f 6190 6199 6200
f 14590 6499 6498
f 14590 6498 6499
f 12229 12228 12231
f 6865 9478 9467
f 6865 9475 9478
f 6865 9465 9475
f 6865 6869 9465
f 6872 6870 6871
f 13373 13375 13374
f 7413 7414 7412
f 7419 14573 7415
f 7915 7917 9706
f 7915 7919 7917
f 7915 9706 7914
f 7953 7961 7954
f 8110 11780 8112
f 8500 8506 8507
f 8500 8505 8506
f 8664 13135 8665
f 14305 8791 8786
f 14305 14311 8791
f 14305 8786 10323
f 8786 8791 14311
f 8812 8807 13539
f 8812 8815 8807
f 8812 14594 8815
f 8812 8809 8813
f 8812 13539 8809
f 8814 14594 8821
f 8824 8823 8827
f 8824 8821 8823
f 14597 8973 8990
f 14597 8993 8973
f 9705 9141 14778
f 14520 9392 9393
f 14520 12580 9392
f 14520 12585 12580
f 14520 9393 14518
f 9582 9576 9579
f 9582 9574 9576
f 14049 11165 14053
f 14049 9593 11165
f 14049 9590 9593
f 14049 9586 9590
f 9617 9640 9637
f 9617 9618 9640
f 10033 9657 9658
f 12607 9660 12609
f 9757 9762 9781
f 14600 9764 9758
f 14600 9760 9759
f 14600 9758 9760
f 9858 9772 9770
f 9858 9859 9772
f 9858 9781 14601
f 9839 9845 9853
f 9956 9953 5440
f 10064 10059 10062
f 10064 10035 10059
f 10084 10085 10083
f 10323 10442 10321
f 10487 10475 10490
f 10487 10473 10475
f 10479 10490 10491
f 10479 10474 10490
f 10479 10480 10474
f 10479 10492 10480
f 10610 10599 10613
f 14603 10653 10649
f 14603 10649 10650
f 14604 12689 10650
f 10658 10665 10663
f 10658 10660 10665
f 10658 14603 10660
f 10658 10653 14603
f 10820 10833 10825
f 10820 10824 10821
f 10820 10825 10824
f 14605 10844 10847
f 11557 11558 10921
f 10924 10923 10912
f 10924 10921 10923
f 10932 10929 10935
f 10934 13854 10938
f 14054 11162 14051
f 11163 11165 11166
f 11164 11168 11161
f 11173 3217 11174
f 11173 11172 3217
f 11173 11171 11172
f 11350 11347 11344
f 14608 12212 11340
f 14608 11348 12212
f 11496 11494 11487
f 11496 11687 11494
f 11496 11487 11683
f 11498 11502 11500
f 11544 11550 11548
f 11544 11549 11550
f 11552 11557 11555
f 11553 11559 11558
f 11553 11556 11559
f 11610 13867 13868
f 11610 11614 13867
f 11610 11607 11614
f 11828 11827 9576
f 14610 11878 9393
f 14610 14512 11878
f 11889 10688 11890
f 12230 12224 12223
f 12294 12282 12281
f 12294 12288 12286
f 12294 12287 12288
f 12289 12290 12287
f 12314 12313 12304
f 12314 12316 12313
f 12314 12304 12317
f 12319 12318 12314
f 14879 12315 14880
f 14879 14880 12315
f 12653 12652 12649
f 12653 12660 12652
f 12653 12659 12660
f 13454 12875 12876
f 13454 12878 13468
f 13454 12876 12878
f 14616 13047 13046
f 13183 13172 13175
f 13183 13175 4826
f 13297 13302 13289
f 13297 13289 13298
f 13372 13380 13371
f 13376 13379 13377
f 13422 13423 13424
f 13422 13424 13423
f 13447 13441 13458
f 13447 13443 13460
f 13447 12984 13443
f 13447 13458 12984
f 13506 11080 12563
f 13506 13494 11080
f 13506 13504 13494
f 13620 13603 13625
f 14619 10434 13762
f 14619 758 10434
f 14620 13866 13865
f 14620 13865 13866
f 13872 14621 11608
f 13872 13876 14621
f 13879 13873 6189
f 14024 14023 14020
f 14109 14112 14117
f 14218 14223 14219
f 14261 11268 14244
f 14261 14278 14279
f 14261 14257 14278
f 14261 14244 14257
f 14263 14268 14269
f 14263 14284 14268
f 14263 14279 14284
f 14624 14260 14281
f 14625 14295 14294
f 14625 14300 14295
f 14625 14301 14300
f 14427 14428 14430
f 14427 10919 14428
f 14447 14436 14437
f 14447 14454 14436
f 14626 14465 14451
f 14626 14472 14465
f 14464 14463 14459
f 14550 14552 14551
f 14550 14551 14552
f 14558 14557 14556
f 14558 14556 14557
